solid OpenSCAD_Model
  facet normal -0.989233 -0.146347 0
    outer loop
      vertex -13.9053 -14.8922 1.40671
      vertex -13.9211 -14.7854 2.5
      vertex -13.9211 -14.7854 1.40743
    endloop
  endfacet
  facet normal -0.989233 -0.146347 0
    outer loop
      vertex -13.9211 -14.7854 2.5
      vertex -13.9053 -14.8922 1.40671
      vertex -13.9053 -14.8922 2.5
    endloop
  endfacet
  facet normal -0.998794 -0.0491058 0
    outer loop
      vertex -13.9 -15 1.40648
      vertex -13.9053 -14.8922 2.5
      vertex -13.9053 -14.8922 1.40671
    endloop
  endfacet
  facet normal -0.998794 -0.0491058 0
    outer loop
      vertex -13.9053 -14.8922 2.5
      vertex -13.9 -15 1.40648
      vertex -13.9 -15 2.5
    endloop
  endfacet
  facet normal -0.969869 -0.243625 -0
    outer loop
      vertex -13.9211 -14.7854 2.5
      vertex -13.9474 -14.6807 1.4086
      vertex -13.9211 -14.7854 1.40743
    endloop
  endfacet
  facet normal -0.969869 -0.243625 0
    outer loop
      vertex -13.9474 -14.6807 1.4086
      vertex -13.9211 -14.7854 2.5
      vertex -13.9474 -14.6807 2.5
    endloop
  endfacet
  facet normal 0.428206 -0.903681 0
    outer loop
      vertex -15.5185 -14.0299 1.41231
      vertex -15.421 -13.9837 2.5
      vertex -15.5185 -14.0299 2.5
    endloop
  endfacet
  facet normal 0.428206 -0.903681 0
    outer loop
      vertex -15.421 -13.9837 2.5
      vertex -15.5185 -14.0299 1.41231
      vertex -15.421 -13.9837 1.41024
    endloop
  endfacet
  facet normal -0.33616 -0.941805 1.47745e-05
    outer loop
      vertex -14.6334 -13.9643 1.40937
      vertex -14.579 -13.9837 2.5
      vertex -14.6807 -13.9474 2.5
    endloop
  endfacet
  facet normal -0.32652 -0.94519 -0
    outer loop
      vertex -14.579 -13.9837 2.5
      vertex -14.5845 -13.9818 1.41001
      vertex -14.579 -13.9837 1.41005
    endloop
  endfacet
  facet normal -0.336947 -0.941524 5.90031e-05
    outer loop
      vertex -14.579 -13.9837 2.5
      vertex -14.6334 -13.9643 1.40937
      vertex -14.5845 -13.9818 1.41001
    endloop
  endfacet
  facet normal -0.336463 -0.941697 0
    outer loop
      vertex -14.6334 -13.9643 1.40937
      vertex -14.6807 -13.9474 2.5
      vertex -14.6807 -13.9474 1.4086
    endloop
  endfacet
  facet normal -0.146347 -0.989233 0
    outer loop
      vertex -14.8922 -13.9053 2.5
      vertex -14.7854 -13.9211 1.40743
      vertex -14.7854 -13.9211 2.5
    endloop
  endfacet
  facet normal -0.146347 -0.989233 0
    outer loop
      vertex -14.7854 -13.9211 1.40743
      vertex -14.8922 -13.9053 2.5
      vertex -14.8922 -13.9053 1.40671
    endloop
  endfacet
  facet normal -0.998794 0.0491058 0
    outer loop
      vertex -13.9053 -15.1078 1.40671
      vertex -13.9 -15 2.5
      vertex -13.9 -15 1.40648
    endloop
  endfacet
  facet normal -0.998794 0.0491058 0
    outer loop
      vertex -13.9 -15 2.5
      vertex -13.9053 -15.1078 1.40671
      vertex -13.9053 -15.1078 2.5
    endloop
  endfacet
  facet normal 0.33616 -0.941805 0
    outer loop
      vertex -15.421 -13.9837 1.41024
      vertex -15.3193 -13.9474 2.5
      vertex -15.421 -13.9837 2.5
    endloop
  endfacet
  facet normal 0.33616 -0.941805 0
    outer loop
      vertex -15.3193 -13.9474 2.5
      vertex -15.421 -13.9837 1.41024
      vertex -15.3193 -13.9474 1.4086
    endloop
  endfacet
  facet normal -0.243625 0.969869 0
    outer loop
      vertex -14.6807 -16.0526 2.5
      vertex -14.7854 -16.0789 1.44625
      vertex -14.7854 -16.0789 2.5
    endloop
  endfacet
  facet normal -0.243625 0.969869 0
    outer loop
      vertex -14.7854 -16.0789 1.44625
      vertex -14.6807 -16.0526 2.5
      vertex -14.6807 -16.0526 1.44155
    endloop
  endfacet
  facet normal -0.803212 0.595693 0
    outer loop
      vertex -14.1497 -15.6978 1.41769
      vertex -14.0854 -15.6111 2.5
      vertex -14.0854 -15.6111 1.4148
    endloop
  endfacet
  facet normal -0.803212 0.595693 0
    outer loop
      vertex -14.0854 -15.6111 2.5
      vertex -14.1497 -15.6978 1.41769
      vertex -14.1497 -15.6978 2.5
    endloop
  endfacet
  facet normal 0.514087 -0.857738 0
    outer loop
      vertex -15.6111 -14.0854 1.4148
      vertex -15.5185 -14.0299 2.5
      vertex -15.6111 -14.0854 2.5
    endloop
  endfacet
  facet normal 0.514087 -0.857738 0
    outer loop
      vertex -15.5185 -14.0299 2.5
      vertex -15.6111 -14.0854 1.4148
      vertex -15.5185 -14.0299 1.41231
    endloop
  endfacet
  facet normal 0.989238 0.146314 0
    outer loop
      vertex -16.0947 -15.1078 2.5
      vertex -16.0834 -15.1842 1.46417
      vertex -16.0947 -15.1078 1.46074
    endloop
  endfacet
  facet normal 0.989233 0.146347 -2.50378e-06
    outer loop
      vertex -16.0789 -15.2146 2.5
      vertex -16.0834 -15.1842 1.46417
      vertex -16.0947 -15.1078 2.5
    endloop
  endfacet
  facet normal 0.989221 0.146431 0
    outer loop
      vertex -16.0834 -15.1842 1.46417
      vertex -16.0789 -15.2146 2.5
      vertex -16.0789 -15.2146 1.46545
    endloop
  endfacet
  facet normal 0.740987 -0.671519 0
    outer loop
      vertex -15.8503 -14.3022 1.42454
      vertex -15.7778 -14.2222 2.5
      vertex -15.8503 -14.3022 2.5
    endloop
  endfacet
  facet normal 0.740987 -0.671519 0
    outer loop
      vertex -15.7778 -14.2222 2.5
      vertex -15.8503 -14.3022 1.42454
      vertex -15.7778 -14.2222 1.42095
    endloop
  endfacet
  facet normal 0.969869 -0.243625 0
    outer loop
      vertex -16.0789 -14.7854 1.44625
      vertex -16.0526 -14.6807 2.5
      vertex -16.0789 -14.7854 2.5
    endloop
  endfacet
  facet normal 0.969869 -0.243625 0
    outer loop
      vertex -16.0526 -14.6807 2.5
      vertex -16.0789 -14.7854 1.44625
      vertex -16.0526 -14.6807 1.44155
    endloop
  endfacet
  facet normal -0.428206 0.903681 0
    outer loop
      vertex -14.4815 -15.9701 2.5
      vertex -14.579 -16.0163 1.43698
      vertex -14.579 -16.0163 2.5
    endloop
  endfacet
  facet normal -0.428206 0.903681 0
    outer loop
      vertex -14.579 -16.0163 1.43698
      vertex -14.4815 -15.9701 2.5
      vertex -14.4815 -15.9701 1.4326
    endloop
  endfacet
  facet normal 0.595693 0.803212 -4.70989e-06
    outer loop
      vertex -15.6343 -15.8974 1.47717
      vertex -15.6978 -15.8503 2.5
      vertex -15.6111 -15.9146 2.5
    endloop
  endfacet
  facet normal 0.595742 0.803176 0
    outer loop
      vertex -15.6978 -15.8503 2.5
      vertex -15.6343 -15.8974 1.47717
      vertex -15.6978 -15.8503 1.47787
    endloop
  endfacet
  facet normal 0.595559 0.803312 0
    outer loop
      vertex -15.6343 -15.8974 1.47717
      vertex -15.6111 -15.9146 2.5
      vertex -15.6111 -15.9146 1.47682
    endloop
  endfacet
  facet normal -0.146347 0.989233 0
    outer loop
      vertex -14.7854 -16.0789 2.5
      vertex -14.8922 -16.0947 1.45105
      vertex -14.8922 -16.0947 2.5
    endloop
  endfacet
  facet normal -0.146347 0.989233 0
    outer loop
      vertex -14.8922 -16.0947 1.45105
      vertex -14.7854 -16.0789 2.5
      vertex -14.7854 -16.0789 1.44625
    endloop
  endfacet
  facet normal 0.146347 -0.989233 0
    outer loop
      vertex -15.2146 -13.9211 1.40743
      vertex -15.1078 -13.9053 2.5
      vertex -15.2146 -13.9211 2.5
    endloop
  endfacet
  facet normal 0.146347 -0.989233 0
    outer loop
      vertex -15.1078 -13.9053 2.5
      vertex -15.2146 -13.9211 1.40743
      vertex -15.1078 -13.9053 1.40671
    endloop
  endfacet
  facet normal 0.989233 -0.146347 0
    outer loop
      vertex -16.0947 -14.8922 1.45105
      vertex -16.0789 -14.7854 2.5
      vertex -16.0947 -14.8922 2.5
    endloop
  endfacet
  facet normal 0.989233 -0.146347 0
    outer loop
      vertex -16.0789 -14.7854 2.5
      vertex -16.0947 -14.8922 1.45105
      vertex -16.0789 -14.7854 1.44625
    endloop
  endfacet
  facet normal 0.803312 0.595559 0
    outer loop
      vertex -15.9146 -15.6111 2.5
      vertex -15.8974 -15.6343 1.47717
      vertex -15.9146 -15.6111 1.47682
    endloop
  endfacet
  facet normal 0.803212 0.595693 -4.70989e-06
    outer loop
      vertex -15.8503 -15.6978 2.5
      vertex -15.8974 -15.6343 1.47717
      vertex -15.9146 -15.6111 2.5
    endloop
  endfacet
  facet normal 0.803176 0.595742 0
    outer loop
      vertex -15.8974 -15.6343 1.47717
      vertex -15.8503 -15.6978 2.5
      vertex -15.8503 -15.6978 1.47787
    endloop
  endfacet
  facet normal -0.903681 0.428206 0
    outer loop
      vertex -14.0299 -15.5185 1.41231
      vertex -13.9837 -15.421 2.5
      vertex -13.9837 -15.421 1.41024
    endloop
  endfacet
  facet normal -0.903681 0.428206 0
    outer loop
      vertex -13.9837 -15.421 2.5
      vertex -14.0299 -15.5185 1.41231
      vertex -14.0299 -15.5185 2.5
    endloop
  endfacet
  facet normal -0.671519 -0.740987 -2.12829e-05
    outer loop
      vertex -14.2716 -14.1774 1.412
      vertex -14.2222 -14.2222 2.5
      vertex -14.3022 -14.1497 2.5
    endloop
  endfacet
  facet normal -0.671777 -0.740754 -0
    outer loop
      vertex -14.2222 -14.2222 2.5
      vertex -14.2716 -14.1774 1.412
      vertex -14.2222 -14.2222 1.412
    endloop
  endfacet
  facet normal -0.671104 -0.741364 0
    outer loop
      vertex -14.2716 -14.1774 1.412
      vertex -14.3022 -14.1497 2.5
      vertex -14.3022 -14.1497 1.41188
    endloop
  endfacet
  facet normal 0.243625 -0.969869 0
    outer loop
      vertex -15.3193 -13.9474 1.4086
      vertex -15.2146 -13.9211 2.5
      vertex -15.3193 -13.9474 2.5
    endloop
  endfacet
  facet normal 0.243625 -0.969869 0
    outer loop
      vertex -15.2146 -13.9211 2.5
      vertex -15.3193 -13.9474 1.4086
      vertex -15.2146 -13.9211 1.40743
    endloop
  endfacet
  facet normal -0.428206 -0.903681 1.14857e-05
    outer loop
      vertex -14.5345 -14.0048 1.4106
      vertex -14.4815 -14.0299 2.5
      vertex -14.579 -13.9837 2.5
    endloop
  endfacet
  facet normal -0.428013 -0.903773 -0
    outer loop
      vertex -14.4815 -14.0299 2.5
      vertex -14.5345 -14.0048 1.4106
      vertex -14.4815 -14.0299 1.41101
    endloop
  endfacet
  facet normal -0.428435 -0.903572 0
    outer loop
      vertex -14.5345 -14.0048 1.4106
      vertex -14.579 -13.9837 2.5
      vertex -14.579 -13.9837 1.41005
    endloop
  endfacet
  facet normal -0.0491058 0.998794 0
    outer loop
      vertex -14.8922 -16.0947 2.5
      vertex -15 -16.1 1.45589
      vertex -15 -16.1 2.5
    endloop
  endfacet
  facet normal -0.0491058 0.998794 0
    outer loop
      vertex -15 -16.1 1.45589
      vertex -14.8922 -16.0947 2.5
      vertex -14.8922 -16.0947 1.45105
    endloop
  endfacet
  facet normal -0.803345 -0.595514 0
    outer loop
      vertex -14.1348 -14.3223 1.41188
      vertex -14.1497 -14.3022 2.5
      vertex -14.1497 -14.3022 1.41188
    endloop
  endfacet
  facet normal -0.803122 -0.595815 8.60921e-06
    outer loop
      vertex -14.096 -14.3746 1.41168
      vertex -14.1497 -14.3022 2.5
      vertex -14.1348 -14.3223 1.41188
    endloop
  endfacet
  facet normal -0.803358 -0.595496 -0
    outer loop
      vertex -14.0854 -14.3889 2.5
      vertex -14.096 -14.3746 1.41168
      vertex -14.0854 -14.3889 1.41157
    endloop
  endfacet
  facet normal -0.803212 -0.595693 -4.00085e-06
    outer loop
      vertex -14.096 -14.3746 1.41168
      vertex -14.0854 -14.3889 2.5
      vertex -14.1497 -14.3022 2.5
    endloop
  endfacet
  facet normal 0.903833 0.427886 0
    outer loop
      vertex -16.0163 -15.421 2.5
      vertex -15.9887 -15.4793 1.4742
      vertex -16.0163 -15.421 1.47266
    endloop
  endfacet
  facet normal 0.903681 0.428206 -2.22271e-05
    outer loop
      vertex -15.9701 -15.5185 2.5
      vertex -15.9887 -15.4793 1.4742
      vertex -16.0163 -15.421 2.5
    endloop
  endfacet
  facet normal 0.903456 0.428681 0
    outer loop
      vertex -15.9887 -15.4793 1.4742
      vertex -15.9701 -15.5185 2.5
      vertex -15.9701 -15.5185 1.47509
    endloop
  endfacet
  facet normal 0.741874 0.67054 0
    outer loop
      vertex -15.8503 -15.6978 2.5
      vertex -15.8409 -15.7082 1.47795
      vertex -15.8503 -15.6978 1.47787
    endloop
  endfacet
  facet normal 0.740987 0.671519 -1.8125e-05
    outer loop
      vertex -15.7778 -15.7778 2.5
      vertex -15.8409 -15.7082 1.47795
      vertex -15.8503 -15.6978 2.5
    endloop
  endfacet
  facet normal 0.740855 0.671666 0
    outer loop
      vertex -15.8409 -15.7082 1.47795
      vertex -15.7778 -15.7778 2.5
      vertex -15.7778 -15.7778 1.47823
    endloop
  endfacet
  facet normal 0.33616 0.941805 5.51383e-05
    outer loop
      vertex -15.4015 -16.0232 1.47213
      vertex -15.421 -16.0163 2.5
      vertex -15.3193 -16.0526 2.5
    endloop
  endfacet
  facet normal 0.333579 0.942722 0
    outer loop
      vertex -15.421 -16.0163 2.5
      vertex -15.4015 -16.0232 1.47213
      vertex -15.421 -16.0163 1.47266
    endloop
  endfacet
  facet normal 0.337356 0.941377 -5.27177e-05
    outer loop
      vertex -15.3193 -16.0526 2.5
      vertex -15.3256 -16.0504 1.46972
      vertex -15.4015 -16.0232 1.47213
    endloop
  endfacet
  facet normal 0.329683 0.944092 0
    outer loop
      vertex -15.3256 -16.0504 1.46972
      vertex -15.3193 -16.0526 2.5
      vertex -15.3193 -16.0526 1.4695
    endloop
  endfacet
  facet normal 0.0491058 0.998794 0
    outer loop
      vertex -15 -16.1 2.5
      vertex -15.1078 -16.0947 1.46074
      vertex -15.1078 -16.0947 2.5
    endloop
  endfacet
  facet normal 0.0491058 0.998794 0
    outer loop
      vertex -15.1078 -16.0947 1.46074
      vertex -15 -16.1 2.5
      vertex -15 -16.1 1.45589
    endloop
  endfacet
  facet normal 0.998794 -0.0491058 0
    outer loop
      vertex -16.1 -15 1.45589
      vertex -16.0947 -14.8922 2.5
      vertex -16.1 -15 2.5
    endloop
  endfacet
  facet normal 0.998794 -0.0491058 0
    outer loop
      vertex -16.0947 -14.8922 2.5
      vertex -16.1 -15 1.45589
      vertex -16.0947 -14.8922 1.45105
    endloop
  endfacet
  facet normal -0.33616 0.941805 0
    outer loop
      vertex -14.579 -16.0163 2.5
      vertex -14.6807 -16.0526 1.44155
      vertex -14.6807 -16.0526 2.5
    endloop
  endfacet
  facet normal -0.33616 0.941805 0
    outer loop
      vertex -14.6807 -16.0526 1.44155
      vertex -14.579 -16.0163 2.5
      vertex -14.579 -16.0163 1.43698
    endloop
  endfacet
  facet normal -0.969869 0.243625 0
    outer loop
      vertex -13.9474 -15.3193 1.4086
      vertex -13.9211 -15.2146 2.5
      vertex -13.9211 -15.2146 1.40743
    endloop
  endfacet
  facet normal -0.969869 0.243625 0
    outer loop
      vertex -13.9211 -15.2146 2.5
      vertex -13.9474 -15.3193 1.4086
      vertex -13.9474 -15.3193 2.5
    endloop
  endfacet
  facet normal -0.941805 0.33616 0
    outer loop
      vertex -13.9837 -15.421 1.41024
      vertex -13.9474 -15.3193 2.5
      vertex -13.9474 -15.3193 1.4086
    endloop
  endfacet
  facet normal -0.941805 0.33616 0
    outer loop
      vertex -13.9474 -15.3193 2.5
      vertex -13.9837 -15.421 1.41024
      vertex -13.9837 -15.421 2.5
    endloop
  endfacet
  facet normal -0.740987 0.671519 0
    outer loop
      vertex -14.2222 -15.7778 1.42095
      vertex -14.1497 -15.6978 2.5
      vertex -14.1497 -15.6978 1.41769
    endloop
  endfacet
  facet normal -0.740987 0.671519 0
    outer loop
      vertex -14.1497 -15.6978 2.5
      vertex -14.2222 -15.7778 1.42095
      vertex -14.2222 -15.7778 2.5
    endloop
  endfacet
  facet normal -0.514087 -0.857738 -2.01666e-05
    outer loop
      vertex -14.4284 -14.0617 1.41142
      vertex -14.3889 -14.0854 2.5
      vertex -14.4815 -14.0299 2.5
    endloop
  endfacet
  facet normal -0.514496 -0.857493 -0
    outer loop
      vertex -14.3889 -14.0854 2.5
      vertex -14.4284 -14.0617 1.41142
      vertex -14.3889 -14.0854 1.41157
    endloop
  endfacet
  facet normal -0.514495 -0.857493 -4.72455e-05
    outer loop
      vertex -14.4815 -14.0299 2.5
      vertex -14.4809 -14.0302 1.41102
      vertex -14.4284 -14.0617 1.41142
    endloop
  endfacet
  facet normal -0.447214 -0.894427 0
    outer loop
      vertex -14.4809 -14.0302 1.41102
      vertex -14.4815 -14.0299 2.5
      vertex -14.4815 -14.0299 1.41101
    endloop
  endfacet
  facet normal -0.243625 -0.969869 0
    outer loop
      vertex -14.7854 -13.9211 2.5
      vertex -14.6807 -13.9474 1.4086
      vertex -14.6807 -13.9474 2.5
    endloop
  endfacet
  facet normal -0.243625 -0.969869 0
    outer loop
      vertex -14.6807 -13.9474 1.4086
      vertex -14.7854 -13.9211 2.5
      vertex -14.7854 -13.9211 1.40743
    endloop
  endfacet
  facet normal -0.94519 -0.32652 0
    outer loop
      vertex -13.9818 -14.5845 1.41001
      vertex -13.9837 -14.579 2.5
      vertex -13.9837 -14.579 1.41005
    endloop
  endfacet
  facet normal -0.941524 -0.336947 5.90031e-05
    outer loop
      vertex -13.9643 -14.6334 1.40937
      vertex -13.9837 -14.579 2.5
      vertex -13.9818 -14.5845 1.41001
    endloop
  endfacet
  facet normal -0.941697 -0.336463 -0
    outer loop
      vertex -13.9474 -14.6807 2.5
      vertex -13.9643 -14.6334 1.40937
      vertex -13.9474 -14.6807 1.4086
    endloop
  endfacet
  facet normal -0.941805 -0.33616 1.47745e-05
    outer loop
      vertex -13.9643 -14.6334 1.40937
      vertex -13.9474 -14.6807 2.5
      vertex -13.9837 -14.579 2.5
    endloop
  endfacet
  facet normal -0.595693 -0.803212 5.10841e-06
    outer loop
      vertex -14.3889 -14.0854 2.5
      vertex -14.3223 -14.1348 1.41188
      vertex -14.3022 -14.1497 2.5
    endloop
  endfacet
  facet normal -0.595815 -0.803122 -6.49022e-06
    outer loop
      vertex -14.3889 -14.0854 2.5
      vertex -14.3746 -14.096 1.41168
      vertex -14.3223 -14.1348 1.41188
    endloop
  endfacet
  facet normal -0.595496 -0.803358 0
    outer loop
      vertex -14.3746 -14.096 1.41168
      vertex -14.3889 -14.0854 2.5
      vertex -14.3889 -14.0854 1.41157
    endloop
  endfacet
  facet normal -0.595514 -0.803345 -0
    outer loop
      vertex -14.3022 -14.1497 2.5
      vertex -14.3223 -14.1348 1.41188
      vertex -14.3022 -14.1497 1.41188
    endloop
  endfacet
  facet normal 0.969837 0.243756 0
    outer loop
      vertex -16.0789 -15.2146 2.5
      vertex -16.0695 -15.252 1.46702
      vertex -16.0789 -15.2146 1.46545
    endloop
  endfacet
  facet normal 0.969869 0.243625 5.02184e-06
    outer loop
      vertex -16.0526 -15.3193 2.5
      vertex -16.0695 -15.252 1.46702
      vertex -16.0789 -15.2146 2.5
    endloop
  endfacet
  facet normal 0.969888 0.243553 0
    outer loop
      vertex -16.0695 -15.252 1.46702
      vertex -16.0526 -15.3193 2.5
      vertex -16.0526 -15.3193 1.4695
    endloop
  endfacet
  facet normal -0.903773 -0.428013 0
    outer loop
      vertex -14.0048 -14.5345 1.4106
      vertex -14.0299 -14.4815 2.5
      vertex -14.0299 -14.4815 1.41101
    endloop
  endfacet
  facet normal -0.903572 -0.428435 -0
    outer loop
      vertex -13.9837 -14.579 2.5
      vertex -14.0048 -14.5345 1.4106
      vertex -13.9837 -14.579 1.41005
    endloop
  endfacet
  facet normal -0.903681 -0.428206 1.14857e-05
    outer loop
      vertex -14.0048 -14.5345 1.4106
      vertex -13.9837 -14.579 2.5
      vertex -14.0299 -14.4815 2.5
    endloop
  endfacet
  facet normal -0.0491058 -0.998794 0
    outer loop
      vertex -15 -13.9 2.5
      vertex -14.8922 -13.9053 1.40671
      vertex -14.8922 -13.9053 2.5
    endloop
  endfacet
  facet normal -0.0491058 -0.998794 0
    outer loop
      vertex -14.8922 -13.9053 1.40671
      vertex -15 -13.9 2.5
      vertex -15 -13.9 1.40648
    endloop
  endfacet
  facet normal -0.989233 0.146347 0
    outer loop
      vertex -13.9211 -15.2146 1.40743
      vertex -13.9053 -15.1078 2.5
      vertex -13.9053 -15.1078 1.40671
    endloop
  endfacet
  facet normal -0.989233 0.146347 0
    outer loop
      vertex -13.9053 -15.1078 2.5
      vertex -13.9211 -15.2146 1.40743
      vertex -13.9211 -15.2146 2.5
    endloop
  endfacet
  facet normal -0.857493 -0.514496 0
    outer loop
      vertex -14.0617 -14.4284 1.41142
      vertex -14.0854 -14.3889 2.5
      vertex -14.0854 -14.3889 1.41157
    endloop
  endfacet
  facet normal -0.857493 -0.514495 -4.72455e-05
    outer loop
      vertex -14.0299 -14.4815 2.5
      vertex -14.0617 -14.4284 1.41142
      vertex -14.0302 -14.4809 1.41102
    endloop
  endfacet
  facet normal -0.894427 -0.447214 -0
    outer loop
      vertex -14.0299 -14.4815 2.5
      vertex -14.0302 -14.4809 1.41102
      vertex -14.0299 -14.4815 1.41101
    endloop
  endfacet
  facet normal -0.857738 -0.514087 -2.01666e-05
    outer loop
      vertex -14.0617 -14.4284 1.41142
      vertex -14.0299 -14.4815 2.5
      vertex -14.0854 -14.3889 2.5
    endloop
  endfacet
  facet normal 0.671519 0.740987 0
    outer loop
      vertex -15.6978 -15.8503 2.5
      vertex -15.7778 -15.7778 1.47823
      vertex -15.7778 -15.7778 2.5
    endloop
  endfacet
  facet normal 0.671665 0.740855 -2.08288e-05
    outer loop
      vertex -15.6978 -15.8503 2.5
      vertex -15.7082 -15.8409 1.47795
      vertex -15.7778 -15.7778 1.47823
    endloop
  endfacet
  facet normal 0.67054 0.741874 0
    outer loop
      vertex -15.7082 -15.8409 1.47795
      vertex -15.6978 -15.8503 2.5
      vertex -15.6978 -15.8503 1.47787
    endloop
  endfacet
  facet normal 0.671519 -0.740987 0
    outer loop
      vertex -15.7778 -14.2222 1.42095
      vertex -15.6978 -14.1497 2.5
      vertex -15.7778 -14.2222 2.5
    endloop
  endfacet
  facet normal 0.671519 -0.740987 0
    outer loop
      vertex -15.6978 -14.1497 2.5
      vertex -15.7778 -14.2222 1.42095
      vertex -15.6978 -14.1497 1.41769
    endloop
  endfacet
  facet normal 0.857882 0.513847 0
    outer loop
      vertex -15.9701 -15.5185 2.5
      vertex -15.9468 -15.5574 1.4759
      vertex -15.9701 -15.5185 1.47509
    endloop
  endfacet
  facet normal 0.857738 0.514087 -1.23914e-05
    outer loop
      vertex -15.9146 -15.6111 2.5
      vertex -15.9468 -15.5574 1.4759
      vertex -15.9701 -15.5185 2.5
    endloop
  endfacet
  facet normal 0.857634 0.514261 0
    outer loop
      vertex -15.9468 -15.5574 1.4759
      vertex -15.9146 -15.6111 2.5
      vertex -15.9146 -15.6111 1.47682
    endloop
  endfacet
  facet normal -0.671519 0.740987 0
    outer loop
      vertex -14.2222 -15.7778 2.5
      vertex -14.3022 -15.8503 1.42454
      vertex -14.3022 -15.8503 2.5
    endloop
  endfacet
  facet normal -0.671519 0.740987 0
    outer loop
      vertex -14.3022 -15.8503 1.42454
      vertex -14.2222 -15.7778 2.5
      vertex -14.2222 -15.7778 1.42095
    endloop
  endfacet
  facet normal -0.595693 0.803212 0
    outer loop
      vertex -14.3022 -15.8503 2.5
      vertex -14.3889 -15.9146 1.42844
      vertex -14.3889 -15.9146 2.5
    endloop
  endfacet
  facet normal -0.595693 0.803212 0
    outer loop
      vertex -14.3889 -15.9146 1.42844
      vertex -14.3022 -15.8503 2.5
      vertex -14.3022 -15.8503 1.42454
    endloop
  endfacet
  facet normal 0.857738 -0.514087 0
    outer loop
      vertex -15.9701 -14.4815 1.4326
      vertex -15.9146 -14.3889 2.5
      vertex -15.9701 -14.4815 2.5
    endloop
  endfacet
  facet normal 0.857738 -0.514087 0
    outer loop
      vertex -15.9146 -14.3889 2.5
      vertex -15.9701 -14.4815 1.4326
      vertex -15.9146 -14.3889 1.42844
    endloop
  endfacet
  facet normal 0.146347 0.989233 -2.50378e-06
    outer loop
      vertex -15.1842 -16.0834 1.46417
      vertex -15.2146 -16.0789 2.5
      vertex -15.1078 -16.0947 2.5
    endloop
  endfacet
  facet normal 0.146431 0.989221 0
    outer loop
      vertex -15.2146 -16.0789 2.5
      vertex -15.1842 -16.0834 1.46417
      vertex -15.2146 -16.0789 1.46545
    endloop
  endfacet
  facet normal 0.146314 0.989238 0
    outer loop
      vertex -15.1842 -16.0834 1.46417
      vertex -15.1078 -16.0947 2.5
      vertex -15.1078 -16.0947 1.46074
    endloop
  endfacet
  facet normal 0.944092 0.329683 0
    outer loop
      vertex -16.0526 -15.3193 2.5
      vertex -16.0504 -15.3256 1.46972
      vertex -16.0526 -15.3193 1.4695
    endloop
  endfacet
  facet normal 0.941377 0.337356 -5.27177e-05
    outer loop
      vertex -16.0526 -15.3193 2.5
      vertex -16.0232 -15.4015 1.47213
      vertex -16.0504 -15.3256 1.46972
    endloop
  endfacet
  facet normal 0.941805 0.33616 5.51383e-05
    outer loop
      vertex -16.0163 -15.421 2.5
      vertex -16.0232 -15.4015 1.47213
      vertex -16.0526 -15.3193 2.5
    endloop
  endfacet
  facet normal 0.942722 0.333579 0
    outer loop
      vertex -16.0232 -15.4015 1.47213
      vertex -16.0163 -15.421 2.5
      vertex -16.0163 -15.421 1.47266
    endloop
  endfacet
  facet normal -0.857738 0.514087 0
    outer loop
      vertex -14.0854 -15.6111 1.4148
      vertex -14.0299 -15.5185 2.5
      vertex -14.0299 -15.5185 1.41231
    endloop
  endfacet
  facet normal -0.857738 0.514087 0
    outer loop
      vertex -14.0299 -15.5185 2.5
      vertex -14.0854 -15.6111 1.4148
      vertex -14.0854 -15.6111 2.5
    endloop
  endfacet
  facet normal -0.740754 -0.671777 0
    outer loop
      vertex -14.1774 -14.2716 1.412
      vertex -14.2222 -14.2222 2.5
      vertex -14.2222 -14.2222 1.412
    endloop
  endfacet
  facet normal -0.741364 -0.671104 -0
    outer loop
      vertex -14.1497 -14.3022 2.5
      vertex -14.1774 -14.2716 1.412
      vertex -14.1497 -14.3022 1.41188
    endloop
  endfacet
  facet normal -0.740987 -0.671519 -2.12829e-05
    outer loop
      vertex -14.1774 -14.2716 1.412
      vertex -14.1497 -14.3022 2.5
      vertex -14.2222 -14.2222 2.5
    endloop
  endfacet
  facet normal 0.903681 -0.428206 0
    outer loop
      vertex -16.0163 -14.579 1.43698
      vertex -15.9701 -14.4815 2.5
      vertex -16.0163 -14.579 2.5
    endloop
  endfacet
  facet normal 0.903681 -0.428206 0
    outer loop
      vertex -15.9701 -14.4815 2.5
      vertex -16.0163 -14.579 1.43698
      vertex -15.9701 -14.4815 1.4326
    endloop
  endfacet
  facet normal 0.0491058 -0.998794 0
    outer loop
      vertex -15.1078 -13.9053 1.40671
      vertex -15 -13.9 2.5
      vertex -15.1078 -13.9053 2.5
    endloop
  endfacet
  facet normal 0.0491058 -0.998794 0
    outer loop
      vertex -15 -13.9 2.5
      vertex -15.1078 -13.9053 1.40671
      vertex -15 -13.9 1.40648
    endloop
  endfacet
  facet normal 0.998794 0.0491058 -0
    outer loop
      vertex -16.0947 -15.1078 1.46074
      vertex -16.1 -15 2.5
      vertex -16.0947 -15.1078 2.5
    endloop
  endfacet
  facet normal 0.998794 0.0491058 0
    outer loop
      vertex -16.1 -15 2.5
      vertex -16.0947 -15.1078 1.46074
      vertex -16.1 -15 1.45589
    endloop
  endfacet
  facet normal -0.514087 0.857738 0
    outer loop
      vertex -14.3889 -15.9146 2.5
      vertex -14.4815 -15.9701 1.4326
      vertex -14.4815 -15.9701 2.5
    endloop
  endfacet
  facet normal -0.514087 0.857738 0
    outer loop
      vertex -14.4815 -15.9701 1.4326
      vertex -14.3889 -15.9146 2.5
      vertex -14.3889 -15.9146 1.42844
    endloop
  endfacet
  facet normal 0.595693 -0.803212 0
    outer loop
      vertex -15.6978 -14.1497 1.41769
      vertex -15.6111 -14.0854 2.5
      vertex -15.6978 -14.1497 2.5
    endloop
  endfacet
  facet normal 0.595693 -0.803212 0
    outer loop
      vertex -15.6111 -14.0854 2.5
      vertex -15.6978 -14.1497 1.41769
      vertex -15.6111 -14.0854 1.4148
    endloop
  endfacet
  facet normal 0.243625 0.969869 0
    outer loop
      vertex -15.2146 -16.0789 2.5
      vertex -15.3193 -16.0526 1.4695
      vertex -15.3193 -16.0526 2.5
    endloop
  endfacet
  facet normal 0.243553 0.969888 7.80231e-06
    outer loop
      vertex -15.2146 -16.0789 2.5
      vertex -15.252 -16.0695 1.46702
      vertex -15.3193 -16.0526 1.4695
    endloop
  endfacet
  facet normal 0.243756 0.969837 0
    outer loop
      vertex -15.252 -16.0695 1.46702
      vertex -15.2146 -16.0789 2.5
      vertex -15.2146 -16.0789 1.46545
    endloop
  endfacet
  facet normal 0.514087 0.857738 -1.23914e-05
    outer loop
      vertex -15.5574 -15.9468 1.4759
      vertex -15.6111 -15.9146 2.5
      vertex -15.5185 -15.9701 2.5
    endloop
  endfacet
  facet normal 0.514261 0.857634 0
    outer loop
      vertex -15.6111 -15.9146 2.5
      vertex -15.5574 -15.9468 1.4759
      vertex -15.6111 -15.9146 1.47682
    endloop
  endfacet
  facet normal 0.513847 0.857882 0
    outer loop
      vertex -15.5574 -15.9468 1.4759
      vertex -15.5185 -15.9701 2.5
      vertex -15.5185 -15.9701 1.47509
    endloop
  endfacet
  facet normal 0.803212 -0.595693 0
    outer loop
      vertex -15.9146 -14.3889 1.42844
      vertex -15.8503 -14.3022 2.5
      vertex -15.9146 -14.3889 2.5
    endloop
  endfacet
  facet normal 0.803212 -0.595693 0
    outer loop
      vertex -15.8503 -14.3022 2.5
      vertex -15.9146 -14.3889 1.42844
      vertex -15.8503 -14.3022 1.42454
    endloop
  endfacet
  facet normal 0.428206 0.903681 -2.22271e-05
    outer loop
      vertex -15.4793 -15.9887 1.4742
      vertex -15.5185 -15.9701 2.5
      vertex -15.421 -16.0163 2.5
    endloop
  endfacet
  facet normal 0.428681 0.903456 0
    outer loop
      vertex -15.5185 -15.9701 2.5
      vertex -15.4793 -15.9887 1.4742
      vertex -15.5185 -15.9701 1.47509
    endloop
  endfacet
  facet normal 0.427886 0.903833 0
    outer loop
      vertex -15.4793 -15.9887 1.4742
      vertex -15.421 -16.0163 2.5
      vertex -15.421 -16.0163 1.47266
    endloop
  endfacet
  facet normal 0.941805 -0.33616 0
    outer loop
      vertex -16.0526 -14.6807 1.44155
      vertex -16.0163 -14.579 2.5
      vertex -16.0526 -14.6807 2.5
    endloop
  endfacet
  facet normal 0.941805 -0.33616 0
    outer loop
      vertex -16.0163 -14.579 2.5
      vertex -16.0526 -14.6807 1.44155
      vertex -16.0163 -14.579 1.43698
    endloop
  endfacet
  facet normal 0.33616 0.941805 0
    outer loop
      vertex -15.3193 13.9474 2.5
      vertex -15.421 13.9837 1.41024
      vertex -15.421 13.9837 2.5
    endloop
  endfacet
  facet normal 0.33616 0.941805 0
    outer loop
      vertex -15.421 13.9837 1.41024
      vertex -15.3193 13.9474 2.5
      vertex -15.3193 13.9474 1.4086
    endloop
  endfacet
  facet normal -0.989233 -0.146347 0
    outer loop
      vertex -13.9053 15.1078 1.40671
      vertex -13.9211 15.2146 2.5
      vertex -13.9211 15.2146 1.40743
    endloop
  endfacet
  facet normal -0.989233 -0.146347 0
    outer loop
      vertex -13.9211 15.2146 2.5
      vertex -13.9053 15.1078 1.40671
      vertex -13.9053 15.1078 2.5
    endloop
  endfacet
  facet normal -0.998794 -0.0491058 0
    outer loop
      vertex -13.9 15 1.40648
      vertex -13.9053 15.1078 2.5
      vertex -13.9053 15.1078 1.40671
    endloop
  endfacet
  facet normal -0.998794 -0.0491058 0
    outer loop
      vertex -13.9053 15.1078 2.5
      vertex -13.9 15 1.40648
      vertex -13.9 15 2.5
    endloop
  endfacet
  facet normal -0.969869 -0.243625 -0
    outer loop
      vertex -13.9211 15.2146 2.5
      vertex -13.9474 15.3193 1.4086
      vertex -13.9211 15.2146 1.40743
    endloop
  endfacet
  facet normal -0.969869 -0.243625 0
    outer loop
      vertex -13.9474 15.3193 1.4086
      vertex -13.9211 15.2146 2.5
      vertex -13.9474 15.3193 2.5
    endloop
  endfacet
  facet normal 0.989221 -0.146431 0
    outer loop
      vertex -16.0789 15.2146 2.5
      vertex -16.0834 15.1842 1.46417
      vertex -16.0789 15.2146 1.46545
    endloop
  endfacet
  facet normal 0.989233 -0.146347 -2.50378e-06
    outer loop
      vertex -16.0947 15.1078 2.5
      vertex -16.0834 15.1842 1.46417
      vertex -16.0789 15.2146 2.5
    endloop
  endfacet
  facet normal 0.989238 -0.146314 0
    outer loop
      vertex -16.0834 15.1842 1.46417
      vertex -16.0947 15.1078 2.5
      vertex -16.0947 15.1078 1.46074
    endloop
  endfacet
  facet normal 0.243625 0.969869 0
    outer loop
      vertex -15.2146 13.9211 2.5
      vertex -15.3193 13.9474 1.4086
      vertex -15.3193 13.9474 2.5
    endloop
  endfacet
  facet normal 0.243625 0.969869 0
    outer loop
      vertex -15.3193 13.9474 1.4086
      vertex -15.2146 13.9211 2.5
      vertex -15.2146 13.9211 1.40743
    endloop
  endfacet
  facet normal -0.33616 -0.941805 0
    outer loop
      vertex -14.6807 16.0526 1.44155
      vertex -14.579 16.0163 2.5
      vertex -14.6807 16.0526 2.5
    endloop
  endfacet
  facet normal -0.33616 -0.941805 -0
    outer loop
      vertex -14.579 16.0163 2.5
      vertex -14.6807 16.0526 1.44155
      vertex -14.579 16.0163 1.43698
    endloop
  endfacet
  facet normal 0.514261 -0.857634 0
    outer loop
      vertex -15.5574 15.9468 1.4759
      vertex -15.6111 15.9146 2.5
      vertex -15.6111 15.9146 1.47682
    endloop
  endfacet
  facet normal 0.514087 -0.857738 -1.23914e-05
    outer loop
      vertex -15.6111 15.9146 2.5
      vertex -15.5574 15.9468 1.4759
      vertex -15.5185 15.9701 2.5
    endloop
  endfacet
  facet normal 0.513847 -0.857882 0
    outer loop
      vertex -15.5185 15.9701 2.5
      vertex -15.5574 15.9468 1.4759
      vertex -15.5185 15.9701 1.47509
    endloop
  endfacet
  facet normal 0.903681 0.428206 0
    outer loop
      vertex -15.9701 14.4815 2.5
      vertex -16.0163 14.579 1.43698
      vertex -16.0163 14.579 2.5
    endloop
  endfacet
  facet normal 0.903681 0.428206 0
    outer loop
      vertex -16.0163 14.579 1.43698
      vertex -15.9701 14.4815 2.5
      vertex -15.9701 14.4815 1.4326
    endloop
  endfacet
  facet normal 0.243625 -0.969869 0
    outer loop
      vertex -15.3193 16.0526 1.4695
      vertex -15.2146 16.0789 2.5
      vertex -15.3193 16.0526 2.5
    endloop
  endfacet
  facet normal 0.243553 -0.969888 7.80231e-06
    outer loop
      vertex -15.252 16.0695 1.46702
      vertex -15.2146 16.0789 2.5
      vertex -15.3193 16.0526 1.4695
    endloop
  endfacet
  facet normal 0.243756 -0.969837 0
    outer loop
      vertex -15.2146 16.0789 2.5
      vertex -15.252 16.0695 1.46702
      vertex -15.2146 16.0789 1.46545
    endloop
  endfacet
  facet normal 0.857738 0.514087 0
    outer loop
      vertex -15.9146 14.3889 2.5
      vertex -15.9701 14.4815 1.4326
      vertex -15.9701 14.4815 2.5
    endloop
  endfacet
  facet normal 0.857738 0.514087 0
    outer loop
      vertex -15.9701 14.4815 1.4326
      vertex -15.9146 14.3889 2.5
      vertex -15.9146 14.3889 1.42844
    endloop
  endfacet
  facet normal -0.243625 0.969869 0
    outer loop
      vertex -14.6807 13.9474 1.4086
      vertex -14.7854 13.9211 2.5
      vertex -14.6807 13.9474 2.5
    endloop
  endfacet
  facet normal -0.243625 0.969869 0
    outer loop
      vertex -14.7854 13.9211 2.5
      vertex -14.6807 13.9474 1.4086
      vertex -14.7854 13.9211 1.40743
    endloop
  endfacet
  facet normal 0.595693 0.803212 0
    outer loop
      vertex -15.6111 14.0854 2.5
      vertex -15.6978 14.1497 1.41769
      vertex -15.6978 14.1497 2.5
    endloop
  endfacet
  facet normal 0.595693 0.803212 0
    outer loop
      vertex -15.6978 14.1497 1.41769
      vertex -15.6111 14.0854 2.5
      vertex -15.6111 14.0854 1.4148
    endloop
  endfacet
  facet normal -0.514496 0.857493 0
    outer loop
      vertex -14.4284 14.0617 1.41142
      vertex -14.3889 14.0854 2.5
      vertex -14.3889 14.0854 1.41157
    endloop
  endfacet
  facet normal -0.514087 0.857738 -2.01666e-05
    outer loop
      vertex -14.3889 14.0854 2.5
      vertex -14.4284 14.0617 1.41142
      vertex -14.4815 14.0299 2.5
    endloop
  endfacet
  facet normal -0.514495 0.857493 -4.72455e-05
    outer loop
      vertex -14.4809 14.0302 1.41102
      vertex -14.4815 14.0299 2.5
      vertex -14.4284 14.0617 1.41142
    endloop
  endfacet
  facet normal -0.447214 0.894427 0
    outer loop
      vertex -14.4815 14.0299 2.5
      vertex -14.4809 14.0302 1.41102
      vertex -14.4815 14.0299 1.41101
    endloop
  endfacet
  facet normal -0.803358 0.595496 0
    outer loop
      vertex -14.096 14.3746 1.41168
      vertex -14.0854 14.3889 2.5
      vertex -14.0854 14.3889 1.41157
    endloop
  endfacet
  facet normal -0.803122 0.595815 -6.49022e-06
    outer loop
      vertex -14.1348 14.3223 1.41188
      vertex -14.0854 14.3889 2.5
      vertex -14.096 14.3746 1.41168
    endloop
  endfacet
  facet normal -0.803345 0.595514 0
    outer loop
      vertex -14.1497 14.3022 2.5
      vertex -14.1348 14.3223 1.41188
      vertex -14.1497 14.3022 1.41188
    endloop
  endfacet
  facet normal -0.803212 0.595693 5.10841e-06
    outer loop
      vertex -14.1348 14.3223 1.41188
      vertex -14.1497 14.3022 2.5
      vertex -14.0854 14.3889 2.5
    endloop
  endfacet
  facet normal -0.146347 -0.989233 0
    outer loop
      vertex -14.8922 16.0947 1.45105
      vertex -14.7854 16.0789 2.5
      vertex -14.8922 16.0947 2.5
    endloop
  endfacet
  facet normal -0.146347 -0.989233 -0
    outer loop
      vertex -14.7854 16.0789 2.5
      vertex -14.8922 16.0947 1.45105
      vertex -14.7854 16.0789 1.44625
    endloop
  endfacet
  facet normal 0.595742 -0.803176 0
    outer loop
      vertex -15.6343 15.8974 1.47717
      vertex -15.6978 15.8503 2.5
      vertex -15.6978 15.8503 1.47787
    endloop
  endfacet
  facet normal 0.595693 -0.803212 -4.70989e-06
    outer loop
      vertex -15.6978 15.8503 2.5
      vertex -15.6343 15.8974 1.47717
      vertex -15.6111 15.9146 2.5
    endloop
  endfacet
  facet normal 0.595559 -0.803312 0
    outer loop
      vertex -15.6111 15.9146 2.5
      vertex -15.6343 15.8974 1.47717
      vertex -15.6111 15.9146 1.47682
    endloop
  endfacet
  facet normal -0.428013 0.903773 0
    outer loop
      vertex -14.5345 14.0048 1.4106
      vertex -14.4815 14.0299 2.5
      vertex -14.4815 14.0299 1.41101
    endloop
  endfacet
  facet normal -0.428206 0.903681 1.14857e-05
    outer loop
      vertex -14.4815 14.0299 2.5
      vertex -14.5345 14.0048 1.4106
      vertex -14.579 13.9837 2.5
    endloop
  endfacet
  facet normal -0.428435 0.903572 0
    outer loop
      vertex -14.579 13.9837 2.5
      vertex -14.5345 14.0048 1.4106
      vertex -14.579 13.9837 1.41005
    endloop
  endfacet
  facet normal 0.803176 -0.595742 0
    outer loop
      vertex -15.8503 15.6978 2.5
      vertex -15.8974 15.6343 1.47717
      vertex -15.8503 15.6978 1.47787
    endloop
  endfacet
  facet normal 0.803212 -0.595693 -4.70989e-06
    outer loop
      vertex -15.9146 15.6111 2.5
      vertex -15.8974 15.6343 1.47717
      vertex -15.8503 15.6978 2.5
    endloop
  endfacet
  facet normal 0.803312 -0.595559 0
    outer loop
      vertex -15.8974 15.6343 1.47717
      vertex -15.9146 15.6111 2.5
      vertex -15.9146 15.6111 1.47682
    endloop
  endfacet
  facet normal -0.989233 0.146347 0
    outer loop
      vertex -13.9211 14.7854 1.40743
      vertex -13.9053 14.8922 2.5
      vertex -13.9053 14.8922 1.40671
    endloop
  endfacet
  facet normal -0.989233 0.146347 0
    outer loop
      vertex -13.9053 14.8922 2.5
      vertex -13.9211 14.7854 1.40743
      vertex -13.9211 14.7854 2.5
    endloop
  endfacet
  facet normal 0.942722 -0.333579 0
    outer loop
      vertex -16.0163 15.421 2.5
      vertex -16.0232 15.4015 1.47213
      vertex -16.0163 15.421 1.47266
    endloop
  endfacet
  facet normal 0.941805 -0.33616 5.51383e-05
    outer loop
      vertex -16.0526 15.3193 2.5
      vertex -16.0232 15.4015 1.47213
      vertex -16.0163 15.421 2.5
    endloop
  endfacet
  facet normal 0.941377 -0.337356 -5.27177e-05
    outer loop
      vertex -16.0232 15.4015 1.47213
      vertex -16.0526 15.3193 2.5
      vertex -16.0504 15.3256 1.46972
    endloop
  endfacet
  facet normal 0.944092 -0.329683 0
    outer loop
      vertex -16.0504 15.3256 1.46972
      vertex -16.0526 15.3193 2.5
      vertex -16.0526 15.3193 1.4695
    endloop
  endfacet
  facet normal -0.428206 -0.903681 0
    outer loop
      vertex -14.579 16.0163 1.43698
      vertex -14.4815 15.9701 2.5
      vertex -14.579 16.0163 2.5
    endloop
  endfacet
  facet normal -0.428206 -0.903681 -0
    outer loop
      vertex -14.4815 15.9701 2.5
      vertex -14.579 16.0163 1.43698
      vertex -14.4815 15.9701 1.4326
    endloop
  endfacet
  facet normal 0.941805 0.33616 0
    outer loop
      vertex -16.0163 14.579 2.5
      vertex -16.0526 14.6807 1.44155
      vertex -16.0526 14.6807 2.5
    endloop
  endfacet
  facet normal 0.941805 0.33616 0
    outer loop
      vertex -16.0526 14.6807 1.44155
      vertex -16.0163 14.579 2.5
      vertex -16.0163 14.579 1.43698
    endloop
  endfacet
  facet normal -0.969869 0.243625 0
    outer loop
      vertex -13.9474 14.6807 1.4086
      vertex -13.9211 14.7854 2.5
      vertex -13.9211 14.7854 1.40743
    endloop
  endfacet
  facet normal -0.969869 0.243625 0
    outer loop
      vertex -13.9211 14.7854 2.5
      vertex -13.9474 14.6807 1.4086
      vertex -13.9474 14.6807 2.5
    endloop
  endfacet
  facet normal 0.0491058 -0.998794 0
    outer loop
      vertex -15.1078 16.0947 1.46074
      vertex -15 16.1 2.5
      vertex -15.1078 16.0947 2.5
    endloop
  endfacet
  facet normal 0.0491058 -0.998794 0
    outer loop
      vertex -15 16.1 2.5
      vertex -15.1078 16.0947 1.46074
      vertex -15 16.1 1.45589
    endloop
  endfacet
  facet normal -0.671519 -0.740987 0
    outer loop
      vertex -14.3022 15.8503 1.42454
      vertex -14.2222 15.7778 2.5
      vertex -14.3022 15.8503 2.5
    endloop
  endfacet
  facet normal -0.671519 -0.740987 -0
    outer loop
      vertex -14.2222 15.7778 2.5
      vertex -14.3022 15.8503 1.42454
      vertex -14.2222 15.7778 1.42095
    endloop
  endfacet
  facet normal 0.428681 -0.903456 0
    outer loop
      vertex -15.4793 15.9887 1.4742
      vertex -15.5185 15.9701 2.5
      vertex -15.5185 15.9701 1.47509
    endloop
  endfacet
  facet normal 0.428206 -0.903681 -2.22271e-05
    outer loop
      vertex -15.5185 15.9701 2.5
      vertex -15.4793 15.9887 1.4742
      vertex -15.421 16.0163 2.5
    endloop
  endfacet
  facet normal 0.427886 -0.903833 0
    outer loop
      vertex -15.421 16.0163 2.5
      vertex -15.4793 15.9887 1.4742
      vertex -15.421 16.0163 1.47266
    endloop
  endfacet
  facet normal 0.671519 -0.740987 0
    outer loop
      vertex -15.7778 15.7778 1.47823
      vertex -15.6978 15.8503 2.5
      vertex -15.7778 15.7778 2.5
    endloop
  endfacet
  facet normal 0.671665 -0.740855 -2.08288e-05
    outer loop
      vertex -15.7082 15.8409 1.47795
      vertex -15.6978 15.8503 2.5
      vertex -15.7778 15.7778 1.47823
    endloop
  endfacet
  facet normal 0.67054 -0.741874 0
    outer loop
      vertex -15.6978 15.8503 2.5
      vertex -15.7082 15.8409 1.47795
      vertex -15.6978 15.8503 1.47787
    endloop
  endfacet
  facet normal -0.32652 0.94519 0
    outer loop
      vertex -14.5845 13.9818 1.41001
      vertex -14.579 13.9837 2.5
      vertex -14.579 13.9837 1.41005
    endloop
  endfacet
  facet normal -0.336947 0.941524 5.90031e-05
    outer loop
      vertex -14.6334 13.9643 1.40937
      vertex -14.579 13.9837 2.5
      vertex -14.5845 13.9818 1.41001
    endloop
  endfacet
  facet normal -0.33616 0.941805 1.47745e-05
    outer loop
      vertex -14.579 13.9837 2.5
      vertex -14.6334 13.9643 1.40937
      vertex -14.6807 13.9474 2.5
    endloop
  endfacet
  facet normal -0.336463 0.941697 0
    outer loop
      vertex -14.6807 13.9474 2.5
      vertex -14.6334 13.9643 1.40937
      vertex -14.6807 13.9474 1.4086
    endloop
  endfacet
  facet normal 0.333579 -0.942722 0
    outer loop
      vertex -15.4015 16.0232 1.47213
      vertex -15.421 16.0163 2.5
      vertex -15.421 16.0163 1.47266
    endloop
  endfacet
  facet normal 0.33616 -0.941805 5.51383e-05
    outer loop
      vertex -15.421 16.0163 2.5
      vertex -15.4015 16.0232 1.47213
      vertex -15.3193 16.0526 2.5
    endloop
  endfacet
  facet normal 0.337356 -0.941377 -5.27177e-05
    outer loop
      vertex -15.3256 16.0504 1.46972
      vertex -15.3193 16.0526 2.5
      vertex -15.4015 16.0232 1.47213
    endloop
  endfacet
  facet normal 0.329683 -0.944092 0
    outer loop
      vertex -15.3193 16.0526 2.5
      vertex -15.3256 16.0504 1.46972
      vertex -15.3193 16.0526 1.4695
    endloop
  endfacet
  facet normal -0.803212 -0.595693 -0
    outer loop
      vertex -14.0854 15.6111 2.5
      vertex -14.1497 15.6978 1.41769
      vertex -14.0854 15.6111 1.4148
    endloop
  endfacet
  facet normal -0.803212 -0.595693 0
    outer loop
      vertex -14.1497 15.6978 1.41769
      vertex -14.0854 15.6111 2.5
      vertex -14.1497 15.6978 2.5
    endloop
  endfacet
  facet normal 0.857634 -0.514261 0
    outer loop
      vertex -15.9146 15.6111 2.5
      vertex -15.9468 15.5574 1.4759
      vertex -15.9146 15.6111 1.47682
    endloop
  endfacet
  facet normal 0.857738 -0.514087 -1.23914e-05
    outer loop
      vertex -15.9701 15.5185 2.5
      vertex -15.9468 15.5574 1.4759
      vertex -15.9146 15.6111 2.5
    endloop
  endfacet
  facet normal 0.857882 -0.513847 0
    outer loop
      vertex -15.9468 15.5574 1.4759
      vertex -15.9701 15.5185 2.5
      vertex -15.9701 15.5185 1.47509
    endloop
  endfacet
  facet normal -0.998794 0.0491058 0
    outer loop
      vertex -13.9053 14.8922 1.40671
      vertex -13.9 15 2.5
      vertex -13.9 15 1.40648
    endloop
  endfacet
  facet normal -0.998794 0.0491058 0
    outer loop
      vertex -13.9 15 2.5
      vertex -13.9053 14.8922 1.40671
      vertex -13.9053 14.8922 2.5
    endloop
  endfacet
  facet normal -0.903572 0.428435 0
    outer loop
      vertex -14.0048 14.5345 1.4106
      vertex -13.9837 14.579 2.5
      vertex -13.9837 14.579 1.41005
    endloop
  endfacet
  facet normal -0.903773 0.428013 0
    outer loop
      vertex -14.0299 14.4815 2.5
      vertex -14.0048 14.5345 1.4106
      vertex -14.0299 14.4815 1.41101
    endloop
  endfacet
  facet normal -0.903681 0.428206 1.14857e-05
    outer loop
      vertex -14.0048 14.5345 1.4106
      vertex -14.0299 14.4815 2.5
      vertex -13.9837 14.579 2.5
    endloop
  endfacet
  facet normal -0.857738 -0.514087 -0
    outer loop
      vertex -14.0299 15.5185 2.5
      vertex -14.0854 15.6111 1.4148
      vertex -14.0299 15.5185 1.41231
    endloop
  endfacet
  facet normal -0.857738 -0.514087 0
    outer loop
      vertex -14.0854 15.6111 1.4148
      vertex -14.0299 15.5185 2.5
      vertex -14.0854 15.6111 2.5
    endloop
  endfacet
  facet normal 0.671519 0.740987 0
    outer loop
      vertex -15.6978 14.1497 2.5
      vertex -15.7778 14.2222 1.42095
      vertex -15.7778 14.2222 2.5
    endloop
  endfacet
  facet normal 0.671519 0.740987 0
    outer loop
      vertex -15.7778 14.2222 1.42095
      vertex -15.6978 14.1497 2.5
      vertex -15.6978 14.1497 1.41769
    endloop
  endfacet
  facet normal -0.595693 -0.803212 0
    outer loop
      vertex -14.3889 15.9146 1.42844
      vertex -14.3022 15.8503 2.5
      vertex -14.3889 15.9146 2.5
    endloop
  endfacet
  facet normal -0.595693 -0.803212 -0
    outer loop
      vertex -14.3022 15.8503 2.5
      vertex -14.3889 15.9146 1.42844
      vertex -14.3022 15.8503 1.42454
    endloop
  endfacet
  facet normal 0.514087 0.857738 0
    outer loop
      vertex -15.5185 14.0299 2.5
      vertex -15.6111 14.0854 1.4148
      vertex -15.6111 14.0854 2.5
    endloop
  endfacet
  facet normal 0.514087 0.857738 0
    outer loop
      vertex -15.6111 14.0854 1.4148
      vertex -15.5185 14.0299 2.5
      vertex -15.5185 14.0299 1.41231
    endloop
  endfacet
  facet normal -0.514087 -0.857738 0
    outer loop
      vertex -14.4815 15.9701 1.4326
      vertex -14.3889 15.9146 2.5
      vertex -14.4815 15.9701 2.5
    endloop
  endfacet
  facet normal -0.514087 -0.857738 -0
    outer loop
      vertex -14.3889 15.9146 2.5
      vertex -14.4815 15.9701 1.4326
      vertex -14.3889 15.9146 1.42844
    endloop
  endfacet
  facet normal -0.146347 0.989233 0
    outer loop
      vertex -14.7854 13.9211 1.40743
      vertex -14.8922 13.9053 2.5
      vertex -14.7854 13.9211 2.5
    endloop
  endfacet
  facet normal -0.146347 0.989233 0
    outer loop
      vertex -14.8922 13.9053 2.5
      vertex -14.7854 13.9211 1.40743
      vertex -14.8922 13.9053 1.40671
    endloop
  endfacet
  facet normal -0.941805 -0.33616 -0
    outer loop
      vertex -13.9474 15.3193 2.5
      vertex -13.9837 15.421 1.41024
      vertex -13.9474 15.3193 1.4086
    endloop
  endfacet
  facet normal -0.941805 -0.33616 0
    outer loop
      vertex -13.9837 15.421 1.41024
      vertex -13.9474 15.3193 2.5
      vertex -13.9837 15.421 2.5
    endloop
  endfacet
  facet normal -0.894427 0.447214 0
    outer loop
      vertex -14.0302 14.4809 1.41102
      vertex -14.0299 14.4815 2.5
      vertex -14.0299 14.4815 1.41101
    endloop
  endfacet
  facet normal -0.857493 0.514495 -4.72455e-05
    outer loop
      vertex -14.0617 14.4284 1.41142
      vertex -14.0299 14.4815 2.5
      vertex -14.0302 14.4809 1.41102
    endloop
  endfacet
  facet normal -0.857493 0.514496 0
    outer loop
      vertex -14.0854 14.3889 2.5
      vertex -14.0617 14.4284 1.41142
      vertex -14.0854 14.3889 1.41157
    endloop
  endfacet
  facet normal -0.857738 0.514087 -2.01666e-05
    outer loop
      vertex -14.0617 14.4284 1.41142
      vertex -14.0854 14.3889 2.5
      vertex -14.0299 14.4815 2.5
    endloop
  endfacet
  facet normal 0.998794 0.0491058 0
    outer loop
      vertex -16.0947 14.8922 2.5
      vertex -16.1 15 1.45589
      vertex -16.1 15 2.5
    endloop
  endfacet
  facet normal 0.998794 0.0491058 0
    outer loop
      vertex -16.1 15 1.45589
      vertex -16.0947 14.8922 2.5
      vertex -16.0947 14.8922 1.45105
    endloop
  endfacet
  facet normal -0.941697 0.336463 0
    outer loop
      vertex -13.9643 14.6334 1.40937
      vertex -13.9474 14.6807 2.5
      vertex -13.9474 14.6807 1.4086
    endloop
  endfacet
  facet normal -0.941524 0.336947 5.90031e-05
    outer loop
      vertex -13.9837 14.579 2.5
      vertex -13.9643 14.6334 1.40937
      vertex -13.9818 14.5845 1.41001
    endloop
  endfacet
  facet normal -0.94519 0.32652 0
    outer loop
      vertex -13.9837 14.579 2.5
      vertex -13.9818 14.5845 1.41001
      vertex -13.9837 14.579 1.41005
    endloop
  endfacet
  facet normal -0.941805 0.33616 1.47745e-05
    outer loop
      vertex -13.9643 14.6334 1.40937
      vertex -13.9837 14.579 2.5
      vertex -13.9474 14.6807 2.5
    endloop
  endfacet
  facet normal 0.146431 -0.989221 0
    outer loop
      vertex -15.1842 16.0834 1.46417
      vertex -15.2146 16.0789 2.5
      vertex -15.2146 16.0789 1.46545
    endloop
  endfacet
  facet normal 0.146347 -0.989233 -2.50378e-06
    outer loop
      vertex -15.2146 16.0789 2.5
      vertex -15.1842 16.0834 1.46417
      vertex -15.1078 16.0947 2.5
    endloop
  endfacet
  facet normal 0.146314 -0.989238 0
    outer loop
      vertex -15.1078 16.0947 2.5
      vertex -15.1842 16.0834 1.46417
      vertex -15.1078 16.0947 1.46074
    endloop
  endfacet
  facet normal -0.740987 -0.671519 -0
    outer loop
      vertex -14.1497 15.6978 2.5
      vertex -14.2222 15.7778 1.42095
      vertex -14.1497 15.6978 1.41769
    endloop
  endfacet
  facet normal -0.740987 -0.671519 0
    outer loop
      vertex -14.2222 15.7778 1.42095
      vertex -14.1497 15.6978 2.5
      vertex -14.2222 15.7778 2.5
    endloop
  endfacet
  facet normal -0.0491058 -0.998794 0
    outer loop
      vertex -15 16.1 1.45589
      vertex -14.8922 16.0947 2.5
      vertex -15 16.1 2.5
    endloop
  endfacet
  facet normal -0.0491058 -0.998794 -0
    outer loop
      vertex -14.8922 16.0947 2.5
      vertex -15 16.1 1.45589
      vertex -14.8922 16.0947 1.45105
    endloop
  endfacet
  facet normal -0.903681 -0.428206 -0
    outer loop
      vertex -13.9837 15.421 2.5
      vertex -14.0299 15.5185 1.41231
      vertex -13.9837 15.421 1.41024
    endloop
  endfacet
  facet normal -0.903681 -0.428206 0
    outer loop
      vertex -14.0299 15.5185 1.41231
      vertex -13.9837 15.421 2.5
      vertex -14.0299 15.5185 2.5
    endloop
  endfacet
  facet normal 0.146347 0.989233 0
    outer loop
      vertex -15.1078 13.9053 2.5
      vertex -15.2146 13.9211 1.40743
      vertex -15.2146 13.9211 2.5
    endloop
  endfacet
  facet normal 0.146347 0.989233 0
    outer loop
      vertex -15.2146 13.9211 1.40743
      vertex -15.1078 13.9053 2.5
      vertex -15.1078 13.9053 1.40671
    endloop
  endfacet
  facet normal -0.671777 0.740754 0
    outer loop
      vertex -14.2716 14.1774 1.412
      vertex -14.2222 14.2222 2.5
      vertex -14.2222 14.2222 1.412
    endloop
  endfacet
  facet normal -0.671519 0.740987 -2.12829e-05
    outer loop
      vertex -14.2222 14.2222 2.5
      vertex -14.2716 14.1774 1.412
      vertex -14.3022 14.1497 2.5
    endloop
  endfacet
  facet normal -0.671104 0.741364 0
    outer loop
      vertex -14.3022 14.1497 2.5
      vertex -14.2716 14.1774 1.412
      vertex -14.3022 14.1497 1.41188
    endloop
  endfacet
  facet normal 0.0491058 0.998794 0
    outer loop
      vertex -15 13.9 2.5
      vertex -15.1078 13.9053 1.40671
      vertex -15.1078 13.9053 2.5
    endloop
  endfacet
  facet normal 0.0491058 0.998794 0
    outer loop
      vertex -15.1078 13.9053 1.40671
      vertex -15 13.9 2.5
      vertex -15 13.9 1.40648
    endloop
  endfacet
  facet normal 0.740855 -0.671666 0
    outer loop
      vertex -15.7778 15.7778 2.5
      vertex -15.8409 15.7082 1.47795
      vertex -15.7778 15.7778 1.47823
    endloop
  endfacet
  facet normal 0.740987 -0.671519 -1.8125e-05
    outer loop
      vertex -15.8503 15.6978 2.5
      vertex -15.8409 15.7082 1.47795
      vertex -15.7778 15.7778 2.5
    endloop
  endfacet
  facet normal 0.741874 -0.67054 0
    outer loop
      vertex -15.8409 15.7082 1.47795
      vertex -15.8503 15.6978 2.5
      vertex -15.8503 15.6978 1.47787
    endloop
  endfacet
  facet normal 0.903456 -0.428681 0
    outer loop
      vertex -15.9701 15.5185 2.5
      vertex -15.9887 15.4793 1.4742
      vertex -15.9701 15.5185 1.47509
    endloop
  endfacet
  facet normal 0.903681 -0.428206 -2.22271e-05
    outer loop
      vertex -16.0163 15.421 2.5
      vertex -15.9887 15.4793 1.4742
      vertex -15.9701 15.5185 2.5
    endloop
  endfacet
  facet normal 0.903833 -0.427886 0
    outer loop
      vertex -15.9887 15.4793 1.4742
      vertex -16.0163 15.421 2.5
      vertex -16.0163 15.421 1.47266
    endloop
  endfacet
  facet normal 0.969888 -0.243553 0
    outer loop
      vertex -16.0526 15.3193 2.5
      vertex -16.0695 15.252 1.46702
      vertex -16.0526 15.3193 1.4695
    endloop
  endfacet
  facet normal 0.969869 -0.243625 5.02184e-06
    outer loop
      vertex -16.0789 15.2146 2.5
      vertex -16.0695 15.252 1.46702
      vertex -16.0526 15.3193 2.5
    endloop
  endfacet
  facet normal 0.969837 -0.243756 0
    outer loop
      vertex -16.0695 15.252 1.46702
      vertex -16.0789 15.2146 2.5
      vertex -16.0789 15.2146 1.46545
    endloop
  endfacet
  facet normal -0.243625 -0.969869 0
    outer loop
      vertex -14.7854 16.0789 1.44625
      vertex -14.6807 16.0526 2.5
      vertex -14.7854 16.0789 2.5
    endloop
  endfacet
  facet normal -0.243625 -0.969869 -0
    outer loop
      vertex -14.6807 16.0526 2.5
      vertex -14.7854 16.0789 1.44625
      vertex -14.6807 16.0526 1.44155
    endloop
  endfacet
  facet normal 0.969869 0.243625 0
    outer loop
      vertex -16.0526 14.6807 2.5
      vertex -16.0789 14.7854 1.44625
      vertex -16.0789 14.7854 2.5
    endloop
  endfacet
  facet normal 0.969869 0.243625 0
    outer loop
      vertex -16.0789 14.7854 1.44625
      vertex -16.0526 14.6807 2.5
      vertex -16.0526 14.6807 1.44155
    endloop
  endfacet
  facet normal 0.428206 0.903681 0
    outer loop
      vertex -15.421 13.9837 2.5
      vertex -15.5185 14.0299 1.41231
      vertex -15.5185 14.0299 2.5
    endloop
  endfacet
  facet normal 0.428206 0.903681 0
    outer loop
      vertex -15.5185 14.0299 1.41231
      vertex -15.421 13.9837 2.5
      vertex -15.421 13.9837 1.41024
    endloop
  endfacet
  facet normal 0.740987 0.671519 0
    outer loop
      vertex -15.7778 14.2222 2.5
      vertex -15.8503 14.3022 1.42454
      vertex -15.8503 14.3022 2.5
    endloop
  endfacet
  facet normal 0.740987 0.671519 0
    outer loop
      vertex -15.8503 14.3022 1.42454
      vertex -15.7778 14.2222 2.5
      vertex -15.7778 14.2222 1.42095
    endloop
  endfacet
  facet normal -0.0491058 0.998794 0
    outer loop
      vertex -14.8922 13.9053 1.40671
      vertex -15 13.9 2.5
      vertex -14.8922 13.9053 2.5
    endloop
  endfacet
  facet normal -0.0491058 0.998794 0
    outer loop
      vertex -15 13.9 2.5
      vertex -14.8922 13.9053 1.40671
      vertex -15 13.9 1.40648
    endloop
  endfacet
  facet normal 0.989233 0.146347 0
    outer loop
      vertex -16.0789 14.7854 2.5
      vertex -16.0947 14.8922 1.45105
      vertex -16.0947 14.8922 2.5
    endloop
  endfacet
  facet normal 0.989233 0.146347 0
    outer loop
      vertex -16.0947 14.8922 1.45105
      vertex -16.0789 14.7854 2.5
      vertex -16.0789 14.7854 1.44625
    endloop
  endfacet
  facet normal -0.595514 0.803345 0
    outer loop
      vertex -14.3223 14.1348 1.41188
      vertex -14.3022 14.1497 2.5
      vertex -14.3022 14.1497 1.41188
    endloop
  endfacet
  facet normal -0.595693 0.803212 5.10841e-06
    outer loop
      vertex -14.3022 14.1497 2.5
      vertex -14.3223 14.1348 1.41188
      vertex -14.3889 14.0854 2.5
    endloop
  endfacet
  facet normal -0.595815 0.803122 -6.49022e-06
    outer loop
      vertex -14.3746 14.096 1.41168
      vertex -14.3889 14.0854 2.5
      vertex -14.3223 14.1348 1.41188
    endloop
  endfacet
  facet normal -0.595496 0.803358 0
    outer loop
      vertex -14.3889 14.0854 2.5
      vertex -14.3746 14.096 1.41168
      vertex -14.3889 14.0854 1.41157
    endloop
  endfacet
  facet normal 0.803212 0.595693 0
    outer loop
      vertex -15.8503 14.3022 2.5
      vertex -15.9146 14.3889 1.42844
      vertex -15.9146 14.3889 2.5
    endloop
  endfacet
  facet normal 0.803212 0.595693 0
    outer loop
      vertex -15.9146 14.3889 1.42844
      vertex -15.8503 14.3022 2.5
      vertex -15.8503 14.3022 1.42454
    endloop
  endfacet
  facet normal 0.998794 -0.0491058 0
    outer loop
      vertex -16.1 15 2.5
      vertex -16.0947 15.1078 1.46074
      vertex -16.0947 15.1078 2.5
    endloop
  endfacet
  facet normal 0.998794 -0.0491058 0
    outer loop
      vertex -16.0947 15.1078 1.46074
      vertex -16.1 15 2.5
      vertex -16.1 15 1.45589
    endloop
  endfacet
  facet normal -0.741364 0.671104 0
    outer loop
      vertex -14.1774 14.2716 1.412
      vertex -14.1497 14.3022 2.5
      vertex -14.1497 14.3022 1.41188
    endloop
  endfacet
  facet normal -0.740754 0.671777 0
    outer loop
      vertex -14.2222 14.2222 2.5
      vertex -14.1774 14.2716 1.412
      vertex -14.2222 14.2222 1.412
    endloop
  endfacet
  facet normal -0.740987 0.671519 -2.12829e-05
    outer loop
      vertex -14.1774 14.2716 1.412
      vertex -14.2222 14.2222 2.5
      vertex -14.1497 14.3022 2.5
    endloop
  endfacet
  facet normal -0.989233 -0.146347 0
    outer loop
      vertex 16.0947 -14.8922 1.45105
      vertex 16.0789 -14.7854 2.5
      vertex 16.0789 -14.7854 1.44625
    endloop
  endfacet
  facet normal -0.989233 -0.146347 0
    outer loop
      vertex 16.0789 -14.7854 2.5
      vertex 16.0947 -14.8922 1.45105
      vertex 16.0947 -14.8922 2.5
    endloop
  endfacet
  facet normal -0.998794 -0.0491058 0
    outer loop
      vertex 16.1 -15 1.45589
      vertex 16.0947 -14.8922 2.5
      vertex 16.0947 -14.8922 1.45105
    endloop
  endfacet
  facet normal -0.998794 -0.0491058 0
    outer loop
      vertex 16.0947 -14.8922 2.5
      vertex 16.1 -15 1.45589
      vertex 16.1 -15 2.5
    endloop
  endfacet
  facet normal -0.969869 -0.243625 0
    outer loop
      vertex 16.0789 -14.7854 1.44625
      vertex 16.0526 -14.6807 2.5
      vertex 16.0526 -14.6807 1.44155
    endloop
  endfacet
  facet normal -0.969869 -0.243625 0
    outer loop
      vertex 16.0526 -14.6807 2.5
      vertex 16.0789 -14.7854 1.44625
      vertex 16.0789 -14.7854 2.5
    endloop
  endfacet
  facet normal 0.428013 -0.903773 0
    outer loop
      vertex 14.5345 -14.0048 1.4106
      vertex 14.4815 -14.0299 2.5
      vertex 14.4815 -14.0299 1.41101
    endloop
  endfacet
  facet normal 0.428206 -0.903681 1.14857e-05
    outer loop
      vertex 14.4815 -14.0299 2.5
      vertex 14.5345 -14.0048 1.4106
      vertex 14.579 -13.9837 2.5
    endloop
  endfacet
  facet normal 0.428435 -0.903572 0
    outer loop
      vertex 14.579 -13.9837 2.5
      vertex 14.5345 -14.0048 1.4106
      vertex 14.579 -13.9837 1.41005
    endloop
  endfacet
  facet normal -0.33616 -0.941805 0
    outer loop
      vertex 15.3193 -13.9474 2.5
      vertex 15.421 -13.9837 1.41024
      vertex 15.421 -13.9837 2.5
    endloop
  endfacet
  facet normal -0.33616 -0.941805 0
    outer loop
      vertex 15.421 -13.9837 1.41024
      vertex 15.3193 -13.9474 2.5
      vertex 15.3193 -13.9474 1.4086
    endloop
  endfacet
  facet normal -0.146347 -0.989233 0
    outer loop
      vertex 15.1078 -13.9053 2.5
      vertex 15.2146 -13.9211 1.40743
      vertex 15.2146 -13.9211 2.5
    endloop
  endfacet
  facet normal -0.146347 -0.989233 0
    outer loop
      vertex 15.2146 -13.9211 1.40743
      vertex 15.1078 -13.9053 2.5
      vertex 15.1078 -13.9053 1.40671
    endloop
  endfacet
  facet normal -0.998794 0.0491058 0
    outer loop
      vertex 16.0947 -15.1078 1.46074
      vertex 16.1 -15 2.5
      vertex 16.1 -15 1.45589
    endloop
  endfacet
  facet normal -0.998794 0.0491058 0
    outer loop
      vertex 16.1 -15 2.5
      vertex 16.0947 -15.1078 1.46074
      vertex 16.0947 -15.1078 2.5
    endloop
  endfacet
  facet normal 0.32652 -0.94519 0
    outer loop
      vertex 14.5845 -13.9818 1.41001
      vertex 14.579 -13.9837 2.5
      vertex 14.579 -13.9837 1.41005
    endloop
  endfacet
  facet normal 0.336947 -0.941524 5.90031e-05
    outer loop
      vertex 14.6334 -13.9643 1.40937
      vertex 14.579 -13.9837 2.5
      vertex 14.5845 -13.9818 1.41001
    endloop
  endfacet
  facet normal 0.33616 -0.941805 1.47745e-05
    outer loop
      vertex 14.579 -13.9837 2.5
      vertex 14.6334 -13.9643 1.40937
      vertex 14.6807 -13.9474 2.5
    endloop
  endfacet
  facet normal 0.336463 -0.941697 0
    outer loop
      vertex 14.6807 -13.9474 2.5
      vertex 14.6334 -13.9643 1.40937
      vertex 14.6807 -13.9474 1.4086
    endloop
  endfacet
  facet normal -0.243625 0.969869 0
    outer loop
      vertex 15.3193 -16.0526 1.4695
      vertex 15.2146 -16.0789 2.5
      vertex 15.3193 -16.0526 2.5
    endloop
  endfacet
  facet normal -0.243553 0.969888 7.80231e-06
    outer loop
      vertex 15.252 -16.0695 1.46702
      vertex 15.2146 -16.0789 2.5
      vertex 15.3193 -16.0526 1.4695
    endloop
  endfacet
  facet normal -0.243756 0.969837 0
    outer loop
      vertex 15.2146 -16.0789 2.5
      vertex 15.252 -16.0695 1.46702
      vertex 15.2146 -16.0789 1.46545
    endloop
  endfacet
  facet normal -0.803312 0.595559 0
    outer loop
      vertex 15.8974 -15.6343 1.47717
      vertex 15.9146 -15.6111 2.5
      vertex 15.9146 -15.6111 1.47682
    endloop
  endfacet
  facet normal -0.803176 0.595742 0
    outer loop
      vertex 15.8503 -15.6978 2.5
      vertex 15.8974 -15.6343 1.47717
      vertex 15.8503 -15.6978 1.47787
    endloop
  endfacet
  facet normal -0.803212 0.595693 -4.70989e-06
    outer loop
      vertex 15.8974 -15.6343 1.47717
      vertex 15.8503 -15.6978 2.5
      vertex 15.9146 -15.6111 2.5
    endloop
  endfacet
  facet normal 0.514496 -0.857493 0
    outer loop
      vertex 14.4284 -14.0617 1.41142
      vertex 14.3889 -14.0854 2.5
      vertex 14.3889 -14.0854 1.41157
    endloop
  endfacet
  facet normal 0.514087 -0.857738 -2.01666e-05
    outer loop
      vertex 14.3889 -14.0854 2.5
      vertex 14.4284 -14.0617 1.41142
      vertex 14.4815 -14.0299 2.5
    endloop
  endfacet
  facet normal 0.514495 -0.857493 -4.72455e-05
    outer loop
      vertex 14.4809 -14.0302 1.41102
      vertex 14.4815 -14.0299 2.5
      vertex 14.4284 -14.0617 1.41142
    endloop
  endfacet
  facet normal 0.447214 -0.894427 0
    outer loop
      vertex 14.4815 -14.0299 2.5
      vertex 14.4809 -14.0302 1.41102
      vertex 14.4815 -14.0299 1.41101
    endloop
  endfacet
  facet normal 0.989233 0.146347 0
    outer loop
      vertex 13.9211 -15.2146 2.5
      vertex 13.9053 -15.1078 1.40671
      vertex 13.9053 -15.1078 2.5
    endloop
  endfacet
  facet normal 0.989233 0.146347 0
    outer loop
      vertex 13.9053 -15.1078 1.40671
      vertex 13.9211 -15.2146 2.5
      vertex 13.9211 -15.2146 1.40743
    endloop
  endfacet
  facet normal 0.740754 -0.671777 0
    outer loop
      vertex 14.2222 -14.2222 2.5
      vertex 14.1774 -14.2716 1.412
      vertex 14.2222 -14.2222 1.412
    endloop
  endfacet
  facet normal 0.740987 -0.671519 -2.12829e-05
    outer loop
      vertex 14.1497 -14.3022 2.5
      vertex 14.1774 -14.2716 1.412
      vertex 14.2222 -14.2222 2.5
    endloop
  endfacet
  facet normal 0.741364 -0.671104 0
    outer loop
      vertex 14.1774 -14.2716 1.412
      vertex 14.1497 -14.3022 2.5
      vertex 14.1497 -14.3022 1.41188
    endloop
  endfacet
  facet normal 0.969869 -0.243625 0
    outer loop
      vertex 13.9211 -14.7854 2.5
      vertex 13.9474 -14.6807 1.4086
      vertex 13.9474 -14.6807 2.5
    endloop
  endfacet
  facet normal 0.969869 -0.243625 0
    outer loop
      vertex 13.9474 -14.6807 1.4086
      vertex 13.9211 -14.7854 2.5
      vertex 13.9211 -14.7854 1.40743
    endloop
  endfacet
  facet normal -0.428681 0.903456 0
    outer loop
      vertex 15.4793 -15.9887 1.4742
      vertex 15.5185 -15.9701 2.5
      vertex 15.5185 -15.9701 1.47509
    endloop
  endfacet
  facet normal -0.428206 0.903681 -2.22271e-05
    outer loop
      vertex 15.5185 -15.9701 2.5
      vertex 15.4793 -15.9887 1.4742
      vertex 15.421 -16.0163 2.5
    endloop
  endfacet
  facet normal -0.427886 0.903833 0
    outer loop
      vertex 15.421 -16.0163 2.5
      vertex 15.4793 -15.9887 1.4742
      vertex 15.421 -16.0163 1.47266
    endloop
  endfacet
  facet normal 0.0491058 -0.998794 0
    outer loop
      vertex 14.8922 -13.9053 1.40671
      vertex 15 -13.9 2.5
      vertex 14.8922 -13.9053 2.5
    endloop
  endfacet
  facet normal 0.0491058 -0.998794 0
    outer loop
      vertex 15 -13.9 2.5
      vertex 14.8922 -13.9053 1.40671
      vertex 15 -13.9 1.40648
    endloop
  endfacet
  facet normal 0.671777 -0.740754 0
    outer loop
      vertex 14.2716 -14.1774 1.412
      vertex 14.2222 -14.2222 2.5
      vertex 14.2222 -14.2222 1.412
    endloop
  endfacet
  facet normal 0.671519 -0.740987 -2.12829e-05
    outer loop
      vertex 14.2222 -14.2222 2.5
      vertex 14.2716 -14.1774 1.412
      vertex 14.3022 -14.1497 2.5
    endloop
  endfacet
  facet normal 0.671104 -0.741364 0
    outer loop
      vertex 14.3022 -14.1497 2.5
      vertex 14.2716 -14.1774 1.412
      vertex 14.3022 -14.1497 1.41188
    endloop
  endfacet
  facet normal 0.595693 0.803212 -0
    outer loop
      vertex 14.3889 -15.9146 1.42844
      vertex 14.3022 -15.8503 2.5
      vertex 14.3889 -15.9146 2.5
    endloop
  endfacet
  facet normal 0.595693 0.803212 0
    outer loop
      vertex 14.3022 -15.8503 2.5
      vertex 14.3889 -15.9146 1.42844
      vertex 14.3022 -15.8503 1.42454
    endloop
  endfacet
  facet normal -0.146431 0.989221 0
    outer loop
      vertex 15.1842 -16.0834 1.46417
      vertex 15.2146 -16.0789 2.5
      vertex 15.2146 -16.0789 1.46545
    endloop
  endfacet
  facet normal -0.146347 0.989233 -2.50378e-06
    outer loop
      vertex 15.2146 -16.0789 2.5
      vertex 15.1842 -16.0834 1.46417
      vertex 15.1078 -16.0947 2.5
    endloop
  endfacet
  facet normal -0.146314 0.989238 0
    outer loop
      vertex 15.1078 -16.0947 2.5
      vertex 15.1842 -16.0834 1.46417
      vertex 15.1078 -16.0947 1.46074
    endloop
  endfacet
  facet normal 0.146347 -0.989233 0
    outer loop
      vertex 14.7854 -13.9211 1.40743
      vertex 14.8922 -13.9053 2.5
      vertex 14.7854 -13.9211 2.5
    endloop
  endfacet
  facet normal 0.146347 -0.989233 0
    outer loop
      vertex 14.8922 -13.9053 2.5
      vertex 14.7854 -13.9211 1.40743
      vertex 14.8922 -13.9053 1.40671
    endloop
  endfacet
  facet normal 0.989233 -0.146347 0
    outer loop
      vertex 13.9053 -14.8922 2.5
      vertex 13.9211 -14.7854 1.40743
      vertex 13.9211 -14.7854 2.5
    endloop
  endfacet
  facet normal 0.989233 -0.146347 0
    outer loop
      vertex 13.9211 -14.7854 1.40743
      vertex 13.9053 -14.8922 2.5
      vertex 13.9053 -14.8922 1.40671
    endloop
  endfacet
  facet normal 0.803212 0.595693 -0
    outer loop
      vertex 14.1497 -15.6978 1.41769
      vertex 14.0854 -15.6111 2.5
      vertex 14.1497 -15.6978 2.5
    endloop
  endfacet
  facet normal 0.803212 0.595693 0
    outer loop
      vertex 14.0854 -15.6111 2.5
      vertex 14.1497 -15.6978 1.41769
      vertex 14.0854 -15.6111 1.4148
    endloop
  endfacet
  facet normal -0.903833 0.427886 0
    outer loop
      vertex 15.9887 -15.4793 1.4742
      vertex 16.0163 -15.421 2.5
      vertex 16.0163 -15.421 1.47266
    endloop
  endfacet
  facet normal -0.903456 0.428681 0
    outer loop
      vertex 15.9701 -15.5185 2.5
      vertex 15.9887 -15.4793 1.4742
      vertex 15.9701 -15.5185 1.47509
    endloop
  endfacet
  facet normal -0.903681 0.428206 -2.22271e-05
    outer loop
      vertex 15.9887 -15.4793 1.4742
      vertex 15.9701 -15.5185 2.5
      vertex 16.0163 -15.421 2.5
    endloop
  endfacet
  facet normal -0.671519 -0.740987 0
    outer loop
      vertex 15.6978 -14.1497 2.5
      vertex 15.7778 -14.2222 1.42095
      vertex 15.7778 -14.2222 2.5
    endloop
  endfacet
  facet normal -0.671519 -0.740987 0
    outer loop
      vertex 15.7778 -14.2222 1.42095
      vertex 15.6978 -14.1497 2.5
      vertex 15.6978 -14.1497 1.41769
    endloop
  endfacet
  facet normal -0.857738 -0.514087 0
    outer loop
      vertex 15.9701 -14.4815 1.4326
      vertex 15.9146 -14.3889 2.5
      vertex 15.9146 -14.3889 1.42844
    endloop
  endfacet
  facet normal -0.857738 -0.514087 0
    outer loop
      vertex 15.9146 -14.3889 2.5
      vertex 15.9701 -14.4815 1.4326
      vertex 15.9701 -14.4815 2.5
    endloop
  endfacet
  facet normal 0.243625 -0.969869 0
    outer loop
      vertex 14.6807 -13.9474 1.4086
      vertex 14.7854 -13.9211 2.5
      vertex 14.6807 -13.9474 2.5
    endloop
  endfacet
  facet normal 0.243625 -0.969869 0
    outer loop
      vertex 14.7854 -13.9211 2.5
      vertex 14.6807 -13.9474 1.4086
      vertex 14.7854 -13.9211 1.40743
    endloop
  endfacet
  facet normal -0.428206 -0.903681 0
    outer loop
      vertex 15.421 -13.9837 2.5
      vertex 15.5185 -14.0299 1.41231
      vertex 15.5185 -14.0299 2.5
    endloop
  endfacet
  facet normal -0.428206 -0.903681 0
    outer loop
      vertex 15.5185 -14.0299 1.41231
      vertex 15.421 -13.9837 2.5
      vertex 15.421 -13.9837 1.41024
    endloop
  endfacet
  facet normal -0.0491058 0.998794 0
    outer loop
      vertex 15.1078 -16.0947 1.46074
      vertex 15 -16.1 2.5
      vertex 15.1078 -16.0947 2.5
    endloop
  endfacet
  facet normal -0.0491058 0.998794 0
    outer loop
      vertex 15 -16.1 2.5
      vertex 15.1078 -16.0947 1.46074
      vertex 15 -16.1 1.45589
    endloop
  endfacet
  facet normal -0.803212 -0.595693 0
    outer loop
      vertex 15.9146 -14.3889 1.42844
      vertex 15.8503 -14.3022 2.5
      vertex 15.8503 -14.3022 1.42454
    endloop
  endfacet
  facet normal -0.803212 -0.595693 0
    outer loop
      vertex 15.8503 -14.3022 2.5
      vertex 15.9146 -14.3889 1.42844
      vertex 15.9146 -14.3889 2.5
    endloop
  endfacet
  facet normal 0.903681 0.428206 -0
    outer loop
      vertex 14.0299 -15.5185 1.41231
      vertex 13.9837 -15.421 2.5
      vertex 14.0299 -15.5185 2.5
    endloop
  endfacet
  facet normal 0.903681 0.428206 0
    outer loop
      vertex 13.9837 -15.421 2.5
      vertex 14.0299 -15.5185 1.41231
      vertex 13.9837 -15.421 1.41024
    endloop
  endfacet
  facet normal 0.740987 0.671519 -0
    outer loop
      vertex 14.2222 -15.7778 1.42095
      vertex 14.1497 -15.6978 2.5
      vertex 14.2222 -15.7778 2.5
    endloop
  endfacet
  facet normal 0.740987 0.671519 0
    outer loop
      vertex 14.1497 -15.6978 2.5
      vertex 14.2222 -15.7778 1.42095
      vertex 14.1497 -15.6978 1.41769
    endloop
  endfacet
  facet normal 0.33616 0.941805 -0
    outer loop
      vertex 14.6807 -16.0526 1.44155
      vertex 14.579 -16.0163 2.5
      vertex 14.6807 -16.0526 2.5
    endloop
  endfacet
  facet normal 0.33616 0.941805 0
    outer loop
      vertex 14.579 -16.0163 2.5
      vertex 14.6807 -16.0526 1.44155
      vertex 14.579 -16.0163 1.43698
    endloop
  endfacet
  facet normal 0.0491058 0.998794 -0
    outer loop
      vertex 15 -16.1 1.45589
      vertex 14.8922 -16.0947 2.5
      vertex 15 -16.1 2.5
    endloop
  endfacet
  facet normal 0.0491058 0.998794 0
    outer loop
      vertex 14.8922 -16.0947 2.5
      vertex 15 -16.1 1.45589
      vertex 14.8922 -16.0947 1.45105
    endloop
  endfacet
  facet normal 0.998794 -0.0491058 0
    outer loop
      vertex 13.9 -15 2.5
      vertex 13.9053 -14.8922 1.40671
      vertex 13.9053 -14.8922 2.5
    endloop
  endfacet
  facet normal 0.998794 -0.0491058 0
    outer loop
      vertex 13.9053 -14.8922 1.40671
      vertex 13.9 -15 2.5
      vertex 13.9 -15 1.40648
    endloop
  endfacet
  facet normal -0.333579 0.942722 0
    outer loop
      vertex 15.4015 -16.0232 1.47213
      vertex 15.421 -16.0163 2.5
      vertex 15.421 -16.0163 1.47266
    endloop
  endfacet
  facet normal -0.33616 0.941805 5.51383e-05
    outer loop
      vertex 15.421 -16.0163 2.5
      vertex 15.4015 -16.0232 1.47213
      vertex 15.3193 -16.0526 2.5
    endloop
  endfacet
  facet normal -0.337356 0.941377 -5.27177e-05
    outer loop
      vertex 15.3256 -16.0504 1.46972
      vertex 15.3193 -16.0526 2.5
      vertex 15.4015 -16.0232 1.47213
    endloop
  endfacet
  facet normal -0.329683 0.944092 0
    outer loop
      vertex 15.3193 -16.0526 2.5
      vertex 15.3256 -16.0504 1.46972
      vertex 15.3193 -16.0526 1.4695
    endloop
  endfacet
  facet normal -0.969837 0.243756 0
    outer loop
      vertex 16.0695 -15.252 1.46702
      vertex 16.0789 -15.2146 2.5
      vertex 16.0789 -15.2146 1.46545
    endloop
  endfacet
  facet normal -0.969888 0.243553 7.80231e-06
    outer loop
      vertex 16.0526 -15.3193 1.4695
      vertex 16.0789 -15.2146 2.5
      vertex 16.0695 -15.252 1.46702
    endloop
  endfacet
  facet normal -0.969869 0.243625 0
    outer loop
      vertex 16.0789 -15.2146 2.5
      vertex 16.0526 -15.3193 1.4695
      vertex 16.0526 -15.3193 2.5
    endloop
  endfacet
  facet normal -0.944092 0.329683 0
    outer loop
      vertex 16.0504 -15.3256 1.46972
      vertex 16.0526 -15.3193 2.5
      vertex 16.0526 -15.3193 1.4695
    endloop
  endfacet
  facet normal -0.941377 0.337356 -5.27177e-05
    outer loop
      vertex 16.0232 -15.4015 1.47213
      vertex 16.0526 -15.3193 2.5
      vertex 16.0504 -15.3256 1.46972
    endloop
  endfacet
  facet normal -0.942722 0.333579 0
    outer loop
      vertex 16.0163 -15.421 2.5
      vertex 16.0232 -15.4015 1.47213
      vertex 16.0163 -15.421 1.47266
    endloop
  endfacet
  facet normal -0.941805 0.33616 5.51383e-05
    outer loop
      vertex 16.0232 -15.4015 1.47213
      vertex 16.0163 -15.421 2.5
      vertex 16.0526 -15.3193 2.5
    endloop
  endfacet
  facet normal -0.741874 0.67054 0
    outer loop
      vertex 15.8409 -15.7082 1.47795
      vertex 15.8503 -15.6978 2.5
      vertex 15.8503 -15.6978 1.47787
    endloop
  endfacet
  facet normal -0.740855 0.671665 -2.08288e-05
    outer loop
      vertex 15.7778 -15.7778 1.47823
      vertex 15.8503 -15.6978 2.5
      vertex 15.8409 -15.7082 1.47795
    endloop
  endfacet
  facet normal -0.740987 0.671519 0
    outer loop
      vertex 15.8503 -15.6978 2.5
      vertex 15.7778 -15.7778 1.47823
      vertex 15.7778 -15.7778 2.5
    endloop
  endfacet
  facet normal -0.514087 -0.857738 0
    outer loop
      vertex 15.5185 -14.0299 2.5
      vertex 15.6111 -14.0854 1.4148
      vertex 15.6111 -14.0854 2.5
    endloop
  endfacet
  facet normal -0.514087 -0.857738 0
    outer loop
      vertex 15.6111 -14.0854 1.4148
      vertex 15.5185 -14.0299 2.5
      vertex 15.5185 -14.0299 1.41231
    endloop
  endfacet
  facet normal -0.243625 -0.969869 0
    outer loop
      vertex 15.2146 -13.9211 2.5
      vertex 15.3193 -13.9474 1.4086
      vertex 15.3193 -13.9474 2.5
    endloop
  endfacet
  facet normal -0.243625 -0.969869 0
    outer loop
      vertex 15.3193 -13.9474 1.4086
      vertex 15.2146 -13.9211 2.5
      vertex 15.2146 -13.9211 1.40743
    endloop
  endfacet
  facet normal -0.941805 -0.33616 0
    outer loop
      vertex 16.0526 -14.6807 1.44155
      vertex 16.0163 -14.579 2.5
      vertex 16.0163 -14.579 1.43698
    endloop
  endfacet
  facet normal -0.941805 -0.33616 0
    outer loop
      vertex 16.0163 -14.579 2.5
      vertex 16.0526 -14.6807 1.44155
      vertex 16.0526 -14.6807 2.5
    endloop
  endfacet
  facet normal -0.595693 -0.803212 0
    outer loop
      vertex 15.6111 -14.0854 2.5
      vertex 15.6978 -14.1497 1.41769
      vertex 15.6978 -14.1497 2.5
    endloop
  endfacet
  facet normal -0.595693 -0.803212 0
    outer loop
      vertex 15.6978 -14.1497 1.41769
      vertex 15.6111 -14.0854 2.5
      vertex 15.6111 -14.0854 1.4148
    endloop
  endfacet
  facet normal 0.969869 0.243625 -0
    outer loop
      vertex 13.9474 -15.3193 1.4086
      vertex 13.9211 -15.2146 2.5
      vertex 13.9474 -15.3193 2.5
    endloop
  endfacet
  facet normal 0.969869 0.243625 0
    outer loop
      vertex 13.9211 -15.2146 2.5
      vertex 13.9474 -15.3193 1.4086
      vertex 13.9211 -15.2146 1.40743
    endloop
  endfacet
  facet normal -0.903681 -0.428206 0
    outer loop
      vertex 16.0163 -14.579 1.43698
      vertex 15.9701 -14.4815 2.5
      vertex 15.9701 -14.4815 1.4326
    endloop
  endfacet
  facet normal -0.903681 -0.428206 0
    outer loop
      vertex 15.9701 -14.4815 2.5
      vertex 16.0163 -14.579 1.43698
      vertex 16.0163 -14.579 2.5
    endloop
  endfacet
  facet normal -0.0491058 -0.998794 0
    outer loop
      vertex 15 -13.9 2.5
      vertex 15.1078 -13.9053 1.40671
      vertex 15.1078 -13.9053 2.5
    endloop
  endfacet
  facet normal -0.0491058 -0.998794 0
    outer loop
      vertex 15.1078 -13.9053 1.40671
      vertex 15 -13.9 2.5
      vertex 15 -13.9 1.40648
    endloop
  endfacet
  facet normal -0.989238 0.146314 0
    outer loop
      vertex 16.0834 -15.1842 1.46417
      vertex 16.0947 -15.1078 2.5
      vertex 16.0947 -15.1078 1.46074
    endloop
  endfacet
  facet normal -0.989221 0.146431 0
    outer loop
      vertex 16.0789 -15.2146 2.5
      vertex 16.0834 -15.1842 1.46417
      vertex 16.0789 -15.2146 1.46545
    endloop
  endfacet
  facet normal -0.989233 0.146347 -2.50378e-06
    outer loop
      vertex 16.0834 -15.1842 1.46417
      vertex 16.0789 -15.2146 2.5
      vertex 16.0947 -15.1078 2.5
    endloop
  endfacet
  facet normal 0.671519 0.740987 -0
    outer loop
      vertex 14.3022 -15.8503 1.42454
      vertex 14.2222 -15.7778 2.5
      vertex 14.3022 -15.8503 2.5
    endloop
  endfacet
  facet normal 0.671519 0.740987 0
    outer loop
      vertex 14.2222 -15.7778 2.5
      vertex 14.3022 -15.8503 1.42454
      vertex 14.2222 -15.7778 1.42095
    endloop
  endfacet
  facet normal 0.857738 0.514087 -0
    outer loop
      vertex 14.0854 -15.6111 1.4148
      vertex 14.0299 -15.5185 2.5
      vertex 14.0854 -15.6111 2.5
    endloop
  endfacet
  facet normal 0.857738 0.514087 0
    outer loop
      vertex 14.0299 -15.5185 2.5
      vertex 14.0854 -15.6111 1.4148
      vertex 14.0299 -15.5185 1.41231
    endloop
  endfacet
  facet normal -0.671519 0.740987 0
    outer loop
      vertex 15.7778 -15.7778 1.47823
      vertex 15.6978 -15.8503 2.5
      vertex 15.7778 -15.7778 2.5
    endloop
  endfacet
  facet normal -0.671665 0.740855 -2.08288e-05
    outer loop
      vertex 15.7082 -15.8409 1.47795
      vertex 15.6978 -15.8503 2.5
      vertex 15.7778 -15.7778 1.47823
    endloop
  endfacet
  facet normal -0.67054 0.741874 0
    outer loop
      vertex 15.6978 -15.8503 2.5
      vertex 15.7082 -15.8409 1.47795
      vertex 15.6978 -15.8503 1.47787
    endloop
  endfacet
  facet normal -0.595742 0.803176 0
    outer loop
      vertex 15.6343 -15.8974 1.47717
      vertex 15.6978 -15.8503 2.5
      vertex 15.6978 -15.8503 1.47787
    endloop
  endfacet
  facet normal -0.595693 0.803212 -4.70989e-06
    outer loop
      vertex 15.6978 -15.8503 2.5
      vertex 15.6343 -15.8974 1.47717
      vertex 15.6111 -15.9146 2.5
    endloop
  endfacet
  facet normal -0.595559 0.803312 0
    outer loop
      vertex 15.6111 -15.9146 2.5
      vertex 15.6343 -15.8974 1.47717
      vertex 15.6111 -15.9146 1.47682
    endloop
  endfacet
  facet normal 0.857493 -0.514496 0
    outer loop
      vertex 14.0854 -14.3889 2.5
      vertex 14.0617 -14.4284 1.41142
      vertex 14.0854 -14.3889 1.41157
    endloop
  endfacet
  facet normal 0.857738 -0.514087 -2.01666e-05
    outer loop
      vertex 14.0299 -14.4815 2.5
      vertex 14.0617 -14.4284 1.41142
      vertex 14.0854 -14.3889 2.5
    endloop
  endfacet
  facet normal 0.857493 -0.514495 -4.72455e-05
    outer loop
      vertex 14.0617 -14.4284 1.41142
      vertex 14.0299 -14.4815 2.5
      vertex 14.0302 -14.4809 1.41102
    endloop
  endfacet
  facet normal 0.894427 -0.447214 0
    outer loop
      vertex 14.0302 -14.4809 1.41102
      vertex 14.0299 -14.4815 2.5
      vertex 14.0299 -14.4815 1.41101
    endloop
  endfacet
  facet normal 0.146347 0.989233 -0
    outer loop
      vertex 14.8922 -16.0947 1.45105
      vertex 14.7854 -16.0789 2.5
      vertex 14.8922 -16.0947 2.5
    endloop
  endfacet
  facet normal 0.146347 0.989233 0
    outer loop
      vertex 14.7854 -16.0789 2.5
      vertex 14.8922 -16.0947 1.45105
      vertex 14.7854 -16.0789 1.44625
    endloop
  endfacet
  facet normal 0.941805 0.33616 -0
    outer loop
      vertex 13.9837 -15.421 1.41024
      vertex 13.9474 -15.3193 2.5
      vertex 13.9837 -15.421 2.5
    endloop
  endfacet
  facet normal 0.941805 0.33616 0
    outer loop
      vertex 13.9474 -15.3193 2.5
      vertex 13.9837 -15.421 1.41024
      vertex 13.9474 -15.3193 1.4086
    endloop
  endfacet
  facet normal -0.857882 0.513847 0
    outer loop
      vertex 15.9468 -15.5574 1.4759
      vertex 15.9701 -15.5185 2.5
      vertex 15.9701 -15.5185 1.47509
    endloop
  endfacet
  facet normal -0.857634 0.514261 0
    outer loop
      vertex 15.9146 -15.6111 2.5
      vertex 15.9468 -15.5574 1.4759
      vertex 15.9146 -15.6111 1.47682
    endloop
  endfacet
  facet normal -0.857738 0.514087 -1.23914e-05
    outer loop
      vertex 15.9468 -15.5574 1.4759
      vertex 15.9146 -15.6111 2.5
      vertex 15.9701 -15.5185 2.5
    endloop
  endfacet
  facet normal -0.740987 -0.671519 0
    outer loop
      vertex 15.8503 -14.3022 1.42454
      vertex 15.7778 -14.2222 2.5
      vertex 15.7778 -14.2222 1.42095
    endloop
  endfacet
  facet normal -0.740987 -0.671519 0
    outer loop
      vertex 15.7778 -14.2222 2.5
      vertex 15.8503 -14.3022 1.42454
      vertex 15.8503 -14.3022 2.5
    endloop
  endfacet
  facet normal 0.903773 -0.428013 0
    outer loop
      vertex 14.0299 -14.4815 2.5
      vertex 14.0048 -14.5345 1.4106
      vertex 14.0299 -14.4815 1.41101
    endloop
  endfacet
  facet normal 0.903681 -0.428206 1.14857e-05
    outer loop
      vertex 13.9837 -14.579 2.5
      vertex 14.0048 -14.5345 1.4106
      vertex 14.0299 -14.4815 2.5
    endloop
  endfacet
  facet normal 0.903572 -0.428435 0
    outer loop
      vertex 14.0048 -14.5345 1.4106
      vertex 13.9837 -14.579 2.5
      vertex 13.9837 -14.579 1.41005
    endloop
  endfacet
  facet normal 0.998794 0.0491058 0
    outer loop
      vertex 13.9053 -15.1078 2.5
      vertex 13.9 -15 1.40648
      vertex 13.9 -15 2.5
    endloop
  endfacet
  facet normal 0.998794 0.0491058 0
    outer loop
      vertex 13.9 -15 1.40648
      vertex 13.9053 -15.1078 2.5
      vertex 13.9053 -15.1078 1.40671
    endloop
  endfacet
  facet normal -0.514261 0.857634 0
    outer loop
      vertex 15.5574 -15.9468 1.4759
      vertex 15.6111 -15.9146 2.5
      vertex 15.6111 -15.9146 1.47682
    endloop
  endfacet
  facet normal -0.514087 0.857738 -1.23914e-05
    outer loop
      vertex 15.6111 -15.9146 2.5
      vertex 15.5574 -15.9468 1.4759
      vertex 15.5185 -15.9701 2.5
    endloop
  endfacet
  facet normal -0.513847 0.857882 0
    outer loop
      vertex 15.5185 -15.9701 2.5
      vertex 15.5574 -15.9468 1.4759
      vertex 15.5185 -15.9701 1.47509
    endloop
  endfacet
  facet normal 0.595514 -0.803345 0
    outer loop
      vertex 14.3223 -14.1348 1.41188
      vertex 14.3022 -14.1497 2.5
      vertex 14.3022 -14.1497 1.41188
    endloop
  endfacet
  facet normal 0.595693 -0.803212 5.10841e-06
    outer loop
      vertex 14.3022 -14.1497 2.5
      vertex 14.3223 -14.1348 1.41188
      vertex 14.3889 -14.0854 2.5
    endloop
  endfacet
  facet normal 0.595815 -0.803122 -6.49022e-06
    outer loop
      vertex 14.3746 -14.096 1.41168
      vertex 14.3889 -14.0854 2.5
      vertex 14.3223 -14.1348 1.41188
    endloop
  endfacet
  facet normal 0.595496 -0.803358 0
    outer loop
      vertex 14.3889 -14.0854 2.5
      vertex 14.3746 -14.096 1.41168
      vertex 14.3889 -14.0854 1.41157
    endloop
  endfacet
  facet normal 0.243625 0.969869 -0
    outer loop
      vertex 14.7854 -16.0789 1.44625
      vertex 14.6807 -16.0526 2.5
      vertex 14.7854 -16.0789 2.5
    endloop
  endfacet
  facet normal 0.243625 0.969869 0
    outer loop
      vertex 14.6807 -16.0526 2.5
      vertex 14.7854 -16.0789 1.44625
      vertex 14.6807 -16.0526 1.44155
    endloop
  endfacet
  facet normal 0.514087 0.857738 -0
    outer loop
      vertex 14.4815 -15.9701 1.4326
      vertex 14.3889 -15.9146 2.5
      vertex 14.4815 -15.9701 2.5
    endloop
  endfacet
  facet normal 0.514087 0.857738 0
    outer loop
      vertex 14.3889 -15.9146 2.5
      vertex 14.4815 -15.9701 1.4326
      vertex 14.3889 -15.9146 1.42844
    endloop
  endfacet
  facet normal 0.803345 -0.595514 0
    outer loop
      vertex 14.1497 -14.3022 2.5
      vertex 14.1348 -14.3223 1.41188
      vertex 14.1497 -14.3022 1.41188
    endloop
  endfacet
  facet normal 0.803122 -0.595815 8.60921e-06
    outer loop
      vertex 14.1497 -14.3022 2.5
      vertex 14.096 -14.3746 1.41168
      vertex 14.1348 -14.3223 1.41188
    endloop
  endfacet
  facet normal 0.803212 -0.595693 -4.00085e-06
    outer loop
      vertex 14.0854 -14.3889 2.5
      vertex 14.096 -14.3746 1.41168
      vertex 14.1497 -14.3022 2.5
    endloop
  endfacet
  facet normal 0.803358 -0.595496 0
    outer loop
      vertex 14.096 -14.3746 1.41168
      vertex 14.0854 -14.3889 2.5
      vertex 14.0854 -14.3889 1.41157
    endloop
  endfacet
  facet normal 0.428206 0.903681 -0
    outer loop
      vertex 14.579 -16.0163 1.43698
      vertex 14.4815 -15.9701 2.5
      vertex 14.579 -16.0163 2.5
    endloop
  endfacet
  facet normal 0.428206 0.903681 0
    outer loop
      vertex 14.4815 -15.9701 2.5
      vertex 14.579 -16.0163 1.43698
      vertex 14.4815 -15.9701 1.4326
    endloop
  endfacet
  facet normal 0.94519 -0.32652 0
    outer loop
      vertex 13.9837 -14.579 2.5
      vertex 13.9818 -14.5845 1.41001
      vertex 13.9837 -14.579 1.41005
    endloop
  endfacet
  facet normal 0.941524 -0.336947 5.90031e-05
    outer loop
      vertex 13.9837 -14.579 2.5
      vertex 13.9643 -14.6334 1.40937
      vertex 13.9818 -14.5845 1.41001
    endloop
  endfacet
  facet normal 0.941805 -0.33616 1.47745e-05
    outer loop
      vertex 13.9474 -14.6807 2.5
      vertex 13.9643 -14.6334 1.40937
      vertex 13.9837 -14.579 2.5
    endloop
  endfacet
  facet normal 0.941697 -0.336463 0
    outer loop
      vertex 13.9643 -14.6334 1.40937
      vertex 13.9474 -14.6807 2.5
      vertex 13.9474 -14.6807 1.4086
    endloop
  endfacet
  facet normal 0.33616 0.941805 1.47745e-05
    outer loop
      vertex 14.6334 13.9643 1.40937
      vertex 14.579 13.9837 2.5
      vertex 14.6807 13.9474 2.5
    endloop
  endfacet
  facet normal 0.32652 0.94519 0
    outer loop
      vertex 14.579 13.9837 2.5
      vertex 14.5845 13.9818 1.41001
      vertex 14.579 13.9837 1.41005
    endloop
  endfacet
  facet normal 0.336947 0.941524 5.90031e-05
    outer loop
      vertex 14.579 13.9837 2.5
      vertex 14.6334 13.9643 1.40937
      vertex 14.5845 13.9818 1.41001
    endloop
  endfacet
  facet normal 0.336463 0.941697 0
    outer loop
      vertex 14.6334 13.9643 1.40937
      vertex 14.6807 13.9474 2.5
      vertex 14.6807 13.9474 1.4086
    endloop
  endfacet
  facet normal -0.989221 -0.146431 0
    outer loop
      vertex 16.0834 15.1842 1.46417
      vertex 16.0789 15.2146 2.5
      vertex 16.0789 15.2146 1.46545
    endloop
  endfacet
  facet normal -0.989238 -0.146314 -0
    outer loop
      vertex 16.0947 15.1078 2.5
      vertex 16.0834 15.1842 1.46417
      vertex 16.0947 15.1078 1.46074
    endloop
  endfacet
  facet normal -0.989233 -0.146347 -2.50378e-06
    outer loop
      vertex 16.0834 15.1842 1.46417
      vertex 16.0947 15.1078 2.5
      vertex 16.0789 15.2146 2.5
    endloop
  endfacet
  facet normal -0.998794 -0.0491058 -0
    outer loop
      vertex 16.1 15 2.5
      vertex 16.0947 15.1078 1.46074
      vertex 16.1 15 1.45589
    endloop
  endfacet
  facet normal -0.998794 -0.0491058 0
    outer loop
      vertex 16.0947 15.1078 1.46074
      vertex 16.1 15 2.5
      vertex 16.0947 15.1078 2.5
    endloop
  endfacet
  facet normal -0.969888 -0.243553 0
    outer loop
      vertex 16.0695 15.252 1.46702
      vertex 16.0526 15.3193 2.5
      vertex 16.0526 15.3193 1.4695
    endloop
  endfacet
  facet normal -0.969837 -0.243756 -0
    outer loop
      vertex 16.0789 15.2146 2.5
      vertex 16.0695 15.252 1.46702
      vertex 16.0789 15.2146 1.46545
    endloop
  endfacet
  facet normal -0.969869 -0.243625 5.02184e-06
    outer loop
      vertex 16.0695 15.252 1.46702
      vertex 16.0789 15.2146 2.5
      vertex 16.0526 15.3193 2.5
    endloop
  endfacet
  facet normal 0.989233 -0.146347 0
    outer loop
      vertex 13.9053 15.1078 2.5
      vertex 13.9211 15.2146 1.40743
      vertex 13.9211 15.2146 2.5
    endloop
  endfacet
  facet normal 0.989233 -0.146347 0
    outer loop
      vertex 13.9211 15.2146 1.40743
      vertex 13.9053 15.1078 2.5
      vertex 13.9053 15.1078 1.40671
    endloop
  endfacet
  facet normal 0.243625 0.969869 0
    outer loop
      vertex 14.7854 13.9211 2.5
      vertex 14.6807 13.9474 1.4086
      vertex 14.6807 13.9474 2.5
    endloop
  endfacet
  facet normal 0.243625 0.969869 0
    outer loop
      vertex 14.6807 13.9474 1.4086
      vertex 14.7854 13.9211 2.5
      vertex 14.7854 13.9211 1.40743
    endloop
  endfacet
  facet normal -0.33616 -0.941805 5.51383e-05
    outer loop
      vertex 15.4015 16.0232 1.47213
      vertex 15.421 16.0163 2.5
      vertex 15.3193 16.0526 2.5
    endloop
  endfacet
  facet normal -0.333579 -0.942722 -0
    outer loop
      vertex 15.421 16.0163 2.5
      vertex 15.4015 16.0232 1.47213
      vertex 15.421 16.0163 1.47266
    endloop
  endfacet
  facet normal -0.337356 -0.941377 -5.27177e-05
    outer loop
      vertex 15.3193 16.0526 2.5
      vertex 15.3256 16.0504 1.46972
      vertex 15.4015 16.0232 1.47213
    endloop
  endfacet
  facet normal -0.329683 -0.944092 0
    outer loop
      vertex 15.3256 16.0504 1.46972
      vertex 15.3193 16.0526 2.5
      vertex 15.3193 16.0526 1.4695
    endloop
  endfacet
  facet normal 0.514087 -0.857738 0
    outer loop
      vertex 14.3889 15.9146 2.5
      vertex 14.4815 15.9701 1.4326
      vertex 14.4815 15.9701 2.5
    endloop
  endfacet
  facet normal 0.514087 -0.857738 0
    outer loop
      vertex 14.4815 15.9701 1.4326
      vertex 14.3889 15.9146 2.5
      vertex 14.3889 15.9146 1.42844
    endloop
  endfacet
  facet normal 0.903572 0.428435 0
    outer loop
      vertex 13.9837 14.579 2.5
      vertex 14.0048 14.5345 1.4106
      vertex 13.9837 14.579 1.41005
    endloop
  endfacet
  facet normal 0.903681 0.428206 1.14857e-05
    outer loop
      vertex 14.0299 14.4815 2.5
      vertex 14.0048 14.5345 1.4106
      vertex 13.9837 14.579 2.5
    endloop
  endfacet
  facet normal 0.903773 0.428013 0
    outer loop
      vertex 14.0048 14.5345 1.4106
      vertex 14.0299 14.4815 2.5
      vertex 14.0299 14.4815 1.41101
    endloop
  endfacet
  facet normal 0.243625 -0.969869 0
    outer loop
      vertex 14.6807 16.0526 2.5
      vertex 14.7854 16.0789 1.44625
      vertex 14.7854 16.0789 2.5
    endloop
  endfacet
  facet normal 0.243625 -0.969869 0
    outer loop
      vertex 14.7854 16.0789 1.44625
      vertex 14.6807 16.0526 2.5
      vertex 14.6807 16.0526 1.44155
    endloop
  endfacet
  facet normal 0.894427 0.447214 0
    outer loop
      vertex 14.0299 14.4815 2.5
      vertex 14.0302 14.4809 1.41102
      vertex 14.0299 14.4815 1.41101
    endloop
  endfacet
  facet normal 0.857493 0.514495 -4.72455e-05
    outer loop
      vertex 14.0299 14.4815 2.5
      vertex 14.0617 14.4284 1.41142
      vertex 14.0302 14.4809 1.41102
    endloop
  endfacet
  facet normal 0.857738 0.514087 -2.01666e-05
    outer loop
      vertex 14.0854 14.3889 2.5
      vertex 14.0617 14.4284 1.41142
      vertex 14.0299 14.4815 2.5
    endloop
  endfacet
  facet normal 0.857493 0.514496 0
    outer loop
      vertex 14.0617 14.4284 1.41142
      vertex 14.0854 14.3889 2.5
      vertex 14.0854 14.3889 1.41157
    endloop
  endfacet
  facet normal -0.243625 0.969869 0
    outer loop
      vertex 15.3193 13.9474 1.4086
      vertex 15.2146 13.9211 2.5
      vertex 15.3193 13.9474 2.5
    endloop
  endfacet
  facet normal -0.243625 0.969869 0
    outer loop
      vertex 15.2146 13.9211 2.5
      vertex 15.3193 13.9474 1.4086
      vertex 15.2146 13.9211 1.40743
    endloop
  endfacet
  facet normal 0.595693 0.803212 5.10841e-06
    outer loop
      vertex 14.3889 14.0854 2.5
      vertex 14.3223 14.1348 1.41188
      vertex 14.3022 14.1497 2.5
    endloop
  endfacet
  facet normal 0.595815 0.803122 -6.49022e-06
    outer loop
      vertex 14.3889 14.0854 2.5
      vertex 14.3746 14.096 1.41168
      vertex 14.3223 14.1348 1.41188
    endloop
  endfacet
  facet normal 0.595496 0.803358 0
    outer loop
      vertex 14.3746 14.096 1.41168
      vertex 14.3889 14.0854 2.5
      vertex 14.3889 14.0854 1.41157
    endloop
  endfacet
  facet normal 0.595514 0.803345 0
    outer loop
      vertex 14.3022 14.1497 2.5
      vertex 14.3223 14.1348 1.41188
      vertex 14.3022 14.1497 1.41188
    endloop
  endfacet
  facet normal -0.514087 0.857738 0
    outer loop
      vertex 15.6111 14.0854 1.4148
      vertex 15.5185 14.0299 2.5
      vertex 15.6111 14.0854 2.5
    endloop
  endfacet
  facet normal -0.514087 0.857738 0
    outer loop
      vertex 15.5185 14.0299 2.5
      vertex 15.6111 14.0854 1.4148
      vertex 15.5185 14.0299 1.41231
    endloop
  endfacet
  facet normal -0.803212 0.595693 0
    outer loop
      vertex 15.8503 14.3022 2.5
      vertex 15.9146 14.3889 1.42844
      vertex 15.8503 14.3022 1.42454
    endloop
  endfacet
  facet normal -0.803212 0.595693 0
    outer loop
      vertex 15.9146 14.3889 1.42844
      vertex 15.8503 14.3022 2.5
      vertex 15.9146 14.3889 2.5
    endloop
  endfacet
  facet normal -0.146347 -0.989233 -2.50378e-06
    outer loop
      vertex 15.1842 16.0834 1.46417
      vertex 15.2146 16.0789 2.5
      vertex 15.1078 16.0947 2.5
    endloop
  endfacet
  facet normal -0.146431 -0.989221 -0
    outer loop
      vertex 15.2146 16.0789 2.5
      vertex 15.1842 16.0834 1.46417
      vertex 15.2146 16.0789 1.46545
    endloop
  endfacet
  facet normal -0.146314 -0.989238 0
    outer loop
      vertex 15.1842 16.0834 1.46417
      vertex 15.1078 16.0947 2.5
      vertex 15.1078 16.0947 1.46074
    endloop
  endfacet
  facet normal 0.595693 -0.803212 0
    outer loop
      vertex 14.3022 15.8503 2.5
      vertex 14.3889 15.9146 1.42844
      vertex 14.3889 15.9146 2.5
    endloop
  endfacet
  facet normal 0.595693 -0.803212 0
    outer loop
      vertex 14.3889 15.9146 1.42844
      vertex 14.3022 15.8503 2.5
      vertex 14.3022 15.8503 1.42454
    endloop
  endfacet
  facet normal -0.428206 0.903681 0
    outer loop
      vertex 15.5185 14.0299 1.41231
      vertex 15.421 13.9837 2.5
      vertex 15.5185 14.0299 2.5
    endloop
  endfacet
  facet normal -0.428206 0.903681 0
    outer loop
      vertex 15.421 13.9837 2.5
      vertex 15.5185 14.0299 1.41231
      vertex 15.421 13.9837 1.41024
    endloop
  endfacet
  facet normal 0.803212 -0.595693 0
    outer loop
      vertex 14.0854 15.6111 2.5
      vertex 14.1497 15.6978 1.41769
      vertex 14.1497 15.6978 2.5
    endloop
  endfacet
  facet normal 0.803212 -0.595693 0
    outer loop
      vertex 14.1497 15.6978 1.41769
      vertex 14.0854 15.6111 2.5
      vertex 14.0854 15.6111 1.4148
    endloop
  endfacet
  facet normal -0.989233 0.146347 0
    outer loop
      vertex 16.0789 14.7854 2.5
      vertex 16.0947 14.8922 1.45105
      vertex 16.0789 14.7854 1.44625
    endloop
  endfacet
  facet normal -0.989233 0.146347 0
    outer loop
      vertex 16.0947 14.8922 1.45105
      vertex 16.0789 14.7854 2.5
      vertex 16.0947 14.8922 2.5
    endloop
  endfacet
  facet normal 0.941805 -0.33616 0
    outer loop
      vertex 13.9474 15.3193 2.5
      vertex 13.9837 15.421 1.41024
      vertex 13.9837 15.421 2.5
    endloop
  endfacet
  facet normal 0.941805 -0.33616 0
    outer loop
      vertex 13.9837 15.421 1.41024
      vertex 13.9474 15.3193 2.5
      vertex 13.9474 15.3193 1.4086
    endloop
  endfacet
  facet normal -0.428206 -0.903681 -2.22271e-05
    outer loop
      vertex 15.4793 15.9887 1.4742
      vertex 15.5185 15.9701 2.5
      vertex 15.421 16.0163 2.5
    endloop
  endfacet
  facet normal -0.428681 -0.903456 -0
    outer loop
      vertex 15.5185 15.9701 2.5
      vertex 15.4793 15.9887 1.4742
      vertex 15.5185 15.9701 1.47509
    endloop
  endfacet
  facet normal -0.427886 -0.903833 0
    outer loop
      vertex 15.4793 15.9887 1.4742
      vertex 15.421 16.0163 2.5
      vertex 15.421 16.0163 1.47266
    endloop
  endfacet
  facet normal 0.941697 0.336463 0
    outer loop
      vertex 13.9474 14.6807 2.5
      vertex 13.9643 14.6334 1.40937
      vertex 13.9474 14.6807 1.4086
    endloop
  endfacet
  facet normal 0.941805 0.33616 1.47745e-05
    outer loop
      vertex 13.9837 14.579 2.5
      vertex 13.9643 14.6334 1.40937
      vertex 13.9474 14.6807 2.5
    endloop
  endfacet
  facet normal 0.941524 0.336947 5.90031e-05
    outer loop
      vertex 13.9643 14.6334 1.40937
      vertex 13.9837 14.579 2.5
      vertex 13.9818 14.5845 1.41001
    endloop
  endfacet
  facet normal 0.94519 0.32652 0
    outer loop
      vertex 13.9818 14.5845 1.41001
      vertex 13.9837 14.579 2.5
      vertex 13.9837 14.579 1.41005
    endloop
  endfacet
  facet normal -0.969869 0.243625 0
    outer loop
      vertex 16.0526 14.6807 2.5
      vertex 16.0789 14.7854 1.44625
      vertex 16.0526 14.6807 1.44155
    endloop
  endfacet
  facet normal -0.969869 0.243625 0
    outer loop
      vertex 16.0789 14.7854 1.44625
      vertex 16.0526 14.6807 2.5
      vertex 16.0789 14.7854 2.5
    endloop
  endfacet
  facet normal 0.0491058 -0.998794 0
    outer loop
      vertex 14.8922 16.0947 2.5
      vertex 15 16.1 1.45589
      vertex 15 16.1 2.5
    endloop
  endfacet
  facet normal 0.0491058 -0.998794 0
    outer loop
      vertex 15 16.1 1.45589
      vertex 14.8922 16.0947 2.5
      vertex 14.8922 16.0947 1.45105
    endloop
  endfacet
  facet normal -0.671519 -0.740987 0
    outer loop
      vertex 15.6978 15.8503 2.5
      vertex 15.7778 15.7778 1.47823
      vertex 15.7778 15.7778 2.5
    endloop
  endfacet
  facet normal -0.671665 -0.740855 -2.08288e-05
    outer loop
      vertex 15.6978 15.8503 2.5
      vertex 15.7082 15.8409 1.47795
      vertex 15.7778 15.7778 1.47823
    endloop
  endfacet
  facet normal -0.67054 -0.741874 0
    outer loop
      vertex 15.7082 15.8409 1.47795
      vertex 15.6978 15.8503 2.5
      vertex 15.6978 15.8503 1.47787
    endloop
  endfacet
  facet normal 0.428206 -0.903681 0
    outer loop
      vertex 14.4815 15.9701 2.5
      vertex 14.579 16.0163 1.43698
      vertex 14.579 16.0163 2.5
    endloop
  endfacet
  facet normal 0.428206 -0.903681 0
    outer loop
      vertex 14.579 16.0163 1.43698
      vertex 14.4815 15.9701 2.5
      vertex 14.4815 15.9701 1.4326
    endloop
  endfacet
  facet normal 0.671519 -0.740987 0
    outer loop
      vertex 14.2222 15.7778 2.5
      vertex 14.3022 15.8503 1.42454
      vertex 14.3022 15.8503 2.5
    endloop
  endfacet
  facet normal 0.671519 -0.740987 0
    outer loop
      vertex 14.3022 15.8503 1.42454
      vertex 14.2222 15.7778 2.5
      vertex 14.2222 15.7778 1.42095
    endloop
  endfacet
  facet normal -0.33616 0.941805 0
    outer loop
      vertex 15.421 13.9837 1.41024
      vertex 15.3193 13.9474 2.5
      vertex 15.421 13.9837 2.5
    endloop
  endfacet
  facet normal -0.33616 0.941805 0
    outer loop
      vertex 15.3193 13.9474 2.5
      vertex 15.421 13.9837 1.41024
      vertex 15.3193 13.9474 1.4086
    endloop
  endfacet
  facet normal 0.33616 -0.941805 0
    outer loop
      vertex 14.579 16.0163 2.5
      vertex 14.6807 16.0526 1.44155
      vertex 14.6807 16.0526 2.5
    endloop
  endfacet
  facet normal 0.33616 -0.941805 0
    outer loop
      vertex 14.6807 16.0526 1.44155
      vertex 14.579 16.0163 2.5
      vertex 14.579 16.0163 1.43698
    endloop
  endfacet
  facet normal -0.803176 -0.595742 0
    outer loop
      vertex 15.8974 15.6343 1.47717
      vertex 15.8503 15.6978 2.5
      vertex 15.8503 15.6978 1.47787
    endloop
  endfacet
  facet normal -0.803312 -0.595559 -0
    outer loop
      vertex 15.9146 15.6111 2.5
      vertex 15.8974 15.6343 1.47717
      vertex 15.9146 15.6111 1.47682
    endloop
  endfacet
  facet normal -0.803212 -0.595693 -4.70989e-06
    outer loop
      vertex 15.8974 15.6343 1.47717
      vertex 15.9146 15.6111 2.5
      vertex 15.8503 15.6978 2.5
    endloop
  endfacet
  facet normal 0.857738 -0.514087 0
    outer loop
      vertex 14.0299 15.5185 2.5
      vertex 14.0854 15.6111 1.4148
      vertex 14.0854 15.6111 2.5
    endloop
  endfacet
  facet normal 0.857738 -0.514087 0
    outer loop
      vertex 14.0854 15.6111 1.4148
      vertex 14.0299 15.5185 2.5
      vertex 14.0299 15.5185 1.41231
    endloop
  endfacet
  facet normal -0.998794 0.0491058 0
    outer loop
      vertex 16.0947 14.8922 2.5
      vertex 16.1 15 1.45589
      vertex 16.0947 14.8922 1.45105
    endloop
  endfacet
  facet normal -0.998794 0.0491058 0
    outer loop
      vertex 16.1 15 1.45589
      vertex 16.0947 14.8922 2.5
      vertex 16.1 15 2.5
    endloop
  endfacet
  facet normal -0.903681 0.428206 0
    outer loop
      vertex 15.9701 14.4815 2.5
      vertex 16.0163 14.579 1.43698
      vertex 15.9701 14.4815 1.4326
    endloop
  endfacet
  facet normal -0.903681 0.428206 0
    outer loop
      vertex 16.0163 14.579 1.43698
      vertex 15.9701 14.4815 2.5
      vertex 16.0163 14.579 2.5
    endloop
  endfacet
  facet normal -0.595693 -0.803212 -4.70989e-06
    outer loop
      vertex 15.6343 15.8974 1.47717
      vertex 15.6978 15.8503 2.5
      vertex 15.6111 15.9146 2.5
    endloop
  endfacet
  facet normal -0.595742 -0.803176 -0
    outer loop
      vertex 15.6978 15.8503 2.5
      vertex 15.6343 15.8974 1.47717
      vertex 15.6978 15.8503 1.47787
    endloop
  endfacet
  facet normal -0.595559 -0.803312 0
    outer loop
      vertex 15.6343 15.8974 1.47717
      vertex 15.6111 15.9146 2.5
      vertex 15.6111 15.9146 1.47682
    endloop
  endfacet
  facet normal 0.514087 0.857738 -2.01666e-05
    outer loop
      vertex 14.4284 14.0617 1.41142
      vertex 14.3889 14.0854 2.5
      vertex 14.4815 14.0299 2.5
    endloop
  endfacet
  facet normal 0.514496 0.857493 0
    outer loop
      vertex 14.3889 14.0854 2.5
      vertex 14.4284 14.0617 1.41142
      vertex 14.3889 14.0854 1.41157
    endloop
  endfacet
  facet normal 0.514495 0.857493 -4.72455e-05
    outer loop
      vertex 14.4815 14.0299 2.5
      vertex 14.4809 14.0302 1.41102
      vertex 14.4284 14.0617 1.41142
    endloop
  endfacet
  facet normal 0.447214 0.894427 0
    outer loop
      vertex 14.4809 14.0302 1.41102
      vertex 14.4815 14.0299 2.5
      vertex 14.4815 14.0299 1.41101
    endloop
  endfacet
  facet normal -0.514087 -0.857738 -1.23914e-05
    outer loop
      vertex 15.5574 15.9468 1.4759
      vertex 15.6111 15.9146 2.5
      vertex 15.5185 15.9701 2.5
    endloop
  endfacet
  facet normal -0.514261 -0.857634 -0
    outer loop
      vertex 15.6111 15.9146 2.5
      vertex 15.5574 15.9468 1.4759
      vertex 15.6111 15.9146 1.47682
    endloop
  endfacet
  facet normal -0.513847 -0.857882 0
    outer loop
      vertex 15.5574 15.9468 1.4759
      vertex 15.5185 15.9701 2.5
      vertex 15.5185 15.9701 1.47509
    endloop
  endfacet
  facet normal -0.146347 0.989233 0
    outer loop
      vertex 15.2146 13.9211 1.40743
      vertex 15.1078 13.9053 2.5
      vertex 15.2146 13.9211 2.5
    endloop
  endfacet
  facet normal -0.146347 0.989233 0
    outer loop
      vertex 15.1078 13.9053 2.5
      vertex 15.2146 13.9211 1.40743
      vertex 15.1078 13.9053 1.40671
    endloop
  endfacet
  facet normal -0.942722 -0.333579 0
    outer loop
      vertex 16.0232 15.4015 1.47213
      vertex 16.0163 15.421 2.5
      vertex 16.0163 15.421 1.47266
    endloop
  endfacet
  facet normal -0.941377 -0.337356 -5.27177e-05
    outer loop
      vertex 16.0526 15.3193 2.5
      vertex 16.0232 15.4015 1.47213
      vertex 16.0504 15.3256 1.46972
    endloop
  endfacet
  facet normal -0.944092 -0.329683 -0
    outer loop
      vertex 16.0526 15.3193 2.5
      vertex 16.0504 15.3256 1.46972
      vertex 16.0526 15.3193 1.4695
    endloop
  endfacet
  facet normal -0.941805 -0.33616 5.51383e-05
    outer loop
      vertex 16.0232 15.4015 1.47213
      vertex 16.0526 15.3193 2.5
      vertex 16.0163 15.421 2.5
    endloop
  endfacet
  facet normal -0.857738 0.514087 0
    outer loop
      vertex 15.9146 14.3889 2.5
      vertex 15.9701 14.4815 1.4326
      vertex 15.9146 14.3889 1.42844
    endloop
  endfacet
  facet normal -0.857738 0.514087 0
    outer loop
      vertex 15.9701 14.4815 1.4326
      vertex 15.9146 14.3889 2.5
      vertex 15.9701 14.4815 2.5
    endloop
  endfacet
  facet normal 0.998794 0.0491058 0
    outer loop
      vertex 13.9053 14.8922 2.5
      vertex 13.9 15 1.40648
      vertex 13.9 15 2.5
    endloop
  endfacet
  facet normal 0.998794 0.0491058 0
    outer loop
      vertex 13.9 15 1.40648
      vertex 13.9053 14.8922 2.5
      vertex 13.9053 14.8922 1.40671
    endloop
  endfacet
  facet normal -0.941805 0.33616 0
    outer loop
      vertex 16.0163 14.579 2.5
      vertex 16.0526 14.6807 1.44155
      vertex 16.0163 14.579 1.43698
    endloop
  endfacet
  facet normal -0.941805 0.33616 0
    outer loop
      vertex 16.0526 14.6807 1.44155
      vertex 16.0163 14.579 2.5
      vertex 16.0526 14.6807 2.5
    endloop
  endfacet
  facet normal 0.146347 -0.989233 0
    outer loop
      vertex 14.7854 16.0789 2.5
      vertex 14.8922 16.0947 1.45105
      vertex 14.8922 16.0947 2.5
    endloop
  endfacet
  facet normal 0.146347 -0.989233 0
    outer loop
      vertex 14.8922 16.0947 1.45105
      vertex 14.7854 16.0789 2.5
      vertex 14.7854 16.0789 1.44625
    endloop
  endfacet
  facet normal -0.740855 -0.671666 0
    outer loop
      vertex 15.8409 15.7082 1.47795
      vertex 15.7778 15.7778 2.5
      vertex 15.7778 15.7778 1.47823
    endloop
  endfacet
  facet normal -0.741874 -0.67054 -0
    outer loop
      vertex 15.8503 15.6978 2.5
      vertex 15.8409 15.7082 1.47795
      vertex 15.8503 15.6978 1.47787
    endloop
  endfacet
  facet normal -0.740987 -0.671519 -1.8125e-05
    outer loop
      vertex 15.8409 15.7082 1.47795
      vertex 15.8503 15.6978 2.5
      vertex 15.7778 15.7778 2.5
    endloop
  endfacet
  facet normal -0.0491058 -0.998794 0
    outer loop
      vertex 15 16.1 2.5
      vertex 15.1078 16.0947 1.46074
      vertex 15.1078 16.0947 2.5
    endloop
  endfacet
  facet normal -0.0491058 -0.998794 0
    outer loop
      vertex 15.1078 16.0947 1.46074
      vertex 15 16.1 2.5
      vertex 15 16.1 1.45589
    endloop
  endfacet
  facet normal -0.903456 -0.428681 0
    outer loop
      vertex 15.9887 15.4793 1.4742
      vertex 15.9701 15.5185 2.5
      vertex 15.9701 15.5185 1.47509
    endloop
  endfacet
  facet normal -0.903833 -0.427886 -0
    outer loop
      vertex 16.0163 15.421 2.5
      vertex 15.9887 15.4793 1.4742
      vertex 16.0163 15.421 1.47266
    endloop
  endfacet
  facet normal -0.903681 -0.428206 -2.22271e-05
    outer loop
      vertex 15.9887 15.4793 1.4742
      vertex 16.0163 15.421 2.5
      vertex 15.9701 15.5185 2.5
    endloop
  endfacet
  facet normal 0.146347 0.989233 0
    outer loop
      vertex 14.8922 13.9053 2.5
      vertex 14.7854 13.9211 1.40743
      vertex 14.7854 13.9211 2.5
    endloop
  endfacet
  facet normal 0.146347 0.989233 0
    outer loop
      vertex 14.7854 13.9211 1.40743
      vertex 14.8922 13.9053 2.5
      vertex 14.8922 13.9053 1.40671
    endloop
  endfacet
  facet normal -0.671519 0.740987 0
    outer loop
      vertex 15.7778 14.2222 1.42095
      vertex 15.6978 14.1497 2.5
      vertex 15.7778 14.2222 2.5
    endloop
  endfacet
  facet normal -0.671519 0.740987 0
    outer loop
      vertex 15.6978 14.1497 2.5
      vertex 15.7778 14.2222 1.42095
      vertex 15.6978 14.1497 1.41769
    endloop
  endfacet
  facet normal -0.857634 -0.514261 0
    outer loop
      vertex 15.9468 15.5574 1.4759
      vertex 15.9146 15.6111 2.5
      vertex 15.9146 15.6111 1.47682
    endloop
  endfacet
  facet normal -0.857882 -0.513847 -0
    outer loop
      vertex 15.9701 15.5185 2.5
      vertex 15.9468 15.5574 1.4759
      vertex 15.9701 15.5185 1.47509
    endloop
  endfacet
  facet normal -0.857738 -0.514087 -1.23914e-05
    outer loop
      vertex 15.9468 15.5574 1.4759
      vertex 15.9701 15.5185 2.5
      vertex 15.9146 15.6111 2.5
    endloop
  endfacet
  facet normal 0.0491058 0.998794 0
    outer loop
      vertex 15 13.9 2.5
      vertex 14.8922 13.9053 1.40671
      vertex 14.8922 13.9053 2.5
    endloop
  endfacet
  facet normal 0.0491058 0.998794 0
    outer loop
      vertex 14.8922 13.9053 1.40671
      vertex 15 13.9 2.5
      vertex 15 13.9 1.40648
    endloop
  endfacet
  facet normal 0.740987 -0.671519 0
    outer loop
      vertex 14.1497 15.6978 2.5
      vertex 14.2222 15.7778 1.42095
      vertex 14.2222 15.7778 2.5
    endloop
  endfacet
  facet normal 0.740987 -0.671519 0
    outer loop
      vertex 14.2222 15.7778 1.42095
      vertex 14.1497 15.6978 2.5
      vertex 14.1497 15.6978 1.41769
    endloop
  endfacet
  facet normal 0.903681 -0.428206 0
    outer loop
      vertex 13.9837 15.421 2.5
      vertex 14.0299 15.5185 1.41231
      vertex 14.0299 15.5185 2.5
    endloop
  endfacet
  facet normal 0.903681 -0.428206 0
    outer loop
      vertex 14.0299 15.5185 1.41231
      vertex 13.9837 15.421 2.5
      vertex 13.9837 15.421 1.41024
    endloop
  endfacet
  facet normal 0.671519 0.740987 -2.12829e-05
    outer loop
      vertex 14.2716 14.1774 1.412
      vertex 14.2222 14.2222 2.5
      vertex 14.3022 14.1497 2.5
    endloop
  endfacet
  facet normal 0.671777 0.740754 0
    outer loop
      vertex 14.2222 14.2222 2.5
      vertex 14.2716 14.1774 1.412
      vertex 14.2222 14.2222 1.412
    endloop
  endfacet
  facet normal 0.671104 0.741364 0
    outer loop
      vertex 14.2716 14.1774 1.412
      vertex 14.3022 14.1497 2.5
      vertex 14.3022 14.1497 1.41188
    endloop
  endfacet
  facet normal 0.969869 -0.243625 0
    outer loop
      vertex 13.9211 15.2146 2.5
      vertex 13.9474 15.3193 1.4086
      vertex 13.9474 15.3193 2.5
    endloop
  endfacet
  facet normal 0.969869 -0.243625 0
    outer loop
      vertex 13.9474 15.3193 1.4086
      vertex 13.9211 15.2146 2.5
      vertex 13.9211 15.2146 1.40743
    endloop
  endfacet
  facet normal -0.243625 -0.969869 0
    outer loop
      vertex 15.2146 16.0789 2.5
      vertex 15.3193 16.0526 1.4695
      vertex 15.3193 16.0526 2.5
    endloop
  endfacet
  facet normal -0.243553 -0.969888 7.80231e-06
    outer loop
      vertex 15.2146 16.0789 2.5
      vertex 15.252 16.0695 1.46702
      vertex 15.3193 16.0526 1.4695
    endloop
  endfacet
  facet normal -0.243756 -0.969837 0
    outer loop
      vertex 15.252 16.0695 1.46702
      vertex 15.2146 16.0789 2.5
      vertex 15.2146 16.0789 1.46545
    endloop
  endfacet
  facet normal 0.969869 0.243625 -0
    outer loop
      vertex 13.9474 14.6807 1.4086
      vertex 13.9211 14.7854 2.5
      vertex 13.9474 14.6807 2.5
    endloop
  endfacet
  facet normal 0.969869 0.243625 0
    outer loop
      vertex 13.9211 14.7854 2.5
      vertex 13.9474 14.6807 1.4086
      vertex 13.9211 14.7854 1.40743
    endloop
  endfacet
  facet normal 0.428206 0.903681 1.14857e-05
    outer loop
      vertex 14.5345 14.0048 1.4106
      vertex 14.4815 14.0299 2.5
      vertex 14.579 13.9837 2.5
    endloop
  endfacet
  facet normal 0.428013 0.903773 0
    outer loop
      vertex 14.4815 14.0299 2.5
      vertex 14.5345 14.0048 1.4106
      vertex 14.4815 14.0299 1.41101
    endloop
  endfacet
  facet normal 0.428435 0.903572 0
    outer loop
      vertex 14.5345 14.0048 1.4106
      vertex 14.579 13.9837 2.5
      vertex 14.579 13.9837 1.41005
    endloop
  endfacet
  facet normal 0.741364 0.671104 0
    outer loop
      vertex 14.1497 14.3022 2.5
      vertex 14.1774 14.2716 1.412
      vertex 14.1497 14.3022 1.41188
    endloop
  endfacet
  facet normal 0.740987 0.671519 -2.12829e-05
    outer loop
      vertex 14.2222 14.2222 2.5
      vertex 14.1774 14.2716 1.412
      vertex 14.1497 14.3022 2.5
    endloop
  endfacet
  facet normal 0.740754 0.671777 0
    outer loop
      vertex 14.1774 14.2716 1.412
      vertex 14.2222 14.2222 2.5
      vertex 14.2222 14.2222 1.412
    endloop
  endfacet
  facet normal -0.0491058 0.998794 0
    outer loop
      vertex 15.1078 13.9053 1.40671
      vertex 15 13.9 2.5
      vertex 15.1078 13.9053 2.5
    endloop
  endfacet
  facet normal -0.0491058 0.998794 0
    outer loop
      vertex 15 13.9 2.5
      vertex 15.1078 13.9053 1.40671
      vertex 15 13.9 1.40648
    endloop
  endfacet
  facet normal 0.989233 0.146347 0
    outer loop
      vertex 13.9211 14.7854 2.5
      vertex 13.9053 14.8922 1.40671
      vertex 13.9053 14.8922 2.5
    endloop
  endfacet
  facet normal 0.989233 0.146347 0
    outer loop
      vertex 13.9053 14.8922 1.40671
      vertex 13.9211 14.7854 2.5
      vertex 13.9211 14.7854 1.40743
    endloop
  endfacet
  facet normal -0.595693 0.803212 0
    outer loop
      vertex 15.6978 14.1497 1.41769
      vertex 15.6111 14.0854 2.5
      vertex 15.6978 14.1497 2.5
    endloop
  endfacet
  facet normal -0.595693 0.803212 0
    outer loop
      vertex 15.6111 14.0854 2.5
      vertex 15.6978 14.1497 1.41769
      vertex 15.6111 14.0854 1.4148
    endloop
  endfacet
  facet normal 0.803358 0.595496 0
    outer loop
      vertex 14.0854 14.3889 2.5
      vertex 14.096 14.3746 1.41168
      vertex 14.0854 14.3889 1.41157
    endloop
  endfacet
  facet normal 0.803122 0.595815 -6.49022e-06
    outer loop
      vertex 14.0854 14.3889 2.5
      vertex 14.1348 14.3223 1.41188
      vertex 14.096 14.3746 1.41168
    endloop
  endfacet
  facet normal 0.803212 0.595693 5.10841e-06
    outer loop
      vertex 14.1497 14.3022 2.5
      vertex 14.1348 14.3223 1.41188
      vertex 14.0854 14.3889 2.5
    endloop
  endfacet
  facet normal 0.803345 0.595514 0
    outer loop
      vertex 14.1348 14.3223 1.41188
      vertex 14.1497 14.3022 2.5
      vertex 14.1497 14.3022 1.41188
    endloop
  endfacet
  facet normal 0.998794 -0.0491058 0
    outer loop
      vertex 13.9 15 2.5
      vertex 13.9053 15.1078 1.40671
      vertex 13.9053 15.1078 2.5
    endloop
  endfacet
  facet normal 0.998794 -0.0491058 0
    outer loop
      vertex 13.9053 15.1078 1.40671
      vertex 13.9 15 2.5
      vertex 13.9 15 1.40648
    endloop
  endfacet
  facet normal -0.740987 0.671519 0
    outer loop
      vertex 15.7778 14.2222 2.5
      vertex 15.8503 14.3022 1.42454
      vertex 15.7778 14.2222 1.42095
    endloop
  endfacet
  facet normal -0.740987 0.671519 0
    outer loop
      vertex 15.8503 14.3022 1.42454
      vertex 15.7778 14.2222 2.5
      vertex 15.8503 14.3022 2.5
    endloop
  endfacet
  facet normal -1 0 0
    outer loop
      vertex 8 -19.5 0
      vertex 8 -16.5 2.5
      vertex 8 -16.5 0
    endloop
  endfacet
  facet normal -1 -0 0
    outer loop
      vertex 8 -16.5 2.5
      vertex 8 -19.5 0
      vertex 8 -19.5 2.5
    endloop
  endfacet
  facet normal 1 -0 0
    outer loop
      vertex -8 -19.5 2.5
      vertex -8 -16.5 0
      vertex -8 -16.5 2.5
    endloop
  endfacet
  facet normal 1 0 0
    outer loop
      vertex -8 -16.5 0
      vertex -8 -19.5 2.5
      vertex -8 -19.5 0
    endloop
  endfacet
  facet normal 0 -1 0
    outer loop
      vertex -8 -16.5 0
      vertex 8 -16.5 2.5
      vertex -8 -16.5 2.5
    endloop
  endfacet
  facet normal 0 -1 -0
    outer loop
      vertex 8 -16.5 2.5
      vertex -8 -16.5 0
      vertex 8 -16.5 0
    endloop
  endfacet
  facet normal 0 1 -0
    outer loop
      vertex 8 -19.5 0
      vertex -8 -19.5 2.5
      vertex 8 -19.5 2.5
    endloop
  endfacet
  facet normal 0 1 0
    outer loop
      vertex -8 -19.5 2.5
      vertex 8 -19.5 0
      vertex -8 -19.5 0
    endloop
  endfacet
  facet normal -1 0 0
    outer loop
      vertex 8 16.5 0
      vertex 8 19.5 2.5
      vertex 8 19.5 0
    endloop
  endfacet
  facet normal -1 -0 0
    outer loop
      vertex 8 19.5 2.5
      vertex 8 16.5 0
      vertex 8 16.5 2.5
    endloop
  endfacet
  facet normal 1 -0 0
    outer loop
      vertex -8 16.5 2.5
      vertex -8 19.5 0
      vertex -8 19.5 2.5
    endloop
  endfacet
  facet normal 1 0 0
    outer loop
      vertex -8 19.5 0
      vertex -8 16.5 2.5
      vertex -8 16.5 0
    endloop
  endfacet
  facet normal 0 -1 0
    outer loop
      vertex -8 19.5 0
      vertex 8 19.5 2.5
      vertex -8 19.5 2.5
    endloop
  endfacet
  facet normal 0 -1 -0
    outer loop
      vertex 8 19.5 2.5
      vertex -8 19.5 0
      vertex 8 19.5 0
    endloop
  endfacet
  facet normal 0 1 -0
    outer loop
      vertex 8 16.5 0
      vertex -8 16.5 2.5
      vertex 8 16.5 2.5
    endloop
  endfacet
  facet normal 0 1 0
    outer loop
      vertex -8 16.5 2.5
      vertex 8 16.5 0
      vertex -8 16.5 0
    endloop
  endfacet
  facet normal 1 0 0
    outer loop
      vertex 21 21 2.5
      vertex 21 20.7412 1.69476
      vertex 21 21 1.70054
    endloop
  endfacet
  facet normal 1 0 0
    outer loop
      vertex 21 21 2.5
      vertex 21 20.4919 1.68866
      vertex 21 20.7412 1.69476
    endloop
  endfacet
  facet normal 1 0 0
    outer loop
      vertex 21 21 2.5
      vertex 21 20.2549 1.68233
      vertex 21 20.4919 1.68866
    endloop
  endfacet
  facet normal 1 0 0
    outer loop
      vertex 21 21 2.5
      vertex 21 20.0324 1.67585
      vertex 21 20.2549 1.68233
    endloop
  endfacet
  facet normal 1 0 0
    outer loop
      vertex 21 21 2.5
      vertex 21 19.8264 1.66931
      vertex 21 20.0324 1.67585
    endloop
  endfacet
  facet normal 1 0 0
    outer loop
      vertex 21 21 2.5
      vertex 21 19.6384 1.66277
      vertex 21 19.8264 1.66931
    endloop
  endfacet
  facet normal 1 0 0
    outer loop
      vertex 21 21 2.5
      vertex 21 19.4696 1.65631
      vertex 21 19.6384 1.66277
    endloop
  endfacet
  facet normal 1 0 0
    outer loop
      vertex 21 21 2.5
      vertex 21 19.3207 1.64999
      vertex 21 19.4696 1.65631
    endloop
  endfacet
  facet normal 1 0 0
    outer loop
      vertex 21 21 2.5
      vertex 21 14.2408 1.42179
      vertex 21 19.3207 1.64999
    endloop
  endfacet
  facet normal 1 0 0
    outer loop
      vertex 21 21 2.5
      vertex 21 14.1702 1.41846
      vertex 21 14.2408 1.42179
    endloop
  endfacet
  facet normal 1 0 0
    outer loop
      vertex 21 21 2.5
      vertex 21 14.1096 1.41529
      vertex 21 14.1702 1.41846
    endloop
  endfacet
  facet normal 1 0 0
    outer loop
      vertex 21 21 2.5
      vertex 21 14.059 1.4123
      vertex 21 14.1096 1.41529
    endloop
  endfacet
  facet normal 1 0 0
    outer loop
      vertex 21 21 2.5
      vertex 21 14.0183 1.4095
      vertex 21 14.059 1.4123
    endloop
  endfacet
  facet normal 1 0 0
    outer loop
      vertex 21 21 2.5
      vertex 21 13.9872 1.4069
      vertex 21 14.0183 1.4095
    endloop
  endfacet
  facet normal 1 0 0
    outer loop
      vertex 21 21 2.5
      vertex 21 13.9655 1.40451
      vertex 21 13.9872 1.4069
    endloop
  endfacet
  facet normal 1 0 0
    outer loop
      vertex 21 13.9493 1.40038
      vertex 21 -13.9493 1.40038
      vertex 21 13.9493 0
    endloop
  endfacet
  facet normal 1 0 0
    outer loop
      vertex 21 13.953 1.40233
      vertex 21 -13.9493 1.40038
      vertex 21 13.9493 1.40038
    endloop
  endfacet
  facet normal 1 0 0
    outer loop
      vertex 21 -13.953 1.40233
      vertex 21 13.953 1.40233
      vertex 21 13.9655 1.40451
    endloop
  endfacet
  facet normal 1 0 0
    outer loop
      vertex 21 -13.9655 1.40451
      vertex 21 13.9655 1.40451
      vertex 21 21 2.5
    endloop
  endfacet
  facet normal 1 0 0
    outer loop
      vertex 21 13.953 1.40233
      vertex 21 -13.953 1.40233
      vertex 21 -13.9493 1.40038
    endloop
  endfacet
  facet normal 1 0 0
    outer loop
      vertex 21 13.9655 1.40451
      vertex 21 -13.9655 1.40451
      vertex 21 -13.953 1.40233
    endloop
  endfacet
  facet normal 1 -0 0
    outer loop
      vertex 21 -21 2.5
      vertex 21 -13.9655 1.40451
      vertex 21 21 2.5
    endloop
  endfacet
  facet normal 1 0 0
    outer loop
      vertex 21 -13.9655 1.40451
      vertex 21 -21 2.5
      vertex 21 -13.9872 1.4069
    endloop
  endfacet
  facet normal 1 0 0
    outer loop
      vertex 21 -13.9872 1.4069
      vertex 21 -21 2.5
      vertex 21 -14.0183 1.4095
    endloop
  endfacet
  facet normal 1 0 0
    outer loop
      vertex 21 -14.0183 1.4095
      vertex 21 -21 2.5
      vertex 21 -14.059 1.4123
    endloop
  endfacet
  facet normal 1 0 0
    outer loop
      vertex 21 -14.059 1.4123
      vertex 21 -21 2.5
      vertex 21 -14.1096 1.41529
    endloop
  endfacet
  facet normal 1 0 0
    outer loop
      vertex 21 -14.1096 1.41529
      vertex 21 -21 2.5
      vertex 21 -14.1702 1.41846
    endloop
  endfacet
  facet normal 1 0 0
    outer loop
      vertex 21 -14.1702 1.41846
      vertex 21 -21 2.5
      vertex 21 -14.2408 1.42179
    endloop
  endfacet
  facet normal 1 0 0
    outer loop
      vertex 21 -14.2408 1.42179
      vertex 21 -21 2.5
      vertex 21 -19.3207 1.64999
    endloop
  endfacet
  facet normal 1 0 0
    outer loop
      vertex 21 -19.3207 1.64999
      vertex 21 -21 2.5
      vertex 21 -19.4696 1.65631
    endloop
  endfacet
  facet normal 1 0 0
    outer loop
      vertex 21 -19.4696 1.65631
      vertex 21 -21 2.5
      vertex 21 -19.6384 1.66277
    endloop
  endfacet
  facet normal 1 0 0
    outer loop
      vertex 21 -19.6384 1.66277
      vertex 21 -21 2.5
      vertex 21 -19.8264 1.66931
    endloop
  endfacet
  facet normal 1 0 0
    outer loop
      vertex 21 -19.8264 1.66931
      vertex 21 -21 2.5
      vertex 21 -20.0324 1.67585
    endloop
  endfacet
  facet normal 1 0 0
    outer loop
      vertex 21 -20.0324 1.67585
      vertex 21 -21 2.5
      vertex 21 -20.2549 1.68233
    endloop
  endfacet
  facet normal 1 0 0
    outer loop
      vertex 21 -20.2549 1.68233
      vertex 21 -21 2.5
      vertex 21 -20.4919 1.68866
    endloop
  endfacet
  facet normal 1 0 0
    outer loop
      vertex 21 -20.4919 1.68866
      vertex 21 -21 2.5
      vertex 21 -20.7412 1.69476
    endloop
  endfacet
  facet normal 1 0 0
    outer loop
      vertex 21 -20.7412 1.69476
      vertex 21 -21 2.5
      vertex 21 -21 1.70054
    endloop
  endfacet
  facet normal 1 0 0
    outer loop
      vertex 21 13.9493 0
      vertex 21 -13.9493 1.40038
      vertex 21 -13.9493 0
    endloop
  endfacet
  facet normal 0 0 1
    outer loop
      vertex -13.9474 14.6807 2.5
      vertex -8 16.5 2.5
      vertex -13.9211 14.7854 2.5
    endloop
  endfacet
  facet normal 0 0 1
    outer loop
      vertex -8 -16.5 2.5
      vertex -13.9053 -14.8922 2.5
      vertex -13.9 -15 2.5
    endloop
  endfacet
  facet normal 0 0 1
    outer loop
      vertex -13.9837 14.579 2.5
      vertex -8 16.5 2.5
      vertex -13.9474 14.6807 2.5
    endloop
  endfacet
  facet normal 0 0 1
    outer loop
      vertex -8 -16.5 2.5
      vertex -13.9211 -14.7854 2.5
      vertex -13.9053 -14.8922 2.5
    endloop
  endfacet
  facet normal 0 0 1
    outer loop
      vertex -14.0299 14.4815 2.5
      vertex -8 16.5 2.5
      vertex -13.9837 14.579 2.5
    endloop
  endfacet
  facet normal 0 0 1
    outer loop
      vertex -8 -16.5 2.5
      vertex -13.9474 -14.6807 2.5
      vertex -13.9211 -14.7854 2.5
    endloop
  endfacet
  facet normal 0 0 1
    outer loop
      vertex -14.0854 14.3889 2.5
      vertex -8 16.5 2.5
      vertex -14.0299 14.4815 2.5
    endloop
  endfacet
  facet normal 0 0 1
    outer loop
      vertex -8 -16.5 2.5
      vertex -13.9837 -14.579 2.5
      vertex -13.9474 -14.6807 2.5
    endloop
  endfacet
  facet normal 0 0 1
    outer loop
      vertex -14.1497 14.3022 2.5
      vertex -8 16.5 2.5
      vertex -14.0854 14.3889 2.5
    endloop
  endfacet
  facet normal 0 0 1
    outer loop
      vertex -8 -16.5 2.5
      vertex -14.0299 -14.4815 2.5
      vertex -13.9837 -14.579 2.5
    endloop
  endfacet
  facet normal 0 0 1
    outer loop
      vertex -14.2222 14.2222 2.5
      vertex -8 16.5 2.5
      vertex -14.1497 14.3022 2.5
    endloop
  endfacet
  facet normal 0 0 1
    outer loop
      vertex -8 -16.5 2.5
      vertex -14.0854 -14.3889 2.5
      vertex -14.0299 -14.4815 2.5
    endloop
  endfacet
  facet normal 0 0 1
    outer loop
      vertex -14.3022 14.1497 2.5
      vertex -8 16.5 2.5
      vertex -14.2222 14.2222 2.5
    endloop
  endfacet
  facet normal 0 0 1
    outer loop
      vertex -8 -16.5 2.5
      vertex -14.1497 -14.3022 2.5
      vertex -14.0854 -14.3889 2.5
    endloop
  endfacet
  facet normal 0 0 1
    outer loop
      vertex -14.3889 14.0854 2.5
      vertex -8 16.5 2.5
      vertex -14.3022 14.1497 2.5
    endloop
  endfacet
  facet normal 0 0 1
    outer loop
      vertex -8 -16.5 2.5
      vertex -14.2222 -14.2222 2.5
      vertex -14.1497 -14.3022 2.5
    endloop
  endfacet
  facet normal 0 0 1
    outer loop
      vertex -8 16.5 2.5
      vertex -14.3889 14.0854 2.5
      vertex -8 -16.5 2.5
    endloop
  endfacet
  facet normal 0 0 1
    outer loop
      vertex -8 -16.5 2.5
      vertex -14.3022 -14.1497 2.5
      vertex -14.2222 -14.2222 2.5
    endloop
  endfacet
  facet normal -0 0 1
    outer loop
      vertex -14.3889 -14.0854 2.5
      vertex -8 -16.5 2.5
      vertex -14.3889 14.0854 2.5
    endloop
  endfacet
  facet normal 0 0 1
    outer loop
      vertex -8 -16.5 2.5
      vertex -14.3889 -14.0854 2.5
      vertex -14.3022 -14.1497 2.5
    endloop
  endfacet
  facet normal -0 0 1
    outer loop
      vertex -14.4815 14.0299 2.5
      vertex -14.3889 -14.0854 2.5
      vertex -14.3889 14.0854 2.5
    endloop
  endfacet
  facet normal 0 0 1
    outer loop
      vertex -14.4815 14.0299 2.5
      vertex -14.4815 -14.0299 2.5
      vertex -14.3889 -14.0854 2.5
    endloop
  endfacet
  facet normal -0 0 1
    outer loop
      vertex -14.579 13.9837 2.5
      vertex -14.4815 -14.0299 2.5
      vertex -14.4815 14.0299 2.5
    endloop
  endfacet
  facet normal 0 0 1
    outer loop
      vertex -14.579 13.9837 2.5
      vertex -14.579 -13.9837 2.5
      vertex -14.4815 -14.0299 2.5
    endloop
  endfacet
  facet normal -0 0 1
    outer loop
      vertex -14.6807 13.9474 2.5
      vertex -14.579 -13.9837 2.5
      vertex -14.579 13.9837 2.5
    endloop
  endfacet
  facet normal 0 0 1
    outer loop
      vertex -14.6807 13.9474 2.5
      vertex -14.6807 -13.9474 2.5
      vertex -14.579 -13.9837 2.5
    endloop
  endfacet
  facet normal -0 0 1
    outer loop
      vertex -14.7854 13.9211 2.5
      vertex -14.6807 -13.9474 2.5
      vertex -14.6807 13.9474 2.5
    endloop
  endfacet
  facet normal 0 0 1
    outer loop
      vertex -14.7854 13.9211 2.5
      vertex -14.7854 -13.9211 2.5
      vertex -14.6807 -13.9474 2.5
    endloop
  endfacet
  facet normal -0 0 1
    outer loop
      vertex -14.8922 13.9053 2.5
      vertex -14.7854 -13.9211 2.5
      vertex -14.7854 13.9211 2.5
    endloop
  endfacet
  facet normal 0 0 1
    outer loop
      vertex -14.8922 13.9053 2.5
      vertex -14.8922 -13.9053 2.5
      vertex -14.7854 -13.9211 2.5
    endloop
  endfacet
  facet normal -0 0 1
    outer loop
      vertex -15 13.9 2.5
      vertex -14.8922 -13.9053 2.5
      vertex -14.8922 13.9053 2.5
    endloop
  endfacet
  facet normal 0 0 1
    outer loop
      vertex -15 13.9 2.5
      vertex -15 -13.9 2.5
      vertex -14.8922 -13.9053 2.5
    endloop
  endfacet
  facet normal 0 0 1
    outer loop
      vertex -15.1078 13.9053 2.5
      vertex -15 -13.9 2.5
      vertex -15 13.9 2.5
    endloop
  endfacet
  facet normal 0 0 1
    outer loop
      vertex -15.1078 13.9053 2.5
      vertex -15.1078 -13.9053 2.5
      vertex -15 -13.9 2.5
    endloop
  endfacet
  facet normal 0 0 1
    outer loop
      vertex -15.2146 13.9211 2.5
      vertex -15.1078 -13.9053 2.5
      vertex -15.1078 13.9053 2.5
    endloop
  endfacet
  facet normal 0 0 1
    outer loop
      vertex -15.2146 13.9211 2.5
      vertex -15.2146 -13.9211 2.5
      vertex -15.1078 -13.9053 2.5
    endloop
  endfacet
  facet normal 0 0 1
    outer loop
      vertex -15.3193 13.9474 2.5
      vertex -15.2146 -13.9211 2.5
      vertex -15.2146 13.9211 2.5
    endloop
  endfacet
  facet normal 0 0 1
    outer loop
      vertex -15.3193 13.9474 2.5
      vertex -15.3193 -13.9474 2.5
      vertex -15.2146 -13.9211 2.5
    endloop
  endfacet
  facet normal 0 0 1
    outer loop
      vertex -15.421 13.9837 2.5
      vertex -15.3193 -13.9474 2.5
      vertex -15.3193 13.9474 2.5
    endloop
  endfacet
  facet normal 0 0 1
    outer loop
      vertex -15.421 13.9837 2.5
      vertex -15.421 -13.9837 2.5
      vertex -15.3193 -13.9474 2.5
    endloop
  endfacet
  facet normal 0 0 1
    outer loop
      vertex -15.5185 14.0299 2.5
      vertex -15.421 -13.9837 2.5
      vertex -15.421 13.9837 2.5
    endloop
  endfacet
  facet normal 0 0 1
    outer loop
      vertex -15.5185 14.0299 2.5
      vertex -15.5185 -14.0299 2.5
      vertex -15.421 -13.9837 2.5
    endloop
  endfacet
  facet normal 0 0 1
    outer loop
      vertex -15.6111 14.0854 2.5
      vertex -15.5185 -14.0299 2.5
      vertex -15.5185 14.0299 2.5
    endloop
  endfacet
  facet normal 0 0 1
    outer loop
      vertex -15.6111 14.0854 2.5
      vertex -15.6111 -14.0854 2.5
      vertex -15.5185 -14.0299 2.5
    endloop
  endfacet
  facet normal 0 0 1
    outer loop
      vertex -15.6978 14.1497 2.5
      vertex -15.6111 -14.0854 2.5
      vertex -15.6111 14.0854 2.5
    endloop
  endfacet
  facet normal 0 0 1
    outer loop
      vertex -15.6978 14.1497 2.5
      vertex -15.6978 -14.1497 2.5
      vertex -15.6111 -14.0854 2.5
    endloop
  endfacet
  facet normal 0 0 1
    outer loop
      vertex -15.7778 14.2222 2.5
      vertex -15.6978 -14.1497 2.5
      vertex -15.6978 14.1497 2.5
    endloop
  endfacet
  facet normal 0 0 1
    outer loop
      vertex -15.7778 14.2222 2.5
      vertex -15.7778 -14.2222 2.5
      vertex -15.6978 -14.1497 2.5
    endloop
  endfacet
  facet normal 0 0 1
    outer loop
      vertex -15.8503 14.3022 2.5
      vertex -15.7778 -14.2222 2.5
      vertex -15.7778 14.2222 2.5
    endloop
  endfacet
  facet normal 0 0 1
    outer loop
      vertex -15.8503 14.3022 2.5
      vertex -15.8503 -14.3022 2.5
      vertex -15.7778 -14.2222 2.5
    endloop
  endfacet
  facet normal 0 0 1
    outer loop
      vertex -15.9146 14.3889 2.5
      vertex -15.8503 -14.3022 2.5
      vertex -15.8503 14.3022 2.5
    endloop
  endfacet
  facet normal 0 0 1
    outer loop
      vertex -15.9146 14.3889 2.5
      vertex -15.9146 -14.3889 2.5
      vertex -15.8503 -14.3022 2.5
    endloop
  endfacet
  facet normal 0 0 1
    outer loop
      vertex -15.9701 14.4815 2.5
      vertex -15.9146 -14.3889 2.5
      vertex -15.9146 14.3889 2.5
    endloop
  endfacet
  facet normal 0 0 1
    outer loop
      vertex -15.9701 14.4815 2.5
      vertex -15.9701 -14.4815 2.5
      vertex -15.9146 -14.3889 2.5
    endloop
  endfacet
  facet normal 0 0 1
    outer loop
      vertex -21 21 2.5
      vertex -15.9701 14.4815 2.5
      vertex -16.0163 14.579 2.5
    endloop
  endfacet
  facet normal 0 0 1
    outer loop
      vertex -15.9701 14.4815 2.5
      vertex -21 21 2.5
      vertex -15.9701 -14.4815 2.5
    endloop
  endfacet
  facet normal 0 0 1
    outer loop
      vertex -21 21 2.5
      vertex -16.0163 14.579 2.5
      vertex -16.0526 14.6807 2.5
    endloop
  endfacet
  facet normal 0 0 1
    outer loop
      vertex -21 -21 2.5
      vertex -15.9701 -14.4815 2.5
      vertex -21 21 2.5
    endloop
  endfacet
  facet normal 0 0 1
    outer loop
      vertex -21 21 2.5
      vertex -16.0526 14.6807 2.5
      vertex -16.0789 14.7854 2.5
    endloop
  endfacet
  facet normal 0 0 1
    outer loop
      vertex -15.9701 -14.4815 2.5
      vertex -21 -21 2.5
      vertex -16.0163 -14.579 2.5
    endloop
  endfacet
  facet normal 0 0 1
    outer loop
      vertex -21 21 2.5
      vertex -16.0789 14.7854 2.5
      vertex -16.0947 14.8922 2.5
    endloop
  endfacet
  facet normal 0 0 1
    outer loop
      vertex -16.0163 -14.579 2.5
      vertex -21 -21 2.5
      vertex -16.0526 -14.6807 2.5
    endloop
  endfacet
  facet normal 0 0 1
    outer loop
      vertex -21 21 2.5
      vertex -16.0947 14.8922 2.5
      vertex -16.1 15 2.5
    endloop
  endfacet
  facet normal 0 0 1
    outer loop
      vertex -16.0526 -14.6807 2.5
      vertex -21 -21 2.5
      vertex -16.0789 -14.7854 2.5
    endloop
  endfacet
  facet normal -0 0 1
    outer loop
      vertex -8 16.5 2.5
      vertex 8 -16.5 2.5
      vertex 8 16.5 2.5
    endloop
  endfacet
  facet normal 0 0 1
    outer loop
      vertex 8 -16.5 2.5
      vertex -8 16.5 2.5
      vertex -8 -16.5 2.5
    endloop
  endfacet
  facet normal 0 0 1
    outer loop
      vertex 16.0526 14.6807 2.5
      vertex 21 21 2.5
      vertex 16.0789 14.7854 2.5
    endloop
  endfacet
  facet normal 0 0 1
    outer loop
      vertex 21 -21 2.5
      vertex 16.0947 -14.8922 2.5
      vertex 16.1 -15 2.5
    endloop
  endfacet
  facet normal 0 0 1
    outer loop
      vertex 16.0163 14.579 2.5
      vertex 21 21 2.5
      vertex 16.0526 14.6807 2.5
    endloop
  endfacet
  facet normal 0 0 1
    outer loop
      vertex 21 -21 2.5
      vertex 16.0789 -14.7854 2.5
      vertex 16.0947 -14.8922 2.5
    endloop
  endfacet
  facet normal 0 0 1
    outer loop
      vertex 15.9701 14.4815 2.5
      vertex 21 21 2.5
      vertex 16.0163 14.579 2.5
    endloop
  endfacet
  facet normal 0 0 1
    outer loop
      vertex 21 -21 2.5
      vertex 16.0526 -14.6807 2.5
      vertex 16.0789 -14.7854 2.5
    endloop
  endfacet
  facet normal 0 0 1
    outer loop
      vertex 21 21 2.5
      vertex 15.9701 14.4815 2.5
      vertex 21 -21 2.5
    endloop
  endfacet
  facet normal 0 0 1
    outer loop
      vertex 21 -21 2.5
      vertex 16.0163 -14.579 2.5
      vertex 16.0526 -14.6807 2.5
    endloop
  endfacet
  facet normal -0 0 1
    outer loop
      vertex 15.9701 -14.4815 2.5
      vertex 21 -21 2.5
      vertex 15.9701 14.4815 2.5
    endloop
  endfacet
  facet normal 0 0 1
    outer loop
      vertex 21 -21 2.5
      vertex 15.9701 -14.4815 2.5
      vertex 16.0163 -14.579 2.5
    endloop
  endfacet
  facet normal -0 0 1
    outer loop
      vertex 15.9146 14.3889 2.5
      vertex 15.9701 -14.4815 2.5
      vertex 15.9701 14.4815 2.5
    endloop
  endfacet
  facet normal 0 0 1
    outer loop
      vertex 15.9146 14.3889 2.5
      vertex 15.9146 -14.3889 2.5
      vertex 15.9701 -14.4815 2.5
    endloop
  endfacet
  facet normal -0 0 1
    outer loop
      vertex 15.8503 14.3022 2.5
      vertex 15.9146 -14.3889 2.5
      vertex 15.9146 14.3889 2.5
    endloop
  endfacet
  facet normal 0 0 1
    outer loop
      vertex 15.8503 14.3022 2.5
      vertex 15.8503 -14.3022 2.5
      vertex 15.9146 -14.3889 2.5
    endloop
  endfacet
  facet normal -0 0 1
    outer loop
      vertex 15.7778 14.2222 2.5
      vertex 15.8503 -14.3022 2.5
      vertex 15.8503 14.3022 2.5
    endloop
  endfacet
  facet normal 0 0 1
    outer loop
      vertex 15.7778 14.2222 2.5
      vertex 15.7778 -14.2222 2.5
      vertex 15.8503 -14.3022 2.5
    endloop
  endfacet
  facet normal -0 0 1
    outer loop
      vertex 15.6978 14.1497 2.5
      vertex 15.7778 -14.2222 2.5
      vertex 15.7778 14.2222 2.5
    endloop
  endfacet
  facet normal 0 0 1
    outer loop
      vertex 15.6978 14.1497 2.5
      vertex 15.6978 -14.1497 2.5
      vertex 15.7778 -14.2222 2.5
    endloop
  endfacet
  facet normal -0 0 1
    outer loop
      vertex 15.6111 14.0854 2.5
      vertex 15.6978 -14.1497 2.5
      vertex 15.6978 14.1497 2.5
    endloop
  endfacet
  facet normal 0 0 1
    outer loop
      vertex 15.6111 14.0854 2.5
      vertex 15.6111 -14.0854 2.5
      vertex 15.6978 -14.1497 2.5
    endloop
  endfacet
  facet normal -0 0 1
    outer loop
      vertex 15.5185 14.0299 2.5
      vertex 15.6111 -14.0854 2.5
      vertex 15.6111 14.0854 2.5
    endloop
  endfacet
  facet normal 0 0 1
    outer loop
      vertex 15.5185 14.0299 2.5
      vertex 15.5185 -14.0299 2.5
      vertex 15.6111 -14.0854 2.5
    endloop
  endfacet
  facet normal -0 0 1
    outer loop
      vertex 15.421 13.9837 2.5
      vertex 15.5185 -14.0299 2.5
      vertex 15.5185 14.0299 2.5
    endloop
  endfacet
  facet normal 0 0 1
    outer loop
      vertex 15.421 13.9837 2.5
      vertex 15.421 -13.9837 2.5
      vertex 15.5185 -14.0299 2.5
    endloop
  endfacet
  facet normal -0 0 1
    outer loop
      vertex 15.3193 13.9474 2.5
      vertex 15.421 -13.9837 2.5
      vertex 15.421 13.9837 2.5
    endloop
  endfacet
  facet normal 0 0 1
    outer loop
      vertex 15.3193 13.9474 2.5
      vertex 15.3193 -13.9474 2.5
      vertex 15.421 -13.9837 2.5
    endloop
  endfacet
  facet normal -0 0 1
    outer loop
      vertex 15.2146 13.9211 2.5
      vertex 15.3193 -13.9474 2.5
      vertex 15.3193 13.9474 2.5
    endloop
  endfacet
  facet normal 0 0 1
    outer loop
      vertex 15.2146 13.9211 2.5
      vertex 15.2146 -13.9211 2.5
      vertex 15.3193 -13.9474 2.5
    endloop
  endfacet
  facet normal -0 0 1
    outer loop
      vertex 15.1078 13.9053 2.5
      vertex 15.2146 -13.9211 2.5
      vertex 15.2146 13.9211 2.5
    endloop
  endfacet
  facet normal 0 0 1
    outer loop
      vertex 15.1078 13.9053 2.5
      vertex 15.1078 -13.9053 2.5
      vertex 15.2146 -13.9211 2.5
    endloop
  endfacet
  facet normal -0 0 1
    outer loop
      vertex 15 13.9 2.5
      vertex 15.1078 -13.9053 2.5
      vertex 15.1078 13.9053 2.5
    endloop
  endfacet
  facet normal 0 0 1
    outer loop
      vertex 15 13.9 2.5
      vertex 15 -13.9 2.5
      vertex 15.1078 -13.9053 2.5
    endloop
  endfacet
  facet normal 0 0 1
    outer loop
      vertex 14.8922 13.9053 2.5
      vertex 15 -13.9 2.5
      vertex 15 13.9 2.5
    endloop
  endfacet
  facet normal 0 0 1
    outer loop
      vertex 14.8922 13.9053 2.5
      vertex 14.8922 -13.9053 2.5
      vertex 15 -13.9 2.5
    endloop
  endfacet
  facet normal 0 0 1
    outer loop
      vertex 14.7854 13.9211 2.5
      vertex 14.8922 -13.9053 2.5
      vertex 14.8922 13.9053 2.5
    endloop
  endfacet
  facet normal 0 0 1
    outer loop
      vertex 14.7854 13.9211 2.5
      vertex 14.7854 -13.9211 2.5
      vertex 14.8922 -13.9053 2.5
    endloop
  endfacet
  facet normal 0 0 1
    outer loop
      vertex 14.6807 13.9474 2.5
      vertex 14.7854 -13.9211 2.5
      vertex 14.7854 13.9211 2.5
    endloop
  endfacet
  facet normal 0 0 1
    outer loop
      vertex 14.6807 13.9474 2.5
      vertex 14.6807 -13.9474 2.5
      vertex 14.7854 -13.9211 2.5
    endloop
  endfacet
  facet normal 0 0 1
    outer loop
      vertex 14.579 13.9837 2.5
      vertex 14.6807 -13.9474 2.5
      vertex 14.6807 13.9474 2.5
    endloop
  endfacet
  facet normal 0 0 1
    outer loop
      vertex 14.579 13.9837 2.5
      vertex 14.579 -13.9837 2.5
      vertex 14.6807 -13.9474 2.5
    endloop
  endfacet
  facet normal 0 0 1
    outer loop
      vertex 14.4815 14.0299 2.5
      vertex 14.579 -13.9837 2.5
      vertex 14.579 13.9837 2.5
    endloop
  endfacet
  facet normal 0 0 1
    outer loop
      vertex 14.4815 14.0299 2.5
      vertex 14.4815 -14.0299 2.5
      vertex 14.579 -13.9837 2.5
    endloop
  endfacet
  facet normal 0 0 1
    outer loop
      vertex 14.3889 14.0854 2.5
      vertex 14.4815 -14.0299 2.5
      vertex 14.4815 14.0299 2.5
    endloop
  endfacet
  facet normal 0 0 1
    outer loop
      vertex 14.3889 14.0854 2.5
      vertex 14.3889 -14.0854 2.5
      vertex 14.4815 -14.0299 2.5
    endloop
  endfacet
  facet normal 0 0 1
    outer loop
      vertex 8 16.5 2.5
      vertex 14.3889 14.0854 2.5
      vertex 14.3022 14.1497 2.5
    endloop
  endfacet
  facet normal 0 0 1
    outer loop
      vertex 14.3889 14.0854 2.5
      vertex 8 16.5 2.5
      vertex 14.3889 -14.0854 2.5
    endloop
  endfacet
  facet normal 0 0 1
    outer loop
      vertex 8 16.5 2.5
      vertex 14.3022 14.1497 2.5
      vertex 14.2222 14.2222 2.5
    endloop
  endfacet
  facet normal 0 0 1
    outer loop
      vertex 8 -16.5 2.5
      vertex 14.3889 -14.0854 2.5
      vertex 8 16.5 2.5
    endloop
  endfacet
  facet normal 0 0 1
    outer loop
      vertex 8 16.5 2.5
      vertex 14.2222 14.2222 2.5
      vertex 14.1497 14.3022 2.5
    endloop
  endfacet
  facet normal 0 0 1
    outer loop
      vertex 14.3889 -14.0854 2.5
      vertex 8 -16.5 2.5
      vertex 14.3022 -14.1497 2.5
    endloop
  endfacet
  facet normal 0 0 1
    outer loop
      vertex 8 16.5 2.5
      vertex 14.1497 14.3022 2.5
      vertex 14.0854 14.3889 2.5
    endloop
  endfacet
  facet normal 0 0 1
    outer loop
      vertex 14.3022 -14.1497 2.5
      vertex 8 -16.5 2.5
      vertex 14.2222 -14.2222 2.5
    endloop
  endfacet
  facet normal 0 0 1
    outer loop
      vertex 8 16.5 2.5
      vertex 14.0854 14.3889 2.5
      vertex 14.0299 14.4815 2.5
    endloop
  endfacet
  facet normal 0 0 1
    outer loop
      vertex 14.2222 -14.2222 2.5
      vertex 8 -16.5 2.5
      vertex 14.1497 -14.3022 2.5
    endloop
  endfacet
  facet normal 0 0 1
    outer loop
      vertex 8 16.5 2.5
      vertex 14.0299 14.4815 2.5
      vertex 13.9837 14.579 2.5
    endloop
  endfacet
  facet normal 0 0 1
    outer loop
      vertex 14.1497 -14.3022 2.5
      vertex 8 -16.5 2.5
      vertex 14.0854 -14.3889 2.5
    endloop
  endfacet
  facet normal 0 0 1
    outer loop
      vertex 8 16.5 2.5
      vertex 13.9837 14.579 2.5
      vertex 13.9474 14.6807 2.5
    endloop
  endfacet
  facet normal 0 0 1
    outer loop
      vertex 14.0854 -14.3889 2.5
      vertex 8 -16.5 2.5
      vertex 14.0299 -14.4815 2.5
    endloop
  endfacet
  facet normal 0 0 1
    outer loop
      vertex 8 16.5 2.5
      vertex 13.9474 14.6807 2.5
      vertex 13.9211 14.7854 2.5
    endloop
  endfacet
  facet normal 0 0 1
    outer loop
      vertex 14.0299 -14.4815 2.5
      vertex 8 -16.5 2.5
      vertex 13.9837 -14.579 2.5
    endloop
  endfacet
  facet normal 0 0 1
    outer loop
      vertex 8 16.5 2.5
      vertex 13.9211 14.7854 2.5
      vertex 13.9053 14.8922 2.5
    endloop
  endfacet
  facet normal 0 0 1
    outer loop
      vertex 13.9837 -14.579 2.5
      vertex 8 -16.5 2.5
      vertex 13.9474 -14.6807 2.5
    endloop
  endfacet
  facet normal 0 0 1
    outer loop
      vertex 8 16.5 2.5
      vertex 13.9053 14.8922 2.5
      vertex 13.9 15 2.5
    endloop
  endfacet
  facet normal 0 0 1
    outer loop
      vertex 13.9474 -14.6807 2.5
      vertex 8 -16.5 2.5
      vertex 13.9211 -14.7854 2.5
    endloop
  endfacet
  facet normal 0 0 1
    outer loop
      vertex 16.0947 14.8922 2.5
      vertex 21 21 2.5
      vertex 16.1 15 2.5
    endloop
  endfacet
  facet normal 0 0 1
    outer loop
      vertex 21 21 2.5
      vertex 16.0947 15.1078 2.5
      vertex 16.1 15 2.5
    endloop
  endfacet
  facet normal 0 0 1
    outer loop
      vertex 21 21 2.5
      vertex 16.0789 15.2146 2.5
      vertex 16.0947 15.1078 2.5
    endloop
  endfacet
  facet normal 0 0 1
    outer loop
      vertex 21 21 2.5
      vertex 16.0526 15.3193 2.5
      vertex 16.0789 15.2146 2.5
    endloop
  endfacet
  facet normal 0 0 1
    outer loop
      vertex 21 21 2.5
      vertex 16.0163 15.421 2.5
      vertex 16.0526 15.3193 2.5
    endloop
  endfacet
  facet normal 0 0 1
    outer loop
      vertex 21 21 2.5
      vertex 15.9701 15.5185 2.5
      vertex 16.0163 15.421 2.5
    endloop
  endfacet
  facet normal 0 0 1
    outer loop
      vertex 21 21 2.5
      vertex 15.9146 15.6111 2.5
      vertex 15.9701 15.5185 2.5
    endloop
  endfacet
  facet normal 0 0 1
    outer loop
      vertex 21 21 2.5
      vertex 15.8503 15.6978 2.5
      vertex 15.9146 15.6111 2.5
    endloop
  endfacet
  facet normal 0 0 1
    outer loop
      vertex 21 21 2.5
      vertex 15.7778 15.7778 2.5
      vertex 15.8503 15.6978 2.5
    endloop
  endfacet
  facet normal 0 0 1
    outer loop
      vertex 21 21 2.5
      vertex 15.6978 15.8503 2.5
      vertex 15.7778 15.7778 2.5
    endloop
  endfacet
  facet normal 0 0 1
    outer loop
      vertex 21 21 2.5
      vertex 15.6111 15.9146 2.5
      vertex 15.6978 15.8503 2.5
    endloop
  endfacet
  facet normal 0 0 1
    outer loop
      vertex 21 21 2.5
      vertex 15.5185 15.9701 2.5
      vertex 15.6111 15.9146 2.5
    endloop
  endfacet
  facet normal 0 0 1
    outer loop
      vertex 21 21 2.5
      vertex 15.421 16.0163 2.5
      vertex 15.5185 15.9701 2.5
    endloop
  endfacet
  facet normal 0 0 1
    outer loop
      vertex 21 21 2.5
      vertex 15.3193 16.0526 2.5
      vertex 15.421 16.0163 2.5
    endloop
  endfacet
  facet normal 0 0 1
    outer loop
      vertex 21 21 2.5
      vertex 15.2146 16.0789 2.5
      vertex 15.3193 16.0526 2.5
    endloop
  endfacet
  facet normal 0 0 1
    outer loop
      vertex 21 21 2.5
      vertex 15.1078 16.0947 2.5
      vertex 15.2146 16.0789 2.5
    endloop
  endfacet
  facet normal 0 0 1
    outer loop
      vertex 21 21 2.5
      vertex 15 16.1 2.5
      vertex 15.1078 16.0947 2.5
    endloop
  endfacet
  facet normal 0 0 1
    outer loop
      vertex 21 21 2.5
      vertex 14.8922 16.0947 2.5
      vertex 15 16.1 2.5
    endloop
  endfacet
  facet normal -0 0 1
    outer loop
      vertex 8 19.5 2.5
      vertex 14.8922 16.0947 2.5
      vertex 21 21 2.5
    endloop
  endfacet
  facet normal 0 0 1
    outer loop
      vertex 14.8922 16.0947 2.5
      vertex 8 19.5 2.5
      vertex 14.7854 16.0789 2.5
    endloop
  endfacet
  facet normal 0 0 1
    outer loop
      vertex 14.7854 16.0789 2.5
      vertex 8 19.5 2.5
      vertex 14.6807 16.0526 2.5
    endloop
  endfacet
  facet normal 0 0 1
    outer loop
      vertex 14.6807 16.0526 2.5
      vertex 8 19.5 2.5
      vertex 14.579 16.0163 2.5
    endloop
  endfacet
  facet normal 0 0 1
    outer loop
      vertex 14.579 16.0163 2.5
      vertex 8 19.5 2.5
      vertex 14.4815 15.9701 2.5
    endloop
  endfacet
  facet normal 0 0 1
    outer loop
      vertex 14.4815 15.9701 2.5
      vertex 8 19.5 2.5
      vertex 14.3889 15.9146 2.5
    endloop
  endfacet
  facet normal 0 0 1
    outer loop
      vertex 13.9053 15.1078 2.5
      vertex 8 16.5 2.5
      vertex 13.9 15 2.5
    endloop
  endfacet
  facet normal 0 0 1
    outer loop
      vertex 13.9211 15.2146 2.5
      vertex 8 16.5 2.5
      vertex 13.9053 15.1078 2.5
    endloop
  endfacet
  facet normal 0 0 1
    outer loop
      vertex 13.9474 15.3193 2.5
      vertex 8 16.5 2.5
      vertex 13.9211 15.2146 2.5
    endloop
  endfacet
  facet normal 0 0 1
    outer loop
      vertex 13.9837 15.421 2.5
      vertex 8 16.5 2.5
      vertex 13.9474 15.3193 2.5
    endloop
  endfacet
  facet normal 0 0 1
    outer loop
      vertex 14.0299 15.5185 2.5
      vertex 8 16.5 2.5
      vertex 13.9837 15.421 2.5
    endloop
  endfacet
  facet normal 0 0 1
    outer loop
      vertex 14.0854 15.6111 2.5
      vertex 8 16.5 2.5
      vertex 14.0299 15.5185 2.5
    endloop
  endfacet
  facet normal 0 0 1
    outer loop
      vertex 14.1497 15.6978 2.5
      vertex 8 16.5 2.5
      vertex 14.0854 15.6111 2.5
    endloop
  endfacet
  facet normal -0 0 1
    outer loop
      vertex 8 16.5 2.5
      vertex 14.1497 15.6978 2.5
      vertex 8 19.5 2.5
    endloop
  endfacet
  facet normal 0 0 1
    outer loop
      vertex 14.2222 15.7778 2.5
      vertex 8 19.5 2.5
      vertex 14.1497 15.6978 2.5
    endloop
  endfacet
  facet normal 0 0 1
    outer loop
      vertex 14.3022 15.8503 2.5
      vertex 8 19.5 2.5
      vertex 14.2222 15.7778 2.5
    endloop
  endfacet
  facet normal 0 0 1
    outer loop
      vertex 14.3889 15.9146 2.5
      vertex 8 19.5 2.5
      vertex 14.3022 15.8503 2.5
    endloop
  endfacet
  facet normal 0 0 1
    outer loop
      vertex 21 21 2.5
      vertex -8 19.5 2.5
      vertex 8 19.5 2.5
    endloop
  endfacet
  facet normal 0 0 1
    outer loop
      vertex -14.1497 15.6978 2.5
      vertex -8 16.5 2.5
      vertex -8 19.5 2.5
    endloop
  endfacet
  facet normal 0 0 1
    outer loop
      vertex -13.9053 14.8922 2.5
      vertex -8 16.5 2.5
      vertex -13.9 15 2.5
    endloop
  endfacet
  facet normal 0 0 1
    outer loop
      vertex -13.9211 14.7854 2.5
      vertex -8 16.5 2.5
      vertex -13.9053 14.8922 2.5
    endloop
  endfacet
  facet normal 0 0 1
    outer loop
      vertex -8 16.5 2.5
      vertex -13.9053 15.1078 2.5
      vertex -13.9 15 2.5
    endloop
  endfacet
  facet normal 0 0 1
    outer loop
      vertex -8 16.5 2.5
      vertex -13.9211 15.2146 2.5
      vertex -13.9053 15.1078 2.5
    endloop
  endfacet
  facet normal 0 0 1
    outer loop
      vertex -8 16.5 2.5
      vertex -13.9474 15.3193 2.5
      vertex -13.9211 15.2146 2.5
    endloop
  endfacet
  facet normal 0 0 1
    outer loop
      vertex -8 16.5 2.5
      vertex -13.9837 15.421 2.5
      vertex -13.9474 15.3193 2.5
    endloop
  endfacet
  facet normal 0 0 1
    outer loop
      vertex -8 16.5 2.5
      vertex -14.0299 15.5185 2.5
      vertex -13.9837 15.421 2.5
    endloop
  endfacet
  facet normal 0 0 1
    outer loop
      vertex -8 16.5 2.5
      vertex -14.0854 15.6111 2.5
      vertex -14.0299 15.5185 2.5
    endloop
  endfacet
  facet normal 0 0 1
    outer loop
      vertex -8 16.5 2.5
      vertex -14.1497 15.6978 2.5
      vertex -14.0854 15.6111 2.5
    endloop
  endfacet
  facet normal 0 0 1
    outer loop
      vertex -8 19.5 2.5
      vertex -14.2222 15.7778 2.5
      vertex -14.1497 15.6978 2.5
    endloop
  endfacet
  facet normal 0 0 1
    outer loop
      vertex -8 19.5 2.5
      vertex -14.3022 15.8503 2.5
      vertex -14.2222 15.7778 2.5
    endloop
  endfacet
  facet normal 0 0 1
    outer loop
      vertex -8 19.5 2.5
      vertex -14.3889 15.9146 2.5
      vertex -14.3022 15.8503 2.5
    endloop
  endfacet
  facet normal 0 0 1
    outer loop
      vertex -8 19.5 2.5
      vertex -14.4815 15.9701 2.5
      vertex -14.3889 15.9146 2.5
    endloop
  endfacet
  facet normal 0 0 1
    outer loop
      vertex -8 19.5 2.5
      vertex -14.579 16.0163 2.5
      vertex -14.4815 15.9701 2.5
    endloop
  endfacet
  facet normal 0 0 1
    outer loop
      vertex -8 19.5 2.5
      vertex -14.6807 16.0526 2.5
      vertex -14.579 16.0163 2.5
    endloop
  endfacet
  facet normal 0 0 1
    outer loop
      vertex -8 19.5 2.5
      vertex -14.7854 16.0789 2.5
      vertex -14.6807 16.0526 2.5
    endloop
  endfacet
  facet normal 0 0 1
    outer loop
      vertex -8 19.5 2.5
      vertex -14.8922 16.0947 2.5
      vertex -14.7854 16.0789 2.5
    endloop
  endfacet
  facet normal 0 0 1
    outer loop
      vertex -21 21 2.5
      vertex -14.8922 16.0947 2.5
      vertex -8 19.5 2.5
    endloop
  endfacet
  facet normal 0 0 1
    outer loop
      vertex -14.8922 16.0947 2.5
      vertex -21 21 2.5
      vertex -15 16.1 2.5
    endloop
  endfacet
  facet normal 0 0 1
    outer loop
      vertex -15 16.1 2.5
      vertex -21 21 2.5
      vertex -15.1078 16.0947 2.5
    endloop
  endfacet
  facet normal 0 0 1
    outer loop
      vertex -15.1078 16.0947 2.5
      vertex -21 21 2.5
      vertex -15.2146 16.0789 2.5
    endloop
  endfacet
  facet normal 0 0 1
    outer loop
      vertex -15.2146 16.0789 2.5
      vertex -21 21 2.5
      vertex -15.3193 16.0526 2.5
    endloop
  endfacet
  facet normal 0 0 1
    outer loop
      vertex -16.0789 -14.7854 2.5
      vertex -21 -21 2.5
      vertex -16.0947 -14.8922 2.5
    endloop
  endfacet
  facet normal 0 0 1
    outer loop
      vertex -16.0947 15.1078 2.5
      vertex -21 21 2.5
      vertex -16.1 15 2.5
    endloop
  endfacet
  facet normal 0 0 1
    outer loop
      vertex -16.0789 15.2146 2.5
      vertex -21 21 2.5
      vertex -16.0947 15.1078 2.5
    endloop
  endfacet
  facet normal 0 0 1
    outer loop
      vertex -16.0526 15.3193 2.5
      vertex -21 21 2.5
      vertex -16.0789 15.2146 2.5
    endloop
  endfacet
  facet normal 0 0 1
    outer loop
      vertex -16.0163 15.421 2.5
      vertex -21 21 2.5
      vertex -16.0526 15.3193 2.5
    endloop
  endfacet
  facet normal 0 0 1
    outer loop
      vertex -15.9701 15.5185 2.5
      vertex -21 21 2.5
      vertex -16.0163 15.421 2.5
    endloop
  endfacet
  facet normal 0 0 1
    outer loop
      vertex -15.9146 15.6111 2.5
      vertex -21 21 2.5
      vertex -15.9701 15.5185 2.5
    endloop
  endfacet
  facet normal 0 0 1
    outer loop
      vertex -15.8503 15.6978 2.5
      vertex -21 21 2.5
      vertex -15.9146 15.6111 2.5
    endloop
  endfacet
  facet normal 0 0 1
    outer loop
      vertex -15.7778 15.7778 2.5
      vertex -21 21 2.5
      vertex -15.8503 15.6978 2.5
    endloop
  endfacet
  facet normal 0 0 1
    outer loop
      vertex -15.6978 15.8503 2.5
      vertex -21 21 2.5
      vertex -15.7778 15.7778 2.5
    endloop
  endfacet
  facet normal 0 0 1
    outer loop
      vertex -15.6111 15.9146 2.5
      vertex -21 21 2.5
      vertex -15.6978 15.8503 2.5
    endloop
  endfacet
  facet normal 0 0 1
    outer loop
      vertex -15.5185 15.9701 2.5
      vertex -21 21 2.5
      vertex -15.6111 15.9146 2.5
    endloop
  endfacet
  facet normal 0 0 1
    outer loop
      vertex -15.421 16.0163 2.5
      vertex -21 21 2.5
      vertex -15.5185 15.9701 2.5
    endloop
  endfacet
  facet normal 0 0 1
    outer loop
      vertex -15.3193 16.0526 2.5
      vertex -21 21 2.5
      vertex -15.421 16.0163 2.5
    endloop
  endfacet
  facet normal -0 0 1
    outer loop
      vertex -21 21 2.5
      vertex -8 19.5 2.5
      vertex 21 21 2.5
    endloop
  endfacet
  facet normal 0 0 1
    outer loop
      vertex 16.0789 14.7854 2.5
      vertex 21 21 2.5
      vertex 16.0947 14.8922 2.5
    endloop
  endfacet
  facet normal -0 0 1
    outer loop
      vertex 16.0947 -15.1078 2.5
      vertex 21 -21 2.5
      vertex 16.1 -15 2.5
    endloop
  endfacet
  facet normal -0 0 1
    outer loop
      vertex 16.0789 -15.2146 2.5
      vertex 21 -21 2.5
      vertex 16.0947 -15.1078 2.5
    endloop
  endfacet
  facet normal -0 0 1
    outer loop
      vertex 16.0526 -15.3193 2.5
      vertex 21 -21 2.5
      vertex 16.0789 -15.2146 2.5
    endloop
  endfacet
  facet normal -0 0 1
    outer loop
      vertex 16.0163 -15.421 2.5
      vertex 21 -21 2.5
      vertex 16.0526 -15.3193 2.5
    endloop
  endfacet
  facet normal -0 0 1
    outer loop
      vertex 15.9701 -15.5185 2.5
      vertex 21 -21 2.5
      vertex 16.0163 -15.421 2.5
    endloop
  endfacet
  facet normal -0 0 1
    outer loop
      vertex 15.9146 -15.6111 2.5
      vertex 21 -21 2.5
      vertex 15.9701 -15.5185 2.5
    endloop
  endfacet
  facet normal -0 0 1
    outer loop
      vertex 15.8503 -15.6978 2.5
      vertex 21 -21 2.5
      vertex 15.9146 -15.6111 2.5
    endloop
  endfacet
  facet normal -0 0 1
    outer loop
      vertex 15.7778 -15.7778 2.5
      vertex 21 -21 2.5
      vertex 15.8503 -15.6978 2.5
    endloop
  endfacet
  facet normal -0 0 1
    outer loop
      vertex 15.6978 -15.8503 2.5
      vertex 21 -21 2.5
      vertex 15.7778 -15.7778 2.5
    endloop
  endfacet
  facet normal -0 0 1
    outer loop
      vertex 15.6111 -15.9146 2.5
      vertex 21 -21 2.5
      vertex 15.6978 -15.8503 2.5
    endloop
  endfacet
  facet normal -0 0 1
    outer loop
      vertex 15.5185 -15.9701 2.5
      vertex 21 -21 2.5
      vertex 15.6111 -15.9146 2.5
    endloop
  endfacet
  facet normal -0 0 1
    outer loop
      vertex 15.421 -16.0163 2.5
      vertex 21 -21 2.5
      vertex 15.5185 -15.9701 2.5
    endloop
  endfacet
  facet normal -0 0 1
    outer loop
      vertex 15.3193 -16.0526 2.5
      vertex 21 -21 2.5
      vertex 15.421 -16.0163 2.5
    endloop
  endfacet
  facet normal -0 0 1
    outer loop
      vertex 15.2146 -16.0789 2.5
      vertex 21 -21 2.5
      vertex 15.3193 -16.0526 2.5
    endloop
  endfacet
  facet normal -0 0 1
    outer loop
      vertex 15.1078 -16.0947 2.5
      vertex 21 -21 2.5
      vertex 15.2146 -16.0789 2.5
    endloop
  endfacet
  facet normal -0 0 1
    outer loop
      vertex 15 -16.1 2.5
      vertex 21 -21 2.5
      vertex 15.1078 -16.0947 2.5
    endloop
  endfacet
  facet normal 0 0 1
    outer loop
      vertex 14.8922 -16.0947 2.5
      vertex 21 -21 2.5
      vertex 15 -16.1 2.5
    endloop
  endfacet
  facet normal 0 0 1
    outer loop
      vertex 8 -19.5 2.5
      vertex 14.8922 -16.0947 2.5
      vertex 14.7854 -16.0789 2.5
    endloop
  endfacet
  facet normal 0 0 1
    outer loop
      vertex 8 -19.5 2.5
      vertex 14.7854 -16.0789 2.5
      vertex 14.6807 -16.0526 2.5
    endloop
  endfacet
  facet normal 0 0 1
    outer loop
      vertex 8 -19.5 2.5
      vertex 14.6807 -16.0526 2.5
      vertex 14.579 -16.0163 2.5
    endloop
  endfacet
  facet normal 0 0 1
    outer loop
      vertex 8 -19.5 2.5
      vertex 14.579 -16.0163 2.5
      vertex 14.4815 -15.9701 2.5
    endloop
  endfacet
  facet normal 0 0 1
    outer loop
      vertex 8 -19.5 2.5
      vertex 14.4815 -15.9701 2.5
      vertex 14.3889 -15.9146 2.5
    endloop
  endfacet
  facet normal 0 0 1
    outer loop
      vertex 8 -19.5 2.5
      vertex 14.3889 -15.9146 2.5
      vertex 14.3022 -15.8503 2.5
    endloop
  endfacet
  facet normal 0 0 1
    outer loop
      vertex 13.9211 -14.7854 2.5
      vertex 8 -16.5 2.5
      vertex 13.9053 -14.8922 2.5
    endloop
  endfacet
  facet normal 0 0 1
    outer loop
      vertex 13.9053 -14.8922 2.5
      vertex 8 -16.5 2.5
      vertex 13.9 -15 2.5
    endloop
  endfacet
  facet normal 0 0 1
    outer loop
      vertex 13.9 -15 2.5
      vertex 8 -16.5 2.5
      vertex 13.9053 -15.1078 2.5
    endloop
  endfacet
  facet normal 0 0 1
    outer loop
      vertex 13.9053 -15.1078 2.5
      vertex 8 -16.5 2.5
      vertex 13.9211 -15.2146 2.5
    endloop
  endfacet
  facet normal 0 0 1
    outer loop
      vertex 8 -16.5 2.5
      vertex 13.9474 -15.3193 2.5
      vertex 13.9211 -15.2146 2.5
    endloop
  endfacet
  facet normal 0 0 1
    outer loop
      vertex 8 -16.5 2.5
      vertex 13.9837 -15.421 2.5
      vertex 13.9474 -15.3193 2.5
    endloop
  endfacet
  facet normal 0 0 1
    outer loop
      vertex 8 -16.5 2.5
      vertex 14.0299 -15.5185 2.5
      vertex 13.9837 -15.421 2.5
    endloop
  endfacet
  facet normal 0 0 1
    outer loop
      vertex 8 -16.5 2.5
      vertex 14.0854 -15.6111 2.5
      vertex 14.0299 -15.5185 2.5
    endloop
  endfacet
  facet normal 0 0 1
    outer loop
      vertex 8 -16.5 2.5
      vertex 14.1497 -15.6978 2.5
      vertex 14.0854 -15.6111 2.5
    endloop
  endfacet
  facet normal 0 0 1
    outer loop
      vertex 8 -19.5 2.5
      vertex 14.1497 -15.6978 2.5
      vertex 8 -16.5 2.5
    endloop
  endfacet
  facet normal 0 0 1
    outer loop
      vertex 14.1497 -15.6978 2.5
      vertex 8 -19.5 2.5
      vertex 14.2222 -15.7778 2.5
    endloop
  endfacet
  facet normal 0 0 1
    outer loop
      vertex 14.2222 -15.7778 2.5
      vertex 8 -19.5 2.5
      vertex 14.3022 -15.8503 2.5
    endloop
  endfacet
  facet normal 0 0 1
    outer loop
      vertex 14.8922 -16.0947 2.5
      vertex 8 -19.5 2.5
      vertex 21 -21 2.5
    endloop
  endfacet
  facet normal -0 0 1
    outer loop
      vertex -8 -19.5 2.5
      vertex 21 -21 2.5
      vertex 8 -19.5 2.5
    endloop
  endfacet
  facet normal -0 0 1
    outer loop
      vertex -13.9053 -15.1078 2.5
      vertex -8 -16.5 2.5
      vertex -13.9 -15 2.5
    endloop
  endfacet
  facet normal -0 0 1
    outer loop
      vertex -13.9211 -15.2146 2.5
      vertex -8 -16.5 2.5
      vertex -13.9053 -15.1078 2.5
    endloop
  endfacet
  facet normal -0 0 1
    outer loop
      vertex -13.9474 -15.3193 2.5
      vertex -8 -16.5 2.5
      vertex -13.9211 -15.2146 2.5
    endloop
  endfacet
  facet normal -0 0 1
    outer loop
      vertex -13.9837 -15.421 2.5
      vertex -8 -16.5 2.5
      vertex -13.9474 -15.3193 2.5
    endloop
  endfacet
  facet normal -0 0 1
    outer loop
      vertex -14.0299 -15.5185 2.5
      vertex -8 -16.5 2.5
      vertex -13.9837 -15.421 2.5
    endloop
  endfacet
  facet normal -0 0 1
    outer loop
      vertex -14.0854 -15.6111 2.5
      vertex -8 -16.5 2.5
      vertex -14.0299 -15.5185 2.5
    endloop
  endfacet
  facet normal -0 0 1
    outer loop
      vertex -14.1497 -15.6978 2.5
      vertex -8 -16.5 2.5
      vertex -14.0854 -15.6111 2.5
    endloop
  endfacet
  facet normal 0 0 1
    outer loop
      vertex -8 -16.5 2.5
      vertex -14.1497 -15.6978 2.5
      vertex -8 -19.5 2.5
    endloop
  endfacet
  facet normal -0 0 1
    outer loop
      vertex -14.2222 -15.7778 2.5
      vertex -8 -19.5 2.5
      vertex -14.1497 -15.6978 2.5
    endloop
  endfacet
  facet normal -0 0 1
    outer loop
      vertex -14.3022 -15.8503 2.5
      vertex -8 -19.5 2.5
      vertex -14.2222 -15.7778 2.5
    endloop
  endfacet
  facet normal -0 0 1
    outer loop
      vertex -14.3889 -15.9146 2.5
      vertex -8 -19.5 2.5
      vertex -14.3022 -15.8503 2.5
    endloop
  endfacet
  facet normal -0 0 1
    outer loop
      vertex -14.4815 -15.9701 2.5
      vertex -8 -19.5 2.5
      vertex -14.3889 -15.9146 2.5
    endloop
  endfacet
  facet normal -0 0 1
    outer loop
      vertex -14.579 -16.0163 2.5
      vertex -8 -19.5 2.5
      vertex -14.4815 -15.9701 2.5
    endloop
  endfacet
  facet normal -0 0 1
    outer loop
      vertex -14.6807 -16.0526 2.5
      vertex -8 -19.5 2.5
      vertex -14.579 -16.0163 2.5
    endloop
  endfacet
  facet normal -0 0 1
    outer loop
      vertex -14.7854 -16.0789 2.5
      vertex -8 -19.5 2.5
      vertex -14.6807 -16.0526 2.5
    endloop
  endfacet
  facet normal -0 0 1
    outer loop
      vertex -14.8922 -16.0947 2.5
      vertex -8 -19.5 2.5
      vertex -14.7854 -16.0789 2.5
    endloop
  endfacet
  facet normal 0 0 1
    outer loop
      vertex -21 -21 2.5
      vertex -14.8922 -16.0947 2.5
      vertex -15 -16.1 2.5
    endloop
  endfacet
  facet normal 0 0 1
    outer loop
      vertex -21 -21 2.5
      vertex -15 -16.1 2.5
      vertex -15.1078 -16.0947 2.5
    endloop
  endfacet
  facet normal 0 0 1
    outer loop
      vertex -21 -21 2.5
      vertex -15.1078 -16.0947 2.5
      vertex -15.2146 -16.0789 2.5
    endloop
  endfacet
  facet normal 0 0 1
    outer loop
      vertex -21 -21 2.5
      vertex -15.2146 -16.0789 2.5
      vertex -15.3193 -16.0526 2.5
    endloop
  endfacet
  facet normal 0 0 1
    outer loop
      vertex -21 -21 2.5
      vertex -15.3193 -16.0526 2.5
      vertex -15.421 -16.0163 2.5
    endloop
  endfacet
  facet normal 0 0 1
    outer loop
      vertex -16.0947 -14.8922 2.5
      vertex -21 -21 2.5
      vertex -16.1 -15 2.5
    endloop
  endfacet
  facet normal 0 0 1
    outer loop
      vertex -8 -19.5 2.5
      vertex -21 -21 2.5
      vertex 21 -21 2.5
    endloop
  endfacet
  facet normal 0 0 1
    outer loop
      vertex -14.8922 -16.0947 2.5
      vertex -21 -21 2.5
      vertex -8 -19.5 2.5
    endloop
  endfacet
  facet normal 0 0 1
    outer loop
      vertex -15.5185 -15.9701 2.5
      vertex -21 -21 2.5
      vertex -15.421 -16.0163 2.5
    endloop
  endfacet
  facet normal 0 0 1
    outer loop
      vertex -15.6111 -15.9146 2.5
      vertex -21 -21 2.5
      vertex -15.5185 -15.9701 2.5
    endloop
  endfacet
  facet normal 0 0 1
    outer loop
      vertex -15.6978 -15.8503 2.5
      vertex -21 -21 2.5
      vertex -15.6111 -15.9146 2.5
    endloop
  endfacet
  facet normal 0 0 1
    outer loop
      vertex -15.7778 -15.7778 2.5
      vertex -21 -21 2.5
      vertex -15.6978 -15.8503 2.5
    endloop
  endfacet
  facet normal 0 0 1
    outer loop
      vertex -15.8503 -15.6978 2.5
      vertex -21 -21 2.5
      vertex -15.7778 -15.7778 2.5
    endloop
  endfacet
  facet normal 0 0 1
    outer loop
      vertex -15.9146 -15.6111 2.5
      vertex -21 -21 2.5
      vertex -15.8503 -15.6978 2.5
    endloop
  endfacet
  facet normal 0 0 1
    outer loop
      vertex -15.9701 -15.5185 2.5
      vertex -21 -21 2.5
      vertex -15.9146 -15.6111 2.5
    endloop
  endfacet
  facet normal 0 0 1
    outer loop
      vertex -16.0163 -15.421 2.5
      vertex -21 -21 2.5
      vertex -15.9701 -15.5185 2.5
    endloop
  endfacet
  facet normal 0 0 1
    outer loop
      vertex -16.0526 -15.3193 2.5
      vertex -21 -21 2.5
      vertex -16.0163 -15.421 2.5
    endloop
  endfacet
  facet normal 0 0 1
    outer loop
      vertex -16.0789 -15.2146 2.5
      vertex -21 -21 2.5
      vertex -16.0526 -15.3193 2.5
    endloop
  endfacet
  facet normal 0 0 1
    outer loop
      vertex -16.0947 -15.1078 2.5
      vertex -21 -21 2.5
      vertex -16.0789 -15.2146 2.5
    endloop
  endfacet
  facet normal 0 0 1
    outer loop
      vertex -16.1 -15 2.5
      vertex -21 -21 2.5
      vertex -16.0947 -15.1078 2.5
    endloop
  endfacet
  facet normal 0 0 -1
    outer loop
      vertex -17.4168 -10.4168 0
      vertex -10.4168 10.4168 0
      vertex -10.4168 -10.4168 0
    endloop
  endfacet
  facet normal 0 0 -1
    outer loop
      vertex -17.4168 -10.4168 0
      vertex -17.4168 10.4168 0
      vertex -10.4168 10.4168 0
    endloop
  endfacet
  facet normal 0 0 -1
    outer loop
      vertex -21 -13.9493 0
      vertex -17.4168 10.4168 0
      vertex -17.4168 -10.4168 0
    endloop
  endfacet
  facet normal -0 0 -1
    outer loop
      vertex -17.4168 10.4168 0
      vertex -21 -13.9493 0
      vertex -21 13.9493 0
    endloop
  endfacet
  facet normal 0 0 -1
    outer loop
      vertex 10.4168 -10.4168 0
      vertex -10.4168 -10.4168 0
      vertex 10.4168 10.4168 0
    endloop
  endfacet
  facet normal 0 0 -1
    outer loop
      vertex -10.4168 10.4168 0
      vertex 10.4168 10.4168 0
      vertex -10.4168 -10.4168 0
    endloop
  endfacet
  facet normal 0 0 -1
    outer loop
      vertex 8 -16.5 0
      vertex 10.4168 -10.4168 0
      vertex 10.4168 -17.4168 0
    endloop
  endfacet
  facet normal 0 0 -1
    outer loop
      vertex -8 -16.5 0
      vertex 10.4168 -10.4168 0
      vertex 8 -16.5 0
    endloop
  endfacet
  facet normal 0 0 -1
    outer loop
      vertex 8 -16.5 0
      vertex 10.4168 -17.4168 0
      vertex 8 -19.5 0
    endloop
  endfacet
  facet normal 0 0 -1
    outer loop
      vertex 13.9493 -21 0
      vertex 8 -19.5 0
      vertex 10.4168 -17.4168 0
    endloop
  endfacet
  facet normal 0 0 -1
    outer loop
      vertex 13.9493 -21 0
      vertex -8 -19.5 0
      vertex 8 -19.5 0
    endloop
  endfacet
  facet normal 0 0 -1
    outer loop
      vertex -10.4168 -17.4168 0
      vertex -8 -16.5 0
      vertex -8 -19.5 0
    endloop
  endfacet
  facet normal 0 0 -1
    outer loop
      vertex 10.4168 10.4168 0
      vertex -10.4168 10.4168 0
      vertex 8 16.5 0
    endloop
  endfacet
  facet normal -0 0 -1
    outer loop
      vertex -8 -16.5 0
      vertex -10.4168 -17.4168 0
      vertex -10.4168 -10.4168 0
    endloop
  endfacet
  facet normal -0 0 -1
    outer loop
      vertex -8 -19.5 0
      vertex -13.9493 -21 0
      vertex -10.4168 -17.4168 0
    endloop
  endfacet
  facet normal 0 0 -1
    outer loop
      vertex -13.9493 -21 0
      vertex -8 -19.5 0
      vertex 13.9493 -21 0
    endloop
  endfacet
  facet normal 0 0 -1
    outer loop
      vertex 17.4168 -10.4168 0
      vertex 21 13.9493 0
      vertex 21 -13.9493 0
    endloop
  endfacet
  facet normal 0 0 -1
    outer loop
      vertex 17.4168 -10.4168 0
      vertex 17.4168 10.4168 0
      vertex 21 13.9493 0
    endloop
  endfacet
  facet normal 0 0 -1
    outer loop
      vertex 10.4168 -10.4168 0
      vertex 17.4168 10.4168 0
      vertex 17.4168 -10.4168 0
    endloop
  endfacet
  facet normal -0 0 -1
    outer loop
      vertex 17.4168 10.4168 0
      vertex 10.4168 -10.4168 0
      vertex 10.4168 10.4168 0
    endloop
  endfacet
  facet normal 0 0 -1
    outer loop
      vertex -10.4168 -10.4168 0
      vertex 10.4168 -10.4168 0
      vertex -8 -16.5 0
    endloop
  endfacet
  facet normal 0 0 -1
    outer loop
      vertex 10.4168 10.4168 0
      vertex 8 16.5 0
      vertex 10.4168 17.4168 0
    endloop
  endfacet
  facet normal 0 0 -1
    outer loop
      vertex 8 19.5 0
      vertex 10.4168 17.4168 0
      vertex 8 16.5 0
    endloop
  endfacet
  facet normal 0 0 -1
    outer loop
      vertex 10.4168 17.4168 0
      vertex 8 19.5 0
      vertex 13.9493 21 0
    endloop
  endfacet
  facet normal 0 0 -1
    outer loop
      vertex -8 19.5 0
      vertex 13.9493 21 0
      vertex 8 19.5 0
    endloop
  endfacet
  facet normal -0 0 -1
    outer loop
      vertex 8 16.5 0
      vertex -10.4168 10.4168 0
      vertex -8 16.5 0
    endloop
  endfacet
  facet normal 0 0 -1
    outer loop
      vertex -10.4168 17.4168 0
      vertex -8 16.5 0
      vertex -10.4168 10.4168 0
    endloop
  endfacet
  facet normal 0 0 -1
    outer loop
      vertex -8 16.5 0
      vertex -10.4168 17.4168 0
      vertex -8 19.5 0
    endloop
  endfacet
  facet normal 0 0 -1
    outer loop
      vertex -8 19.5 0
      vertex -13.9493 21 0
      vertex 13.9493 21 0
    endloop
  endfacet
  facet normal 0 0 -1
    outer loop
      vertex -13.9493 21 0
      vertex -8 19.5 0
      vertex -10.4168 17.4168 0
    endloop
  endfacet
  facet normal -1 0 0
    outer loop
      vertex -21 13.9493 0
      vertex -21 -13.9493 0
      vertex -21 13.9493 1.40038
    endloop
  endfacet
  facet normal -1 0 0
    outer loop
      vertex -21 20.7412 1.69476
      vertex -21 21 2.5
      vertex -21 21 1.70054
    endloop
  endfacet
  facet normal -1 0 0
    outer loop
      vertex -21 20.4919 1.68866
      vertex -21 21 2.5
      vertex -21 20.7412 1.69476
    endloop
  endfacet
  facet normal -1 0 0
    outer loop
      vertex -21 20.2549 1.68233
      vertex -21 21 2.5
      vertex -21 20.4919 1.68866
    endloop
  endfacet
  facet normal -1 0 0
    outer loop
      vertex -21 20.0324 1.67585
      vertex -21 21 2.5
      vertex -21 20.2549 1.68233
    endloop
  endfacet
  facet normal -1 0 0
    outer loop
      vertex -21 19.8264 1.66931
      vertex -21 21 2.5
      vertex -21 20.0324 1.67585
    endloop
  endfacet
  facet normal -1 0 0
    outer loop
      vertex -21 19.6384 1.66277
      vertex -21 21 2.5
      vertex -21 19.8264 1.66931
    endloop
  endfacet
  facet normal -1 0 0
    outer loop
      vertex -21 19.4696 1.65631
      vertex -21 21 2.5
      vertex -21 19.6384 1.66277
    endloop
  endfacet
  facet normal -1 0 0
    outer loop
      vertex -21 19.3207 1.64999
      vertex -21 21 2.5
      vertex -21 19.4696 1.65631
    endloop
  endfacet
  facet normal -1 0 0
    outer loop
      vertex -21 14.2408 1.42179
      vertex -21 21 2.5
      vertex -21 19.3207 1.64999
    endloop
  endfacet
  facet normal -1 0 0
    outer loop
      vertex -21 14.1702 1.41846
      vertex -21 21 2.5
      vertex -21 14.2408 1.42179
    endloop
  endfacet
  facet normal -1 0 0
    outer loop
      vertex -21 14.1096 1.41529
      vertex -21 21 2.5
      vertex -21 14.1702 1.41846
    endloop
  endfacet
  facet normal -1 0 0
    outer loop
      vertex -21 14.059 1.4123
      vertex -21 21 2.5
      vertex -21 14.1096 1.41529
    endloop
  endfacet
  facet normal -1 0 0
    outer loop
      vertex -21 14.0183 1.4095
      vertex -21 21 2.5
      vertex -21 14.059 1.4123
    endloop
  endfacet
  facet normal -1 0 0
    outer loop
      vertex -21 13.9872 1.4069
      vertex -21 21 2.5
      vertex -21 14.0183 1.4095
    endloop
  endfacet
  facet normal -1 0 0
    outer loop
      vertex -21 13.9655 1.40451
      vertex -21 21 2.5
      vertex -21 13.9872 1.4069
    endloop
  endfacet
  facet normal -1 0 0
    outer loop
      vertex -21 -13.9493 1.40038
      vertex -21 13.9493 1.40038
      vertex -21 -13.9493 0
    endloop
  endfacet
  facet normal -1 0 0
    outer loop
      vertex -21 13.9493 1.40038
      vertex -21 -13.9493 1.40038
      vertex -21 13.953 1.40233
    endloop
  endfacet
  facet normal -1 0 0
    outer loop
      vertex -21 -13.953 1.40233
      vertex -21 13.953 1.40233
      vertex -21 -13.9493 1.40038
    endloop
  endfacet
  facet normal -1 0 0
    outer loop
      vertex -21 13.953 1.40233
      vertex -21 -13.953 1.40233
      vertex -21 13.9655 1.40451
    endloop
  endfacet
  facet normal -1 0 0
    outer loop
      vertex -21 -13.9655 1.40451
      vertex -21 13.9655 1.40451
      vertex -21 -13.953 1.40233
    endloop
  endfacet
  facet normal -1 0 0
    outer loop
      vertex -21 13.9655 1.40451
      vertex -21 -13.9655 1.40451
      vertex -21 21 2.5
    endloop
  endfacet
  facet normal -1 0 0
    outer loop
      vertex -21 -21 2.5
      vertex -21 -13.9655 1.40451
      vertex -21 -13.9872 1.4069
    endloop
  endfacet
  facet normal -1 0 0
    outer loop
      vertex -21 -21 2.5
      vertex -21 -13.9872 1.4069
      vertex -21 -14.0183 1.4095
    endloop
  endfacet
  facet normal -1 0 0
    outer loop
      vertex -21 -21 2.5
      vertex -21 -14.0183 1.4095
      vertex -21 -14.059 1.4123
    endloop
  endfacet
  facet normal -1 0 0
    outer loop
      vertex -21 -21 2.5
      vertex -21 -14.059 1.4123
      vertex -21 -14.1096 1.41529
    endloop
  endfacet
  facet normal -1 0 0
    outer loop
      vertex -21 -21 2.5
      vertex -21 -14.1096 1.41529
      vertex -21 -14.1702 1.41846
    endloop
  endfacet
  facet normal -1 0 0
    outer loop
      vertex -21 -21 2.5
      vertex -21 -14.1702 1.41846
      vertex -21 -14.2408 1.42179
    endloop
  endfacet
  facet normal -1 0 0
    outer loop
      vertex -21 -21 2.5
      vertex -21 -14.2408 1.42179
      vertex -21 -19.3207 1.64999
    endloop
  endfacet
  facet normal -1 0 0
    outer loop
      vertex -21 -21 2.5
      vertex -21 -19.3207 1.64999
      vertex -21 -19.4696 1.65631
    endloop
  endfacet
  facet normal -1 0 0
    outer loop
      vertex -21 -21 2.5
      vertex -21 -19.4696 1.65631
      vertex -21 -19.6384 1.66277
    endloop
  endfacet
  facet normal -1 0 0
    outer loop
      vertex -21 -21 2.5
      vertex -21 -19.6384 1.66277
      vertex -21 -19.8264 1.66931
    endloop
  endfacet
  facet normal -1 0 0
    outer loop
      vertex -21 -21 2.5
      vertex -21 -19.8264 1.66931
      vertex -21 -20.0324 1.67585
    endloop
  endfacet
  facet normal -1 0 0
    outer loop
      vertex -21 -21 2.5
      vertex -21 -20.0324 1.67585
      vertex -21 -20.2549 1.68233
    endloop
  endfacet
  facet normal -1 0 0
    outer loop
      vertex -21 -21 2.5
      vertex -21 -20.2549 1.68233
      vertex -21 -20.4919 1.68866
    endloop
  endfacet
  facet normal -1 0 0
    outer loop
      vertex -21 -21 2.5
      vertex -21 -20.4919 1.68866
      vertex -21 -20.7412 1.69476
    endloop
  endfacet
  facet normal -1 0 0
    outer loop
      vertex -21 -21 2.5
      vertex -21 -20.7412 1.69476
      vertex -21 -21 1.70054
    endloop
  endfacet
  facet normal -1 0 0
    outer loop
      vertex -21 -13.9655 1.40451
      vertex -21 -21 2.5
      vertex -21 21 2.5
    endloop
  endfacet
  facet normal 0 1 0
    outer loop
      vertex 20.7412 21 1.69476
      vertex 21 21 2.5
      vertex 21 21 1.70054
    endloop
  endfacet
  facet normal 0 1 0
    outer loop
      vertex 20.4919 21 1.68866
      vertex 21 21 2.5
      vertex 20.7412 21 1.69476
    endloop
  endfacet
  facet normal 0 1 0
    outer loop
      vertex 20.2549 21 1.68233
      vertex 21 21 2.5
      vertex 20.4919 21 1.68866
    endloop
  endfacet
  facet normal 0 1 0
    outer loop
      vertex -21 21 2.5
      vertex -20.7412 21 1.69476
      vertex -21 21 1.70054
    endloop
  endfacet
  facet normal 0 1 0
    outer loop
      vertex 20.0324 21 1.67585
      vertex 21 21 2.5
      vertex 20.2549 21 1.68233
    endloop
  endfacet
  facet normal 0 1 0
    outer loop
      vertex -21 21 2.5
      vertex -20.4919 21 1.68866
      vertex -20.7412 21 1.69476
    endloop
  endfacet
  facet normal 0 1 0
    outer loop
      vertex 19.8264 21 1.66931
      vertex 21 21 2.5
      vertex 20.0324 21 1.67585
    endloop
  endfacet
  facet normal 0 1 0
    outer loop
      vertex -21 21 2.5
      vertex -20.2549 21 1.68233
      vertex -20.4919 21 1.68866
    endloop
  endfacet
  facet normal 0 1 0
    outer loop
      vertex 19.6384 21 1.66277
      vertex 21 21 2.5
      vertex 19.8264 21 1.66931
    endloop
  endfacet
  facet normal 0 1 0
    outer loop
      vertex -21 21 2.5
      vertex -20.0324 21 1.67585
      vertex -20.2549 21 1.68233
    endloop
  endfacet
  facet normal 0 1 0
    outer loop
      vertex 19.4696 21 1.65631
      vertex 21 21 2.5
      vertex 19.6384 21 1.66277
    endloop
  endfacet
  facet normal 0 1 0
    outer loop
      vertex -21 21 2.5
      vertex -19.8264 21 1.66931
      vertex -20.0324 21 1.67585
    endloop
  endfacet
  facet normal 0 1 0
    outer loop
      vertex 19.3207 21 1.64999
      vertex 21 21 2.5
      vertex 19.4696 21 1.65631
    endloop
  endfacet
  facet normal 0 1 0
    outer loop
      vertex -21 21 2.5
      vertex -19.6384 21 1.66277
      vertex -19.8264 21 1.66931
    endloop
  endfacet
  facet normal 0 1 0
    outer loop
      vertex 14.2408 21 1.42179
      vertex 21 21 2.5
      vertex 19.3207 21 1.64999
    endloop
  endfacet
  facet normal 0 1 0
    outer loop
      vertex -21 21 2.5
      vertex -19.4696 21 1.65631
      vertex -19.6384 21 1.66277
    endloop
  endfacet
  facet normal 0 1 0
    outer loop
      vertex 14.1702 21 1.41846
      vertex 21 21 2.5
      vertex 14.2408 21 1.42179
    endloop
  endfacet
  facet normal 0 1 0
    outer loop
      vertex -21 21 2.5
      vertex -19.3207 21 1.64999
      vertex -19.4696 21 1.65631
    endloop
  endfacet
  facet normal 0 1 0
    outer loop
      vertex 14.1096 21 1.41529
      vertex 21 21 2.5
      vertex 14.1702 21 1.41846
    endloop
  endfacet
  facet normal 0 1 0
    outer loop
      vertex -21 21 2.5
      vertex -14.2408 21 1.42179
      vertex -19.3207 21 1.64999
    endloop
  endfacet
  facet normal 0 1 0
    outer loop
      vertex 14.059 21 1.4123
      vertex 21 21 2.5
      vertex 14.1096 21 1.41529
    endloop
  endfacet
  facet normal 0 1 0
    outer loop
      vertex -21 21 2.5
      vertex -14.1702 21 1.41846
      vertex -14.2408 21 1.42179
    endloop
  endfacet
  facet normal 0 1 0
    outer loop
      vertex 14.0183 21 1.4095
      vertex 21 21 2.5
      vertex 14.059 21 1.4123
    endloop
  endfacet
  facet normal 0 1 0
    outer loop
      vertex -21 21 2.5
      vertex -14.1096 21 1.41529
      vertex -14.1702 21 1.41846
    endloop
  endfacet
  facet normal 0 1 0
    outer loop
      vertex 13.9872 21 1.4069
      vertex 21 21 2.5
      vertex 14.0183 21 1.4095
    endloop
  endfacet
  facet normal 0 1 0
    outer loop
      vertex -21 21 2.5
      vertex -14.059 21 1.4123
      vertex -14.1096 21 1.41529
    endloop
  endfacet
  facet normal 0 1 0
    outer loop
      vertex 13.9655 21 1.40451
      vertex 21 21 2.5
      vertex 13.9872 21 1.4069
    endloop
  endfacet
  facet normal 0 1 0
    outer loop
      vertex -21 21 2.5
      vertex -14.0183 21 1.4095
      vertex -14.059 21 1.4123
    endloop
  endfacet
  facet normal 0 1 0
    outer loop
      vertex 21 21 2.5
      vertex 13.9655 21 1.40451
      vertex -21 21 2.5
    endloop
  endfacet
  facet normal 0 1 0
    outer loop
      vertex -21 21 2.5
      vertex -13.9872 21 1.4069
      vertex -14.0183 21 1.4095
    endloop
  endfacet
  facet normal 0 1 -0
    outer loop
      vertex -13.9655 21 1.40451
      vertex -21 21 2.5
      vertex 13.9655 21 1.40451
    endloop
  endfacet
  facet normal 0 1 0
    outer loop
      vertex -21 21 2.5
      vertex -13.9655 21 1.40451
      vertex -13.9872 21 1.4069
    endloop
  endfacet
  facet normal 0 1 -0
    outer loop
      vertex 13.953 21 1.40233
      vertex -13.9655 21 1.40451
      vertex 13.9655 21 1.40451
    endloop
  endfacet
  facet normal 0 1 0
    outer loop
      vertex 13.953 21 1.40233
      vertex -13.953 21 1.40233
      vertex -13.9655 21 1.40451
    endloop
  endfacet
  facet normal 0 1 -0
    outer loop
      vertex 13.9493 21 1.40038
      vertex -13.953 21 1.40233
      vertex 13.953 21 1.40233
    endloop
  endfacet
  facet normal 0 1 0
    outer loop
      vertex 13.9493 21 1.40038
      vertex -13.9493 21 1.40038
      vertex -13.953 21 1.40233
    endloop
  endfacet
  facet normal 0 1 -0
    outer loop
      vertex 13.9493 21 0
      vertex -13.9493 21 1.40038
      vertex 13.9493 21 1.40038
    endloop
  endfacet
  facet normal 0 1 0
    outer loop
      vertex -13.9493 21 1.40038
      vertex 13.9493 21 0
      vertex -13.9493 21 0
    endloop
  endfacet
  facet normal 0 -1 0
    outer loop
      vertex -20.7412 -21 1.69476
      vertex -21 -21 2.5
      vertex -21 -21 1.70054
    endloop
  endfacet
  facet normal 0 -1 0
    outer loop
      vertex -20.4919 -21 1.68866
      vertex -21 -21 2.5
      vertex -20.7412 -21 1.69476
    endloop
  endfacet
  facet normal 0 -1 0
    outer loop
      vertex -20.2549 -21 1.68233
      vertex -21 -21 2.5
      vertex -20.4919 -21 1.68866
    endloop
  endfacet
  facet normal 0 -1 -0
    outer loop
      vertex 21 -21 2.5
      vertex 20.7412 -21 1.69476
      vertex 21 -21 1.70054
    endloop
  endfacet
  facet normal 0 -1 0
    outer loop
      vertex -20.0324 -21 1.67585
      vertex -21 -21 2.5
      vertex -20.2549 -21 1.68233
    endloop
  endfacet
  facet normal 0 -1 0
    outer loop
      vertex 21 -21 2.5
      vertex 20.4919 -21 1.68866
      vertex 20.7412 -21 1.69476
    endloop
  endfacet
  facet normal 0 -1 0
    outer loop
      vertex -19.8264 -21 1.66931
      vertex -21 -21 2.5
      vertex -20.0324 -21 1.67585
    endloop
  endfacet
  facet normal 0 -1 0
    outer loop
      vertex 21 -21 2.5
      vertex 20.2549 -21 1.68233
      vertex 20.4919 -21 1.68866
    endloop
  endfacet
  facet normal 0 -1 0
    outer loop
      vertex -19.6384 -21 1.66277
      vertex -21 -21 2.5
      vertex -19.8264 -21 1.66931
    endloop
  endfacet
  facet normal 0 -1 0
    outer loop
      vertex 21 -21 2.5
      vertex 20.0324 -21 1.67585
      vertex 20.2549 -21 1.68233
    endloop
  endfacet
  facet normal 0 -1 0
    outer loop
      vertex -19.4696 -21 1.65631
      vertex -21 -21 2.5
      vertex -19.6384 -21 1.66277
    endloop
  endfacet
  facet normal 0 -1 0
    outer loop
      vertex 21 -21 2.5
      vertex 19.8264 -21 1.66931
      vertex 20.0324 -21 1.67585
    endloop
  endfacet
  facet normal 0 -1 0
    outer loop
      vertex -19.3207 -21 1.64999
      vertex -21 -21 2.5
      vertex -19.4696 -21 1.65631
    endloop
  endfacet
  facet normal 0 -1 0
    outer loop
      vertex 21 -21 2.5
      vertex 19.6384 -21 1.66277
      vertex 19.8264 -21 1.66931
    endloop
  endfacet
  facet normal 0 -1 0
    outer loop
      vertex -14.2408 -21 1.42179
      vertex -21 -21 2.5
      vertex -19.3207 -21 1.64999
    endloop
  endfacet
  facet normal 0 -1 0
    outer loop
      vertex 21 -21 2.5
      vertex 19.4696 -21 1.65631
      vertex 19.6384 -21 1.66277
    endloop
  endfacet
  facet normal 0 -1 0
    outer loop
      vertex -14.1702 -21 1.41846
      vertex -21 -21 2.5
      vertex -14.2408 -21 1.42179
    endloop
  endfacet
  facet normal 0 -1 0
    outer loop
      vertex 21 -21 2.5
      vertex 19.3207 -21 1.64999
      vertex 19.4696 -21 1.65631
    endloop
  endfacet
  facet normal 0 -1 0
    outer loop
      vertex -14.1096 -21 1.41529
      vertex -21 -21 2.5
      vertex -14.1702 -21 1.41846
    endloop
  endfacet
  facet normal 0 -1 0
    outer loop
      vertex 21 -21 2.5
      vertex 14.2408 -21 1.42179
      vertex 19.3207 -21 1.64999
    endloop
  endfacet
  facet normal 0 -1 0
    outer loop
      vertex -14.059 -21 1.4123
      vertex -21 -21 2.5
      vertex -14.1096 -21 1.41529
    endloop
  endfacet
  facet normal 0 -1 0
    outer loop
      vertex 21 -21 2.5
      vertex 14.1702 -21 1.41846
      vertex 14.2408 -21 1.42179
    endloop
  endfacet
  facet normal 0 -1 0
    outer loop
      vertex -14.0183 -21 1.4095
      vertex -21 -21 2.5
      vertex -14.059 -21 1.4123
    endloop
  endfacet
  facet normal 0 -1 0
    outer loop
      vertex 21 -21 2.5
      vertex 14.1096 -21 1.41529
      vertex 14.1702 -21 1.41846
    endloop
  endfacet
  facet normal 0 -1 0
    outer loop
      vertex -13.9872 -21 1.4069
      vertex -21 -21 2.5
      vertex -14.0183 -21 1.4095
    endloop
  endfacet
  facet normal 0 -1 0
    outer loop
      vertex 21 -21 2.5
      vertex 14.059 -21 1.4123
      vertex 14.1096 -21 1.41529
    endloop
  endfacet
  facet normal 0 -1 0
    outer loop
      vertex -13.9655 -21 1.40451
      vertex -21 -21 2.5
      vertex -13.9872 -21 1.4069
    endloop
  endfacet
  facet normal 0 -1 0
    outer loop
      vertex 21 -21 2.5
      vertex 14.0183 -21 1.4095
      vertex 14.059 -21 1.4123
    endloop
  endfacet
  facet normal 0 -1 0
    outer loop
      vertex -21 -21 2.5
      vertex -13.9655 -21 1.40451
      vertex 21 -21 2.5
    endloop
  endfacet
  facet normal 0 -1 0
    outer loop
      vertex 21 -21 2.5
      vertex 13.9872 -21 1.4069
      vertex 14.0183 -21 1.4095
    endloop
  endfacet
  facet normal 0 -1 0
    outer loop
      vertex 13.9655 -21 1.40451
      vertex 21 -21 2.5
      vertex -13.9655 -21 1.40451
    endloop
  endfacet
  facet normal 0 -1 0
    outer loop
      vertex 21 -21 2.5
      vertex 13.9655 -21 1.40451
      vertex 13.9872 -21 1.4069
    endloop
  endfacet
  facet normal 0 -1 0
    outer loop
      vertex -13.953 -21 1.40233
      vertex 13.9655 -21 1.40451
      vertex -13.9655 -21 1.40451
    endloop
  endfacet
  facet normal 0 -1 0
    outer loop
      vertex -13.953 -21 1.40233
      vertex 13.953 -21 1.40233
      vertex 13.9655 -21 1.40451
    endloop
  endfacet
  facet normal 0 -1 0
    outer loop
      vertex -13.9493 -21 1.40038
      vertex 13.953 -21 1.40233
      vertex -13.953 -21 1.40233
    endloop
  endfacet
  facet normal 0 -1 0
    outer loop
      vertex -13.9493 -21 1.40038
      vertex 13.9493 -21 1.40038
      vertex 13.953 -21 1.40233
    endloop
  endfacet
  facet normal 0 -1 0
    outer loop
      vertex -13.9493 -21 0
      vertex 13.9493 -21 1.40038
      vertex -13.9493 -21 1.40038
    endloop
  endfacet
  facet normal 0 -1 -0
    outer loop
      vertex 13.9493 -21 1.40038
      vertex -13.9493 -21 0
      vertex 13.9493 -21 0
    endloop
  endfacet
  facet normal -0.000965549 -0.0449926 0.998987
    outer loop
      vertex 16.0834 15.1842 1.46417
      vertex 16.1 15 1.45589
      vertex 16.0947 15.1078 1.46074
    endloop
  endfacet
  facet normal 0.00038143 -0.0448715 0.998993
    outer loop
      vertex 16.1 15 1.45589
      vertex 16.0834 15.1842 1.46417
      vertex 16.0947 14.8922 1.45105
    endloop
  endfacet
  facet normal -6.59079e-05 -0.0448888 0.998992
    outer loop
      vertex 16.0834 15.1842 1.46417
      vertex 16.0789 14.7854 1.44625
      vertex 16.0947 14.8922 1.45105
    endloop
  endfacet
  facet normal 0.000185891 -0.0448916 0.998992
    outer loop
      vertex 16.0834 15.1842 1.46417
      vertex 16.0526 14.6807 1.44155
      vertex 16.0789 14.7854 1.44625
    endloop
  endfacet
  facet normal -3.56861e-05 -0.0448781 0.998992
    outer loop
      vertex 16.0834 15.1842 1.46417
      vertex 16.0163 14.579 1.43698
      vertex 16.0526 14.6807 1.44155
    endloop
  endfacet
  facet normal 1.1614e-05 -0.0448833 0.998992
    outer loop
      vertex 16.0834 15.1842 1.46417
      vertex 15.9701 14.4815 1.4326
      vertex 16.0163 14.579 1.43698
    endloop
  endfacet
  facet normal 5.25633e-06 -0.0448823 0.998992
    outer loop
      vertex 16.0834 15.1842 1.46417
      vertex 15.9146 14.3889 1.42844
      vertex 15.9701 14.4815 1.4326
    endloop
  endfacet
  facet normal -0.000106159 -0.0448587 0.998993
    outer loop
      vertex 16.0834 15.1842 1.46417
      vertex 15.8503 14.3022 1.42454
      vertex 15.9146 14.3889 1.42844
    endloop
  endfacet
  facet normal 8.86581e-05 -0.0449101 0.998991
    outer loop
      vertex 16.0834 15.1842 1.46417
      vertex 15.7778 14.2222 1.42095
      vertex 15.8503 14.3022 1.42454
    endloop
  endfacet
  facet normal -4.867e-05 -0.0448665 0.998993
    outer loop
      vertex 16.0834 15.1842 1.46417
      vertex 15.6978 14.1497 1.41769
      vertex 15.7778 14.2222 1.42095
    endloop
  endfacet
  facet normal -1.60246e-05 -0.0448787 0.998992
    outer loop
      vertex 16.0834 15.1842 1.46417
      vertex 15.6111 14.0854 1.4148
      vertex 15.6978 14.1497 1.41769
    endloop
  endfacet
  facet normal 5.32055e-05 -0.0449084 0.998991
    outer loop
      vertex 16.0834 15.1842 1.46417
      vertex 15.5185 14.0299 1.41231
      vertex 15.6111 14.0854 1.4148
    endloop
  endfacet
  facet normal 7.54739e-05 -0.0449192 0.998991
    outer loop
      vertex 16.0834 15.1842 1.46417
      vertex 15.421 13.9837 1.41024
      vertex 15.5185 14.0299 1.41231
    endloop
  endfacet
  facet normal -0.00011372 -0.0448151 0.998995
    outer loop
      vertex 16.0834 15.1842 1.46417
      vertex 15.3193 13.9474 1.4086
      vertex 15.421 13.9837 1.41024
    endloop
  endfacet
  facet normal 0.000131817 -0.0449665 0.998988
    outer loop
      vertex 16.0834 15.1842 1.46417
      vertex 15.2146 13.9211 1.40743
      vertex 15.3193 13.9474 1.4086
    endloop
  endfacet
  facet normal -0.000106683 -0.0448027 0.998996
    outer loop
      vertex 16.0834 15.1842 1.46417
      vertex 15.1078 13.9053 1.40671
      vertex 15.2146 13.9211 1.40743
    endloop
  endfacet
  facet normal 7.82284e-05 -0.0449435 0.99899
    outer loop
      vertex 16.0834 15.1842 1.46417
      vertex 15 13.9 1.40648
      vertex 15.1078 13.9053 1.40671
    endloop
  endfacet
  facet normal -7.19978e-05 -0.044817 0.998995
    outer loop
      vertex 16.0834 15.1842 1.46417
      vertex 14.8922 13.9053 1.40671
      vertex 15 13.9 1.40648
    endloop
  endfacet
  facet normal 8.31808e-05 -0.0449613 0.998989
    outer loop
      vertex 16.0834 15.1842 1.46417
      vertex 14.7854 13.9211 1.40743
      vertex 14.8922 13.9053 1.40671
    endloop
  endfacet
  facet normal -3.03647e-06 -0.0448729 0.998993
    outer loop
      vertex 14.6334 13.9643 1.40937
      vertex 14.7854 13.9211 1.40743
      vertex 16.0834 15.1842 1.46417
    endloop
  endfacet
  facet normal -0.000908662 -0.0480527 0.998844
    outer loop
      vertex 14.7854 13.9211 1.40743
      vertex 14.6334 13.9643 1.40937
      vertex 14.6807 13.9474 1.4086
    endloop
  endfacet
  facet normal -1.0816e-05 -0.0448654 0.998993
    outer loop
      vertex 21 19.3207 1.64999
      vertex 42.4911 37.1759 2.45211
      vertex 42.2631 37.2098 2.45363
    endloop
  endfacet
  facet normal -1.21472e-06 -0.0448769 0.998993
    outer loop
      vertex 42.4911 37.1759 2.45211
      vertex 21 19.3207 1.64999
      vertex 21 14.2408 1.42179
    endloop
  endfacet
  facet normal 0.348201 -0.315625 -0.882687
    outer loop
      vertex 47.2009 39.7791 0
      vertex 17.4168 10.4168 -1.25
      vertex 47.5468 40.1607 0
    endloop
  endfacet
  facet normal 0.152058 -0.112766 -0.981918
    outer loop
      vertex 47.5468 40.1607 0
      vertex 17.4168 10.4168 -1.25
      vertex 47.8536 40.5744 0
    endloop
  endfacet
  facet normal -0.00206856 0.0420579 -0.999113
    outer loop
      vertex 43.49 48.738 0
      vertex 10.4168 17.4168 -1.25
      vertex 42.9756 48.7127 0
    endloop
  endfacet
  facet normal 0 -1 0
    outer loop
      vertex 10.4168 10.4168 -1.25
      vertex 17.4168 10.4168 0
      vertex 10.4168 10.4168 0
    endloop
  endfacet
  facet normal 0 -1 -0
    outer loop
      vertex 17.4168 10.4168 0
      vertex 10.4168 10.4168 -1.25
      vertex 17.4168 10.4168 -1.25
    endloop
  endfacet
  facet normal 0.0383111 0.00188428 -0.999264
    outer loop
      vertex 48.738 43.49 0
      vertex 17.4168 17.4168 -1.25
      vertex 48.7127 44.0044 0
    endloop
  endfacet
  facet normal -0.712132 0.702045 0
    outer loop
      vertex 13.9493 21 1.40038
      vertex 37.1884 44.573 0
      vertex 13.9493 21 0
    endloop
  endfacet
  facet normal -0.712129 0.702048 -0.000103994
    outer loop
      vertex 10.4168 17.4168 -1.25
      vertex 37.1884 44.573 0
      vertex 39.7791 47.2009 0
    endloop
  endfacet
  facet normal -0.712132 0.702045 3.09197e-05
    outer loop
      vertex 37.1884 44.573 0
      vertex 10.4168 17.4168 -1.25
      vertex 13.9493 21 0
    endloop
  endfacet
  facet normal -0.712127 0.702051 0
    outer loop
      vertex 13.9493 21 0
      vertex 10.4168 17.4168 -1.25
      vertex 10.4168 17.4168 0
    endloop
  endfacet
  facet normal -0.712132 0.702045 0
    outer loop
      vertex 37.1884 44.573 0
      vertex 13.9493 21 1.40038
      vertex 37.1884 44.573 2.38971
    endloop
  endfacet
  facet normal -0.429494 0.389211 0.814893
    outer loop
      vertex 13.9493 21 1.40038
      vertex 37.1835 44.5396 2.40308
      vertex 37.1884 44.573 2.38971
    endloop
  endfacet
  facet normal -0.429479 0.389195 0.814908
    outer loop
      vertex 37.1835 44.5396 2.40308
      vertex 13.9493 21 1.40038
      vertex 13.953 21 1.40233
    endloop
  endfacet
  facet normal 0.0261335 0.0156612 -0.999536
    outer loop
      vertex 48.1183 45.9639 0
      vertex 17.4168 17.4168 -1.25
      vertex 47.8536 46.4056 0
    endloop
  endfacet
  facet normal -0.0257758 -0.0144275 0.999564
    outer loop
      vertex 15.5574 15.9468 1.4759
      vertex 15.6343 15.8974 1.47717
      vertex 15.6111 15.9146 1.47682
    endloop
  endfacet
  facet normal -0.026758 -0.0159576 0.999515
    outer loop
      vertex 15.5574 15.9468 1.4759
      vertex 14.1348 14.3223 1.41188
      vertex 15.6343 15.8974 1.47717
    endloop
  endfacet
  facet normal -0.0267139 -0.0159961 0.999515
    outer loop
      vertex 14.1348 14.3223 1.41188
      vertex 15.5574 15.9468 1.4759
      vertex 14.096 14.3746 1.41168
    endloop
  endfacet
  facet normal -0.0267053 -0.0160059 0.999515
    outer loop
      vertex 38.1686 39.9344 2.46416
      vertex 20.4919 21 1.68866
      vertex 38.3212 39.7285 2.46494
    endloop
  endfacet
  facet normal -0.0267009 -0.0160101 0.999515
    outer loop
      vertex 38.0461 40.1387 2.46416
      vertex 20.4919 21 1.68866
      vertex 38.1686 39.9344 2.46416
    endloop
  endfacet
  facet normal -0.0266959 -0.0160146 0.999515
    outer loop
      vertex 20.4919 21 1.68866
      vertex 38.0461 40.1387 2.46416
      vertex 20.2549 21 1.68233
    endloop
  endfacet
  facet normal 0 0 -1
    outer loop
      vertex 10.4168 10.4168 -1.25
      vertex 17.4168 17.4168 -1.25
      vertex 17.4168 10.4168 -1.25
    endloop
  endfacet
  facet normal -0 0 -1
    outer loop
      vertex 17.4168 17.4168 -1.25
      vertex 10.4168 10.4168 -1.25
      vertex 10.4168 17.4168 -1.25
    endloop
  endfacet
  facet normal -0.0298589 -0.0151059 0.99944
    outer loop
      vertex 15.4793 15.9887 1.4742
      vertex 15.5574 15.9468 1.4759
      vertex 15.5185 15.9701 1.47509
    endloop
  endfacet
  facet normal -0.0291312 -0.0137478 0.999481
    outer loop
      vertex 15.4793 15.9887 1.4742
      vertex 14.096 14.3746 1.41168
      vertex 15.5574 15.9468 1.4759
    endloop
  endfacet
  facet normal -0.0291349 -0.0137446 0.999481
    outer loop
      vertex 14.0617 14.4284 1.41142
      vertex 14.096 14.3746 1.41168
      vertex 15.4793 15.9887 1.4742
    endloop
  endfacet
  facet normal -0.0275597 -0.0127401 0.999539
    outer loop
      vertex 14.096 14.3746 1.41168
      vertex 14.0617 14.4284 1.41142
      vertex 14.0854 14.3889 1.41157
    endloop
  endfacet
  facet normal -0.0291102 -0.0137689 0.999481
    outer loop
      vertex 37.8457 40.4731 2.46293
      vertex 20.2549 21 1.68233
      vertex 38.0461 40.1387 2.46416
    endloop
  endfacet
  facet normal -0.0291083 -0.0137706 0.999481
    outer loop
      vertex 37.8044 40.5604 2.46293
      vertex 20.2549 21 1.68233
      vertex 37.8457 40.4731 2.46293
    endloop
  endfacet
  facet normal -0.0291085 -0.0137705 0.999481
    outer loop
      vertex 20.2549 21 1.68233
      vertex 37.8044 40.5604 2.46293
      vertex 20.0324 21 1.67585
    endloop
  endfacet
  facet normal 0.0199458 0.0220044 -0.999559
    outer loop
      vertex 47.2009 47.2009 0
      vertex 17.4168 17.4168 -1.25
      vertex 46.8193 47.5468 0
    endloop
  endfacet
  facet normal -0.0601698 0.100404 -0.993126
    outer loop
      vertex 41.0161 48.1183 0
      vertex 10.4168 17.4168 -1.25
      vertex 40.5744 47.8536 0
    endloop
  endfacet
  facet normal -0.022344 -0.0202102 0.999546
    outer loop
      vertex 14.1774 14.2716 1.412
      vertex 15.7778 15.7778 1.47823
      vertex 15.7082 15.8409 1.47795
    endloop
  endfacet
  facet normal -0.022317 -0.0202389 0.999546
    outer loop
      vertex 15.7778 15.7778 1.47823
      vertex 14.1774 14.2716 1.412
      vertex 14.2222 14.2222 1.412
    endloop
  endfacet
  facet normal -0.0223232 -0.0202292 0.999546
    outer loop
      vertex 38.6283 39.3355 2.46532
      vertex 21 21 1.70054
      vertex 38.9645 38.9645 2.46532
    endloop
  endfacet
  facet normal -0.0223237 -0.0202287 0.999546
    outer loop
      vertex 21 21 1.70054
      vertex 38.6283 39.3355 2.46532
      vertex 20.7412 21 1.69476
    endloop
  endfacet
  facet normal -0.0522133 0.00774461 0.998606
    outer loop
      vertex 37.099 43.3069 2.44432
      vertex 14.1702 21 1.41846
      vertex 37.1186 42.9078 2.44844
    endloop
  endfacet
  facet normal -0.0522372 0.00776928 0.998604
    outer loop
      vertex 14.1702 21 1.41846
      vertex 37.099 43.3069 2.44432
      vertex 14.1096 21 1.41529
    endloop
  endfacet
  facet normal 0.0420579 -0.00206856 -0.999113
    outer loop
      vertex 48.7127 42.9756 0
      vertex 17.4168 10.4168 -1.25
      vertex 48.738 43.49 0
    endloop
  endfacet
  facet normal -1 0 0
    outer loop
      vertex 10.4168 10.4168 -1.25
      vertex 10.4168 17.4168 0
      vertex 10.4168 17.4168 -1.25
    endloop
  endfacet
  facet normal -1 -0 0
    outer loop
      vertex 10.4168 17.4168 0
      vertex 10.4168 10.4168 -1.25
      vertex 10.4168 10.4168 0
    endloop
  endfacet
  facet normal 0.389195 -0.429479 0.814908
    outer loop
      vertex 21 13.9493 1.40038
      vertex 44.5396 37.1835 2.40308
      vertex 21 13.953 1.40233
    endloop
  endfacet
  facet normal 0.389211 -0.429494 0.814893
    outer loop
      vertex 44.5396 37.1835 2.40308
      vertex 21 13.9493 1.40038
      vertex 44.573 37.1884 2.38971
    endloop
  endfacet
  facet normal -0.16968 0.125898 0.977424
    outer loop
      vertex 13.953 21 1.40233
      vertex 37.1667 44.4269 2.41468
      vertex 37.1835 44.5396 2.40308
    endloop
  endfacet
  facet normal -0.170423 0.126645 0.977199
    outer loop
      vertex 37.1667 44.4269 2.41468
      vertex 13.953 21 1.40233
      vertex 13.9655 21 1.40451
    endloop
  endfacet
  facet normal -0.0833046 0.0394054 0.995745
    outer loop
      vertex 13.9872 21 1.4069
      vertex 37.114 43.9786 2.43235
      vertex 37.1208 44.1173 2.42743
    endloop
  endfacet
  facet normal -0.0832998 0.0394006 0.995745
    outer loop
      vertex 13.9872 21 1.4069
      vertex 37.1208 44.1173 2.42743
      vertex 37.1382 44.2342 2.42426
    endloop
  endfacet
  facet normal -0.0832461 0.0393463 0.995752
    outer loop
      vertex 37.114 43.9786 2.43235
      vertex 13.9872 21 1.4069
      vertex 14.0183 21 1.4095
    endloop
  endfacet
  facet normal -0.0294283 -0.0063901 0.999546
    outer loop
      vertex 15.4015 16.0232 1.47213
      vertex 15.4793 15.9887 1.4742
      vertex 15.421 16.0163 1.47266
    endloop
  endfacet
  facet normal -0.031666 -0.0114431 0.999433
    outer loop
      vertex 15.4015 16.0232 1.47213
      vertex 14.0617 14.4284 1.41142
      vertex 15.4793 15.9887 1.4742
    endloop
  endfacet
  facet normal -0.0317064 -0.0114091 0.999432
    outer loop
      vertex 14.0617 14.4284 1.41142
      vertex 15.4015 16.0232 1.47213
      vertex 14.0302 14.4809 1.41102
    endloop
  endfacet
  facet normal -0.0317635 -0.0113562 0.999431
    outer loop
      vertex 37.6007 40.9911 2.46135
      vertex 20.0324 21 1.67585
      vertex 37.8044 40.5604 2.46293
    endloop
  endfacet
  facet normal -0.0317295 -0.0113861 0.999432
    outer loop
      vertex 20.0324 21 1.67585
      vertex 37.6007 40.9911 2.46135
      vertex 19.8264 21 1.66931
    endloop
  endfacet
  facet normal -0.0225308 0.0629693 -0.997761
    outer loop
      vertex 41.9666 48.512 0
      vertex 10.4168 17.4168 -1.25
      vertex 41.4817 48.3385 0
    endloop
  endfacet
  facet normal 0.0304946 0.0109111 -0.999475
    outer loop
      vertex 48.512 45.0134 0
      vertex 17.4168 17.4168 -1.25
      vertex 48.3385 45.4983 0
    endloop
  endfacet
  facet normal 0.0245685 -0.0686131 0.997341
    outer loop
      vertex 21 14.0183 1.4095
      vertex 43.6663 37.0987 2.43898
      vertex 21 14.059 1.4123
    endloop
  endfacet
  facet normal 0.024533 -0.0685784 0.997344
    outer loop
      vertex 43.6663 37.0987 2.43898
      vertex 21 14.0183 1.4095
      vertex 43.9786 37.114 2.43235
    endloop
  endfacet
  facet normal 0.702051 -0.712127 0
    outer loop
      vertex 17.4168 10.4168 -1.25
      vertex 21 13.9493 0
      vertex 17.4168 10.4168 0
    endloop
  endfacet
  facet normal 0.702045 -0.712132 3.09197e-05
    outer loop
      vertex 21 13.9493 0
      vertex 17.4168 10.4168 -1.25
      vertex 44.573 37.1884 0
    endloop
  endfacet
  facet normal 0.702048 -0.712129 -0.000103994
    outer loop
      vertex 44.573 37.1884 0
      vertex 17.4168 10.4168 -1.25
      vertex 47.2009 39.7791 0
    endloop
  endfacet
  facet normal 0.702045 -0.712132 0
    outer loop
      vertex 44.573 37.1884 0
      vertex 21 13.9493 1.40038
      vertex 21 13.9493 0
    endloop
  endfacet
  facet normal 0.702045 -0.712132 0
    outer loop
      vertex 21 13.9493 1.40038
      vertex 44.573 37.1884 0
      vertex 44.573 37.1884 2.38971
    endloop
  endfacet
  facet normal -0.0144275 -0.0257758 0.999564
    outer loop
      vertex 15.8974 15.6343 1.47717
      vertex 15.9468 15.5574 1.4759
      vertex 15.9146 15.6111 1.47682
    endloop
  endfacet
  facet normal -0.0159561 -0.026757 0.999515
    outer loop
      vertex 15.8974 15.6343 1.47717
      vertex 14.3746 14.096 1.41168
      vertex 15.9468 15.5574 1.4759
    endloop
  endfacet
  facet normal -0.0159976 -0.0267159 0.999515
    outer loop
      vertex 14.3746 14.096 1.41168
      vertex 15.8974 15.6343 1.47717
      vertex 14.3223 14.1348 1.41188
    endloop
  endfacet
  facet normal -0.0160059 -0.0267053 0.999515
    outer loop
      vertex 21 20.4919 1.68866
      vertex 39.9344 38.1686 2.46416
      vertex 39.7285 38.3212 2.46494
    endloop
  endfacet
  facet normal -0.0160101 -0.0267009 0.999515
    outer loop
      vertex 21 20.4919 1.68866
      vertex 40.1387 38.0461 2.46416
      vertex 39.9344 38.1686 2.46416
    endloop
  endfacet
  facet normal -0.0160146 -0.0266959 0.999515
    outer loop
      vertex 40.1387 38.0461 2.46416
      vertex 21 20.4919 1.68866
      vertex 21 20.2549 1.68233
    endloop
  endfacet
  facet normal -0.0151059 -0.0298589 0.99944
    outer loop
      vertex 15.9468 15.5574 1.4759
      vertex 15.9887 15.4793 1.4742
      vertex 15.9701 15.5185 1.47509
    endloop
  endfacet
  facet normal -0.0137479 -0.0291313 0.999481
    outer loop
      vertex 15.9468 15.5574 1.4759
      vertex 14.4284 14.0617 1.41142
      vertex 15.9887 15.4793 1.4742
    endloop
  endfacet
  facet normal -0.0137445 -0.0291347 0.999481
    outer loop
      vertex 14.3746 14.096 1.41168
      vertex 14.4284 14.0617 1.41142
      vertex 15.9468 15.5574 1.4759
    endloop
  endfacet
  facet normal -0.0127401 -0.0275597 0.999539
    outer loop
      vertex 14.4284 14.0617 1.41142
      vertex 14.3746 14.096 1.41168
      vertex 14.3889 14.0854 1.41157
    endloop
  endfacet
  facet normal -0.0137689 -0.0291102 0.999481
    outer loop
      vertex 21 20.2549 1.68233
      vertex 40.4731 37.8457 2.46293
      vertex 40.1387 38.0461 2.46416
    endloop
  endfacet
  facet normal -0.0137706 -0.0291083 0.999481
    outer loop
      vertex 21 20.2549 1.68233
      vertex 40.5604 37.8044 2.46293
      vertex 40.4731 37.8457 2.46293
    endloop
  endfacet
  facet normal -0.0137705 -0.0291085 0.999481
    outer loop
      vertex 40.5604 37.8044 2.46293
      vertex 21 20.2549 1.68233
      vertex 21 20.0324 1.67585
    endloop
  endfacet
  facet normal -0.0262511 -0.0205378 0.999444
    outer loop
      vertex 15.6343 15.8974 1.47717
      vertex 15.7082 15.8409 1.47795
      vertex 15.6978 15.8503 1.47787
    endloop
  endfacet
  facet normal -0.0244389 -0.0181663 0.999536
    outer loop
      vertex 15.6343 15.8974 1.47717
      vertex 14.1774 14.2716 1.412
      vertex 15.7082 15.8409 1.47795
    endloop
  endfacet
  facet normal -0.0244375 -0.0181675 0.999536
    outer loop
      vertex 14.1348 14.3223 1.41188
      vertex 14.1774 14.2716 1.412
      vertex 15.6343 15.8974 1.47717
    endloop
  endfacet
  facet normal -0.0239109 -0.017725 0.999557
    outer loop
      vertex 14.1774 14.2716 1.412
      vertex 14.1348 14.3223 1.41188
      vertex 14.1497 14.3022 1.41188
    endloop
  endfacet
  facet normal -0.0244536 -0.0181505 0.999536
    outer loop
      vertex 38.5427 39.4299 2.46494
      vertex 20.7412 21 1.69476
      vertex 38.6283 39.3355 2.46532
    endloop
  endfacet
  facet normal -0.02446 -0.0181443 0.999536
    outer loop
      vertex 38.3212 39.7285 2.46494
      vertex 20.7412 21 1.69476
      vertex 38.5427 39.4299 2.46494
    endloop
  endfacet
  facet normal -0.0244572 -0.018147 0.999536
    outer loop
      vertex 20.7412 21 1.69476
      vertex 38.3212 39.7285 2.46494
      vertex 20.4919 21 1.68866
    endloop
  endfacet
  facet normal 0.0220044 0.0199458 -0.999559
    outer loop
      vertex 47.5468 46.8193 0
      vertex 17.4168 17.4168 -1.25
      vertex 47.2009 47.2009 0
    endloop
  endfacet
  facet normal -0.109296 0.0654741 0.991851
    outer loop
      vertex 13.9655 21 1.40451
      vertex 37.1382 44.2342 2.42426
      vertex 37.1667 44.4269 2.41468
    endloop
  endfacet
  facet normal -0.109242 0.0654198 0.99186
    outer loop
      vertex 37.1382 44.2342 2.42426
      vertex 13.9655 21 1.40451
      vertex 13.9872 21 1.4069
    endloop
  endfacet
  facet normal -0.0417444 -0.0196472 0.998935
    outer loop
      vertex 15.252 16.0695 1.46702
      vertex 15.3256 16.0504 1.46972
      vertex 15.3193 16.0526 1.4695
    endloop
  endfacet
  facet normal -0.0381457 -0.00573466 0.999256
    outer loop
      vertex 15.252 16.0695 1.46702
      vertex 14.0048 14.5345 1.4106
      vertex 15.3256 16.0504 1.46972
    endloop
  endfacet
  facet normal -0.0381291 -0.00574816 0.999256
    outer loop
      vertex 13.9818 14.5845 1.41001
      vertex 14.0048 14.5345 1.4106
      vertex 15.252 16.0695 1.46702
    endloop
  endfacet
  facet normal -0.0394922 -0.00637584 0.9992
    outer loop
      vertex 14.0048 14.5345 1.4106
      vertex 13.9818 14.5845 1.41001
      vertex 13.9837 14.579 1.41005
    endloop
  endfacet
  facet normal -0.0382149 -0.00567476 0.999253
    outer loop
      vertex 37.3656 41.6322 2.45789
      vertex 19.6384 21 1.66277
      vertex 37.4385 41.4283 2.45952
    endloop
  endfacet
  facet normal -0.038237 -0.00565574 0.999253
    outer loop
      vertex 37.3095 41.856 2.45701
      vertex 19.6384 21 1.66277
      vertex 37.3656 41.6322 2.45789
    endloop
  endfacet
  facet normal -0.0382415 -0.00565191 0.999253
    outer loop
      vertex 19.6384 21 1.66277
      vertex 37.3095 41.856 2.45701
      vertex 19.4696 21 1.65631
    endloop
  endfacet
  facet normal -0.0590418 0.014803 0.998146
    outer loop
      vertex 14.059 21 1.4123
      vertex 37.09 43.49 2.44108
      vertex 37.0987 43.6663 2.43898
    endloop
  endfacet
  facet normal -0.0589816 0.0147411 0.99815
    outer loop
      vertex 37.09 43.49 2.44108
      vertex 14.059 21 1.4123
      vertex 14.1096 21 1.41529
    endloop
  endfacet
  facet normal -0.0590023 0.0147623 0.998149
    outer loop
      vertex 37.099 43.3069 2.44432
      vertex 37.09 43.49 2.44108
      vertex 14.1096 21 1.41529
    endloop
  endfacet
  facet normal -0.0449926 -0.000965549 0.998987
    outer loop
      vertex 15 16.1 1.45589
      vertex 15.1842 16.0834 1.46417
      vertex 15.1078 16.0947 1.46074
    endloop
  endfacet
  facet normal -0.0448715 0.00038143 0.998993
    outer loop
      vertex 14.8922 16.0947 1.45105
      vertex 15.1842 16.0834 1.46417
      vertex 15 16.1 1.45589
    endloop
  endfacet
  facet normal -0.0448888 -6.59079e-05 0.998992
    outer loop
      vertex 14.7854 16.0789 1.44625
      vertex 15.1842 16.0834 1.46417
      vertex 14.8922 16.0947 1.45105
    endloop
  endfacet
  facet normal -0.0448916 0.000185891 0.998992
    outer loop
      vertex 14.6807 16.0526 1.44155
      vertex 15.1842 16.0834 1.46417
      vertex 14.7854 16.0789 1.44625
    endloop
  endfacet
  facet normal -0.0448781 -3.56861e-05 0.998992
    outer loop
      vertex 14.579 16.0163 1.43698
      vertex 15.1842 16.0834 1.46417
      vertex 14.6807 16.0526 1.44155
    endloop
  endfacet
  facet normal -0.0448833 1.1614e-05 0.998992
    outer loop
      vertex 14.4815 15.9701 1.4326
      vertex 15.1842 16.0834 1.46417
      vertex 14.579 16.0163 1.43698
    endloop
  endfacet
  facet normal -0.0448823 5.25633e-06 0.998992
    outer loop
      vertex 14.3889 15.9146 1.42844
      vertex 15.1842 16.0834 1.46417
      vertex 14.4815 15.9701 1.4326
    endloop
  endfacet
  facet normal -0.0448587 -0.000106159 0.998993
    outer loop
      vertex 14.3022 15.8503 1.42454
      vertex 15.1842 16.0834 1.46417
      vertex 14.3889 15.9146 1.42844
    endloop
  endfacet
  facet normal -0.0449101 8.86581e-05 0.998991
    outer loop
      vertex 14.2222 15.7778 1.42095
      vertex 15.1842 16.0834 1.46417
      vertex 14.3022 15.8503 1.42454
    endloop
  endfacet
  facet normal -0.0448665 -4.867e-05 0.998993
    outer loop
      vertex 14.1497 15.6978 1.41769
      vertex 15.1842 16.0834 1.46417
      vertex 14.2222 15.7778 1.42095
    endloop
  endfacet
  facet normal -0.0448787 -1.60246e-05 0.998992
    outer loop
      vertex 14.0854 15.6111 1.4148
      vertex 15.1842 16.0834 1.46417
      vertex 14.1497 15.6978 1.41769
    endloop
  endfacet
  facet normal -0.0449084 5.32055e-05 0.998991
    outer loop
      vertex 14.0299 15.5185 1.41231
      vertex 15.1842 16.0834 1.46417
      vertex 14.0854 15.6111 1.4148
    endloop
  endfacet
  facet normal -0.0449192 7.54739e-05 0.998991
    outer loop
      vertex 13.9837 15.421 1.41024
      vertex 15.1842 16.0834 1.46417
      vertex 14.0299 15.5185 1.41231
    endloop
  endfacet
  facet normal -0.0448788 1.93551e-06 0.998992
    outer loop
      vertex 13.9837 15.421 1.41024
      vertex 13.9643 14.6334 1.40937
      vertex 15.1842 16.0834 1.46417
    endloop
  endfacet
  facet normal -0.0451577 8.81997e-06 0.99898
    outer loop
      vertex 13.9474 15.3193 1.4086
      vertex 13.9643 14.6334 1.40937
      vertex 13.9837 15.421 1.41024
    endloop
  endfacet
  facet normal -0.0445385 2.4107e-05 0.999008
    outer loop
      vertex 13.9211 15.2146 1.40743
      vertex 13.9643 14.6334 1.40937
      vertex 13.9474 15.3193 1.4086
    endloop
  endfacet
  facet normal -0.0448622 0 0.998993
    outer loop
      vertex 13.9211 14.7854 1.40743
      vertex 13.9643 14.6334 1.40937
      vertex 13.9211 15.2146 1.40743
    endloop
  endfacet
  facet normal -0.0480527 -0.000908662 0.998844
    outer loop
      vertex 13.9643 14.6334 1.40937
      vertex 13.9211 14.7854 1.40743
      vertex 13.9474 14.6807 1.4086
    endloop
  endfacet
  facet normal -0.0455224 0 0.998963
    outer loop
      vertex 13.9053 15.1078 1.40671
      vertex 13.9211 14.7854 1.40743
      vertex 13.9211 15.2146 1.40743
    endloop
  endfacet
  facet normal -0.0455224 0 0.998963
    outer loop
      vertex 13.9053 15.1078 1.40671
      vertex 13.9053 14.8922 1.40671
      vertex 13.9211 14.7854 1.40743
    endloop
  endfacet
  facet normal -0.0433554 0 0.99906
    outer loop
      vertex 13.9053 14.8922 1.40671
      vertex 13.9053 15.1078 1.40671
      vertex 13.9 15 1.40648
    endloop
  endfacet
  facet normal -0.0448654 -1.0816e-05 0.998993
    outer loop
      vertex 37.1759 42.4911 2.45211
      vertex 19.3207 21 1.64999
      vertex 37.2098 42.2631 2.45363
    endloop
  endfacet
  facet normal -0.0448769 -1.21472e-06 0.998993
    outer loop
      vertex 19.3207 21 1.64999
      vertex 37.1759 42.4911 2.45211
      vertex 14.2408 21 1.42179
    endloop
  endfacet
  facet normal -0.0422489 -0.00122485 0.999106
    outer loop
      vertex 15.1842 16.0834 1.46417
      vertex 15.252 16.0695 1.46702
      vertex 15.2146 16.0789 1.46545
    endloop
  endfacet
  facet normal -0.0424217 -0.0020692 0.999098
    outer loop
      vertex 13.9643 14.6334 1.40937
      vertex 15.252 16.0695 1.46702
      vertex 15.1842 16.0834 1.46417
    endloop
  endfacet
  facet normal -0.0423928 -0.00209512 0.999099
    outer loop
      vertex 15.252 16.0695 1.46702
      vertex 13.9643 14.6334 1.40937
      vertex 13.9818 14.5845 1.41001
    endloop
  endfacet
  facet normal -0.0424012 -0.00208791 0.999098
    outer loop
      vertex 37.213 42.2414 2.45372
      vertex 19.4696 21 1.65631
      vertex 37.3095 41.856 2.45701
    endloop
  endfacet
  facet normal -0.04238 -0.00210585 0.999099
    outer loop
      vertex 19.3207 21 1.64999
      vertex 37.213 42.2414 2.45372
      vertex 37.2098 42.2631 2.45363
    endloop
  endfacet
  facet normal -0.0424063 -0.0020836 0.999098
    outer loop
      vertex 37.213 42.2414 2.45372
      vertex 19.3207 21 1.64999
      vertex 19.4696 21 1.65631
    endloop
  endfacet
  facet normal -0.0063901 -0.0294283 0.999546
    outer loop
      vertex 15.9887 15.4793 1.4742
      vertex 16.0232 15.4015 1.47213
      vertex 16.0163 15.421 1.47266
    endloop
  endfacet
  facet normal -0.0114431 -0.031666 0.999433
    outer loop
      vertex 14.4284 14.0617 1.41142
      vertex 16.0232 15.4015 1.47213
      vertex 15.9887 15.4793 1.4742
    endloop
  endfacet
  facet normal -0.0114091 -0.0317064 0.999432
    outer loop
      vertex 16.0232 15.4015 1.47213
      vertex 14.4284 14.0617 1.41142
      vertex 14.4809 14.0302 1.41102
    endloop
  endfacet
  facet normal -0.0113562 -0.0317635 0.999431
    outer loop
      vertex 21 20.0324 1.67585
      vertex 40.9911 37.6007 2.46135
      vertex 40.5604 37.8044 2.46293
    endloop
  endfacet
  facet normal -0.0113861 -0.0317295 0.999432
    outer loop
      vertex 40.9911 37.6007 2.46135
      vertex 21 20.0324 1.67585
      vertex 21 19.8264 1.66931
    endloop
  endfacet
  facet normal -0.00863173 -0.0348252 0.999356
    outer loop
      vertex 16.0232 15.4015 1.47213
      vertex 14.5345 14.0048 1.4106
      vertex 16.0504 15.3256 1.46972
    endloop
  endfacet
  facet normal -0.00865863 -0.0347965 0.999357
    outer loop
      vertex 14.4809 14.0302 1.41102
      vertex 14.5345 14.0048 1.4106
      vertex 16.0232 15.4015 1.47213
    endloop
  endfacet
  facet normal -0.142873 -0.316999 0.937603
    outer loop
      vertex 14.5345 14.0048 1.4106
      vertex 14.4809 14.0302 1.41102
      vertex 14.4815 14.0299 1.41101
    endloop
  endfacet
  facet normal -0.00875802 -0.0346821 0.99936
    outer loop
      vertex 21 19.8264 1.66931
      vertex 41.0408 37.5772 2.46097
      vertex 40.9911 37.6007 2.46135
    endloop
  endfacet
  facet normal -0.00869847 -0.0347493 0.999358
    outer loop
      vertex 21 19.8264 1.66931
      vertex 41.4283 37.4385 2.45952
      vertex 41.0408 37.5772 2.46097
    endloop
  endfacet
  facet normal -0.008685 -0.0347649 0.999358
    outer loop
      vertex 41.4283 37.4385 2.45952
      vertex 21 19.8264 1.66931
      vertex 21 19.6384 1.66277
    endloop
  endfacet
  facet normal -0.0470512 0.00232411 0.99889
    outer loop
      vertex 37.1208 42.8627 2.44865
      vertex 14.2408 21 1.42179
      vertex 37.1759 42.4911 2.45211
    endloop
  endfacet
  facet normal -0.0470802 0.00235455 0.998888
    outer loop
      vertex 37.1186 42.9078 2.44844
      vertex 14.2408 21 1.42179
      vertex 37.1208 42.8627 2.44865
    endloop
  endfacet
  facet normal -0.0471146 0.00239056 0.998887
    outer loop
      vertex 14.2408 21 1.42179
      vertex 37.1186 42.9078 2.44844
      vertex 14.1702 21 1.41846
    endloop
  endfacet
  facet normal -0.0069911 0.0471691 -0.998862
    outer loop
      vertex 42.9756 48.7127 0
      vertex 10.4168 17.4168 -1.25
      vertex 42.4662 48.6372 0
    endloop
  endfacet
  facet normal -0.0202102 -0.022344 0.999546
    outer loop
      vertex 15.7778 15.7778 1.47823
      vertex 14.2716 14.1774 1.412
      vertex 15.8409 15.7082 1.47795
    endloop
  endfacet
  facet normal -0.0202389 -0.022317 0.999546
    outer loop
      vertex 14.2716 14.1774 1.412
      vertex 15.7778 15.7778 1.47823
      vertex 14.2222 14.2222 1.412
    endloop
  endfacet
  facet normal -0.0202292 -0.0223232 0.999546
    outer loop
      vertex 21 21 1.70054
      vertex 39.3355 38.6283 2.46532
      vertex 38.9645 38.9645 2.46532
    endloop
  endfacet
  facet normal -0.0202287 -0.0223237 0.999546
    outer loop
      vertex 39.3355 38.6283 2.46532
      vertex 21 21 1.70054
      vertex 21 20.7412 1.69476
    endloop
  endfacet
  facet normal 0.0654198 -0.109242 0.99186
    outer loop
      vertex 21 13.9655 1.40451
      vertex 44.2342 37.1382 2.42426
      vertex 21 13.9872 1.4069
    endloop
  endfacet
  facet normal 0.0654741 -0.109296 0.991851
    outer loop
      vertex 44.2342 37.1382 2.42426
      vertex 21 13.9655 1.40451
      vertex 44.4269 37.1667 2.41468
    endloop
  endfacet
  facet normal 0.00774461 -0.0522133 0.998606
    outer loop
      vertex 21 14.1702 1.41846
      vertex 43.3069 37.099 2.44432
      vertex 42.9078 37.1186 2.44844
    endloop
  endfacet
  facet normal 0.00776928 -0.0522372 0.998604
    outer loop
      vertex 43.3069 37.099 2.44432
      vertex 21 14.1702 1.41846
      vertex 21 14.1096 1.41529
    endloop
  endfacet
  facet normal 0.0398773 0 -0.999205
    outer loop
      vertex 48.738 43.49 0
      vertex 17.4168 10.4168 -1.25
      vertex 17.4168 17.4168 -1.25
    endloop
  endfacet
  facet normal -0.0348252 -0.00863173 0.999356
    outer loop
      vertex 14.0048 14.5345 1.4106
      vertex 15.4015 16.0232 1.47213
      vertex 15.3256 16.0504 1.46972
    endloop
  endfacet
  facet normal -0.0347965 -0.00865863 0.999357
    outer loop
      vertex 15.4015 16.0232 1.47213
      vertex 14.0048 14.5345 1.4106
      vertex 14.0302 14.4809 1.41102
    endloop
  endfacet
  facet normal -0.316999 -0.142873 0.937603
    outer loop
      vertex 14.0302 14.4809 1.41102
      vertex 14.0048 14.5345 1.4106
      vertex 14.0299 14.4815 1.41101
    endloop
  endfacet
  facet normal -0.0346821 -0.00875802 0.99936
    outer loop
      vertex 37.5772 41.0408 2.46097
      vertex 19.8264 21 1.66931
      vertex 37.6007 40.9911 2.46135
    endloop
  endfacet
  facet normal -0.0347493 -0.00869847 0.999358
    outer loop
      vertex 37.4385 41.4283 2.45952
      vertex 19.8264 21 1.66931
      vertex 37.5772 41.0408 2.46097
    endloop
  endfacet
  facet normal -0.0347649 -0.008685 0.999358
    outer loop
      vertex 19.8264 21 1.66931
      vertex 37.4385 41.4283 2.45952
      vertex 19.6384 21 1.66277
    endloop
  endfacet
  facet normal 0.0767402 -0.0362934 -0.99639
    outer loop
      vertex 48.1183 41.0161 0
      vertex 17.4168 10.4168 -1.25
      vertex 48.3385 41.4817 0
    endloop
  endfacet
  facet normal -0.0205378 -0.0262511 0.999444
    outer loop
      vertex 15.8409 15.7082 1.47795
      vertex 15.8974 15.6343 1.47717
      vertex 15.8503 15.6978 1.47787
    endloop
  endfacet
  facet normal -0.0181662 -0.0244389 0.999536
    outer loop
      vertex 15.8409 15.7082 1.47795
      vertex 14.3223 14.1348 1.41188
      vertex 15.8974 15.6343 1.47717
    endloop
  endfacet
  facet normal -0.0181676 -0.0244376 0.999536
    outer loop
      vertex 14.2716 14.1774 1.412
      vertex 14.3223 14.1348 1.41188
      vertex 15.8409 15.7082 1.47795
    endloop
  endfacet
  facet normal -0.017725 -0.0239109 0.999557
    outer loop
      vertex 14.3223 14.1348 1.41188
      vertex 14.2716 14.1774 1.412
      vertex 14.3022 14.1497 1.41188
    endloop
  endfacet
  facet normal -0.0181505 -0.0244536 0.999536
    outer loop
      vertex 21 20.7412 1.69476
      vertex 39.4299 38.5427 2.46494
      vertex 39.3355 38.6283 2.46532
    endloop
  endfacet
  facet normal -0.0181443 -0.02446 0.999536
    outer loop
      vertex 21 20.7412 1.69476
      vertex 39.7285 38.3212 2.46494
      vertex 39.4299 38.5427 2.46494
    endloop
  endfacet
  facet normal -0.018147 -0.0244572 0.999536
    outer loop
      vertex 39.7285 38.3212 2.46494
      vertex 21 20.7412 1.69476
      vertex 21 20.4919 1.68866
    endloop
  endfacet
  facet normal 0.0109111 0.0304946 -0.999475
    outer loop
      vertex 45.4983 48.3385 0
      vertex 17.4168 17.4168 -1.25
      vertex 45.0134 48.512 0
    endloop
  endfacet
  facet normal 0.00823634 0.0328664 -0.999426
    outer loop
      vertex 45.0134 48.512 0
      vertex 17.4168 17.4168 -1.25
      vertex 44.5138 48.6372 0
    endloop
  endfacet
  facet normal -0.112766 0.152058 -0.981918
    outer loop
      vertex 40.5744 47.8536 0
      vertex 10.4168 17.4168 -1.25
      vertex 40.1607 47.5468 0
    endloop
  endfacet
  facet normal -0.0196472 -0.0417444 0.998935
    outer loop
      vertex 16.0504 15.3256 1.46972
      vertex 16.0695 15.252 1.46702
      vertex 16.0526 15.3193 1.4695
    endloop
  endfacet
  facet normal -0.00573466 -0.0381457 0.999256
    outer loop
      vertex 14.5345 14.0048 1.4106
      vertex 16.0695 15.252 1.46702
      vertex 16.0504 15.3256 1.46972
    endloop
  endfacet
  facet normal -0.00574816 -0.0381291 0.999256
    outer loop
      vertex 16.0695 15.252 1.46702
      vertex 14.5345 14.0048 1.4106
      vertex 14.5845 13.9818 1.41001
    endloop
  endfacet
  facet normal -0.00637584 -0.0394922 0.9992
    outer loop
      vertex 14.5845 13.9818 1.41001
      vertex 14.5345 14.0048 1.4106
      vertex 14.579 13.9837 1.41005
    endloop
  endfacet
  facet normal -0.00567476 -0.0382149 0.999253
    outer loop
      vertex 21 19.6384 1.66277
      vertex 41.6322 37.3656 2.45789
      vertex 41.4283 37.4385 2.45952
    endloop
  endfacet
  facet normal -0.00565574 -0.038237 0.999253
    outer loop
      vertex 21 19.6384 1.66277
      vertex 41.856 37.3095 2.45701
      vertex 41.6322 37.3656 2.45789
    endloop
  endfacet
  facet normal -0.00565191 -0.0382415 0.999253
    outer loop
      vertex 41.856 37.3095 2.45701
      vertex 21 19.6384 1.66277
      vertex 21 19.4696 1.65631
    endloop
  endfacet
  facet normal -0.00122485 -0.0422489 0.999106
    outer loop
      vertex 16.0695 15.252 1.46702
      vertex 16.0834 15.1842 1.46417
      vertex 16.0789 15.2146 1.46545
    endloop
  endfacet
  facet normal -0.0020692 -0.0424217 0.999098
    outer loop
      vertex 16.0695 15.252 1.46702
      vertex 14.6334 13.9643 1.40937
      vertex 16.0834 15.1842 1.46417
    endloop
  endfacet
  facet normal -0.00209512 -0.0423928 0.999099
    outer loop
      vertex 14.6334 13.9643 1.40937
      vertex 16.0695 15.252 1.46702
      vertex 14.5845 13.9818 1.41001
    endloop
  endfacet
  facet normal -0.00208791 -0.0424012 0.999098
    outer loop
      vertex 21 19.4696 1.65631
      vertex 42.2414 37.213 2.45372
      vertex 41.856 37.3095 2.45701
    endloop
  endfacet
  facet normal -0.0020836 -0.0424063 0.999098
    outer loop
      vertex 21 19.3207 1.64999
      vertex 42.2414 37.213 2.45372
      vertex 21 19.4696 1.65631
    endloop
  endfacet
  facet normal -0.00210585 -0.04238 0.999099
    outer loop
      vertex 42.2414 37.213 2.45372
      vertex 21 19.3207 1.64999
      vertex 42.2631 37.2098 2.45363
    endloop
  endfacet
  facet normal -0.0685784 0.024533 0.997344
    outer loop
      vertex 14.0183 21 1.4095
      vertex 37.0987 43.6663 2.43898
      vertex 37.114 43.9786 2.43235
    endloop
  endfacet
  facet normal -0.0686131 0.0245685 0.997341
    outer loop
      vertex 37.0987 43.6663 2.43898
      vertex 14.0183 21 1.4095
      vertex 14.059 21 1.4123
    endloop
  endfacet
  facet normal -0.0134879 0.0538223 -0.998459
    outer loop
      vertex 42.4662 48.6372 0
      vertex 10.4168 17.4168 -1.25
      vertex 41.9666 48.512 0
    endloop
  endfacet
  facet normal -0.315625 0.348201 -0.882687
    outer loop
      vertex 40.1607 47.5468 0
      vertex 10.4168 17.4168 -1.25
      vertex 39.7791 47.2009 0
    endloop
  endfacet
  facet normal 0.0538223 -0.0134879 -0.998459
    outer loop
      vertex 48.512 41.9666 0
      vertex 17.4168 10.4168 -1.25
      vertex 48.6372 42.4662 0
    endloop
  endfacet
  facet normal 0.126645 -0.170423 0.977199
    outer loop
      vertex 21 13.953 1.40233
      vertex 44.4269 37.1667 2.41468
      vertex 21 13.9655 1.40451
    endloop
  endfacet
  facet normal 0.125898 -0.16968 0.977424
    outer loop
      vertex 44.4269 37.1667 2.41468
      vertex 21 13.953 1.40233
      vertex 44.5396 37.1835 2.40308
    endloop
  endfacet
  facet normal 0.0393463 -0.0832461 0.995752
    outer loop
      vertex 21 13.9872 1.4069
      vertex 43.9786 37.114 2.43235
      vertex 21 14.0183 1.4095
    endloop
  endfacet
  facet normal 0.0394054 -0.0833046 0.995745
    outer loop
      vertex 43.9786 37.114 2.43235
      vertex 21 13.9872 1.4069
      vertex 44.1173 37.1208 2.42743
    endloop
  endfacet
  facet normal 0.0394006 -0.0832998 0.995745
    outer loop
      vertex 44.1173 37.1208 2.42743
      vertex 21 13.9872 1.4069
      vertex 44.2342 37.1382 2.42426
    endloop
  endfacet
  facet normal 0.0147623 -0.0590023 0.998149
    outer loop
      vertex 21 14.1096 1.41529
      vertex 43.49 37.09 2.44108
      vertex 43.3069 37.099 2.44432
    endloop
  endfacet
  facet normal 0.0147411 -0.0589816 0.99815
    outer loop
      vertex 21 14.059 1.4123
      vertex 43.49 37.09 2.44108
      vertex 21 14.1096 1.41529
    endloop
  endfacet
  facet normal 0.014803 -0.0590418 0.998146
    outer loop
      vertex 43.49 37.09 2.44108
      vertex 21 14.059 1.4123
      vertex 43.6663 37.0987 2.43898
    endloop
  endfacet
  facet normal 0.00232411 -0.0470512 0.99889
    outer loop
      vertex 21 14.2408 1.42179
      vertex 42.8627 37.1208 2.44865
      vertex 42.4911 37.1759 2.45211
    endloop
  endfacet
  facet normal 0.00235455 -0.0470802 0.998888
    outer loop
      vertex 21 14.2408 1.42179
      vertex 42.9078 37.1186 2.44844
      vertex 42.8627 37.1208 2.44865
    endloop
  endfacet
  facet normal 0.00239056 -0.0471146 0.998887
    outer loop
      vertex 42.9078 37.1186 2.44844
      vertex 21 14.2408 1.42179
      vertex 21 14.1702 1.41846
    endloop
  endfacet
  facet normal 0.100404 -0.0601698 -0.993126
    outer loop
      vertex 47.8536 40.5744 0
      vertex 17.4168 10.4168 -1.25
      vertex 48.1183 41.0161 0
    endloop
  endfacet
  facet normal 0.0471691 -0.0069911 -0.998862
    outer loop
      vertex 48.6372 42.4662 0
      vertex 17.4168 10.4168 -1.25
      vertex 48.7127 42.9756 0
    endloop
  endfacet
  facet normal 0.0282651 0.0133676 -0.999511
    outer loop
      vertex 48.3385 45.4983 0
      vertex 17.4168 17.4168 -1.25
      vertex 48.1183 45.9639 0
    endloop
  endfacet
  facet normal 0.0328664 0.00823634 -0.999426
    outer loop
      vertex 48.6372 44.5138 0
      vertex 17.4168 17.4168 -1.25
      vertex 48.512 45.0134 0
    endloop
  endfacet
  facet normal 0 0.0398773 -0.999205
    outer loop
      vertex 17.4168 17.4168 -1.25
      vertex 10.4168 17.4168 -1.25
      vertex 43.49 48.738 0
    endloop
  endfacet
  facet normal 0.0240578 0.0178413 -0.999551
    outer loop
      vertex 47.8536 46.4056 0
      vertex 17.4168 17.4168 -1.25
      vertex 47.5468 46.8193 0
    endloop
  endfacet
  facet normal -0.0362934 0.0767402 -0.99639
    outer loop
      vertex 41.4817 48.3385 0
      vertex 10.4168 17.4168 -1.25
      vertex 41.0161 48.1183 0
    endloop
  endfacet
  facet normal 0.0133676 0.0282651 -0.999511
    outer loop
      vertex 45.9639 48.1183 0
      vertex 17.4168 17.4168 -1.25
      vertex 45.4983 48.3385 0
    endloop
  endfacet
  facet normal 0 0 1
    outer loop
      vertex 47.7942 43.9139 2.5
      vertex 47.7942 43.0661 2.5
      vertex 47.815 43.49 2.5
    endloop
  endfacet
  facet normal 0 0 1
    outer loop
      vertex 47.7319 44.3338 2.5
      vertex 47.7942 43.0661 2.5
      vertex 47.7942 43.9139 2.5
    endloop
  endfacet
  facet normal 0 0 1
    outer loop
      vertex 47.7319 44.3338 2.5
      vertex 47.7319 42.6462 2.5
      vertex 47.7942 43.0661 2.5
    endloop
  endfacet
  facet normal 0 0 1
    outer loop
      vertex 47.6288 44.7455 2.5
      vertex 47.7319 42.6462 2.5
      vertex 47.7319 44.3338 2.5
    endloop
  endfacet
  facet normal 0 0 1
    outer loop
      vertex 47.6288 44.7455 2.5
      vertex 47.6288 42.2345 2.5
      vertex 47.7319 42.6462 2.5
    endloop
  endfacet
  facet normal 0 0 1
    outer loop
      vertex 47.4858 45.1451 2.5
      vertex 47.6288 42.2345 2.5
      vertex 47.6288 44.7455 2.5
    endloop
  endfacet
  facet normal 0 0 1
    outer loop
      vertex 47.4858 45.1451 2.5
      vertex 47.4858 41.8349 2.5
      vertex 47.6288 42.2345 2.5
    endloop
  endfacet
  facet normal 0 0 1
    outer loop
      vertex 47.3043 45.5288 2.5
      vertex 47.4858 41.8349 2.5
      vertex 47.4858 45.1451 2.5
    endloop
  endfacet
  facet normal 0 0 1
    outer loop
      vertex 47.3043 45.5288 2.5
      vertex 47.3043 41.4512 2.5
      vertex 47.4858 41.8349 2.5
    endloop
  endfacet
  facet normal 0 0 1
    outer loop
      vertex 47.0861 45.8928 2.5
      vertex 47.3043 41.4512 2.5
      vertex 47.3043 45.5288 2.5
    endloop
  endfacet
  facet normal 0 0 1
    outer loop
      vertex 47.0861 45.8928 2.5
      vertex 47.0861 41.0872 2.5
      vertex 47.3043 41.4512 2.5
    endloop
  endfacet
  facet normal 0 0 1
    outer loop
      vertex 46.8333 46.2337 2.5
      vertex 47.0861 41.0872 2.5
      vertex 47.0861 45.8928 2.5
    endloop
  endfacet
  facet normal 0 0 1
    outer loop
      vertex 46.8333 46.2337 2.5
      vertex 46.8333 40.7463 2.5
      vertex 47.0861 41.0872 2.5
    endloop
  endfacet
  facet normal 0 0 1
    outer loop
      vertex 46.5482 46.5482 2.5
      vertex 46.8333 40.7463 2.5
      vertex 46.8333 46.2337 2.5
    endloop
  endfacet
  facet normal 0 0 1
    outer loop
      vertex 46.5482 46.5482 2.5
      vertex 46.5482 40.4318 2.5
      vertex 46.8333 40.7463 2.5
    endloop
  endfacet
  facet normal 0 0 1
    outer loop
      vertex 46.2337 46.8333 2.5
      vertex 46.5482 40.4318 2.5
      vertex 46.5482 46.5482 2.5
    endloop
  endfacet
  facet normal 0 0 1
    outer loop
      vertex 46.2337 46.8333 2.5
      vertex 46.2337 40.1467 2.5
      vertex 46.5482 40.4318 2.5
    endloop
  endfacet
  facet normal 0 0 1
    outer loop
      vertex 45.8928 47.0861 2.5
      vertex 46.2337 40.1467 2.5
      vertex 46.2337 46.8333 2.5
    endloop
  endfacet
  facet normal 0 0 1
    outer loop
      vertex 45.8928 47.0861 2.5
      vertex 45.8928 39.8939 2.5
      vertex 46.2337 40.1467 2.5
    endloop
  endfacet
  facet normal 0 0 1
    outer loop
      vertex 45.5288 47.3043 2.5
      vertex 45.8928 39.8939 2.5
      vertex 45.8928 47.0861 2.5
    endloop
  endfacet
  facet normal 0 0 1
    outer loop
      vertex 45.5288 47.3043 2.5
      vertex 45.5288 39.6757 2.5
      vertex 45.8928 39.8939 2.5
    endloop
  endfacet
  facet normal 0 0 1
    outer loop
      vertex 45.1451 47.4858 2.5
      vertex 45.5288 39.6757 2.5
      vertex 45.5288 47.3043 2.5
    endloop
  endfacet
  facet normal 0 0 1
    outer loop
      vertex 45.1451 47.4858 2.5
      vertex 45.1451 39.4942 2.5
      vertex 45.5288 39.6757 2.5
    endloop
  endfacet
  facet normal 0 0 1
    outer loop
      vertex 44.7455 47.6288 2.5
      vertex 45.1451 39.4942 2.5
      vertex 45.1451 47.4858 2.5
    endloop
  endfacet
  facet normal 0 0 1
    outer loop
      vertex 44.7455 47.6288 2.5
      vertex 44.7455 39.3512 2.5
      vertex 45.1451 39.4942 2.5
    endloop
  endfacet
  facet normal 0 0 1
    outer loop
      vertex 44.3338 47.7319 2.5
      vertex 44.7455 39.3512 2.5
      vertex 44.7455 47.6288 2.5
    endloop
  endfacet
  facet normal 0 0 1
    outer loop
      vertex 44.3338 47.7319 2.5
      vertex 44.3338 39.2481 2.5
      vertex 44.7455 39.3512 2.5
    endloop
  endfacet
  facet normal 0 0 1
    outer loop
      vertex 43.9139 47.7942 2.5
      vertex 44.3338 39.2481 2.5
      vertex 44.3338 47.7319 2.5
    endloop
  endfacet
  facet normal 0 0 1
    outer loop
      vertex 43.9139 47.7942 2.5
      vertex 43.9139 39.1858 2.5
      vertex 44.3338 39.2481 2.5
    endloop
  endfacet
  facet normal 0 0 1
    outer loop
      vertex 43.49 47.815 2.5
      vertex 43.9139 39.1858 2.5
      vertex 43.9139 47.7942 2.5
    endloop
  endfacet
  facet normal 0 0 1
    outer loop
      vertex 43.49 47.815 2.5
      vertex 43.49 39.165 2.5
      vertex 43.9139 39.1858 2.5
    endloop
  endfacet
  facet normal -0 0 1
    outer loop
      vertex 43.0661 47.7942 2.5
      vertex 43.49 39.165 2.5
      vertex 43.49 47.815 2.5
    endloop
  endfacet
  facet normal 0 0 1
    outer loop
      vertex 43.0661 47.7942 2.5
      vertex 43.0661 39.1858 2.5
      vertex 43.49 39.165 2.5
    endloop
  endfacet
  facet normal -0 0 1
    outer loop
      vertex 42.6462 47.7319 2.5
      vertex 43.0661 39.1858 2.5
      vertex 43.0661 47.7942 2.5
    endloop
  endfacet
  facet normal 0 0 1
    outer loop
      vertex 42.6462 47.7319 2.5
      vertex 42.6462 39.2481 2.5
      vertex 43.0661 39.1858 2.5
    endloop
  endfacet
  facet normal -0 0 1
    outer loop
      vertex 42.2345 47.6288 2.5
      vertex 42.6462 39.2481 2.5
      vertex 42.6462 47.7319 2.5
    endloop
  endfacet
  facet normal 0 0 1
    outer loop
      vertex 42.2345 47.6288 2.5
      vertex 42.2345 39.3512 2.5
      vertex 42.6462 39.2481 2.5
    endloop
  endfacet
  facet normal -0 0 1
    outer loop
      vertex 41.8349 47.4858 2.5
      vertex 42.2345 39.3512 2.5
      vertex 42.2345 47.6288 2.5
    endloop
  endfacet
  facet normal 0 0 1
    outer loop
      vertex 41.8349 47.4858 2.5
      vertex 41.8349 39.4942 2.5
      vertex 42.2345 39.3512 2.5
    endloop
  endfacet
  facet normal -0 0 1
    outer loop
      vertex 41.4512 47.3043 2.5
      vertex 41.8349 39.4942 2.5
      vertex 41.8349 47.4858 2.5
    endloop
  endfacet
  facet normal 0 0 1
    outer loop
      vertex 41.4512 47.3043 2.5
      vertex 41.4512 39.6757 2.5
      vertex 41.8349 39.4942 2.5
    endloop
  endfacet
  facet normal -0 0 1
    outer loop
      vertex 41.0872 47.0861 2.5
      vertex 41.4512 39.6757 2.5
      vertex 41.4512 47.3043 2.5
    endloop
  endfacet
  facet normal 0 0 1
    outer loop
      vertex 41.0872 47.0861 2.5
      vertex 41.0872 39.8939 2.5
      vertex 41.4512 39.6757 2.5
    endloop
  endfacet
  facet normal -0 0 1
    outer loop
      vertex 40.7463 46.8333 2.5
      vertex 41.0872 39.8939 2.5
      vertex 41.0872 47.0861 2.5
    endloop
  endfacet
  facet normal 0 0 1
    outer loop
      vertex 40.7463 46.8333 2.5
      vertex 40.7463 40.1467 2.5
      vertex 41.0872 39.8939 2.5
    endloop
  endfacet
  facet normal -0 0 1
    outer loop
      vertex 40.4318 46.5482 2.5
      vertex 40.7463 40.1467 2.5
      vertex 40.7463 46.8333 2.5
    endloop
  endfacet
  facet normal 0 0 1
    outer loop
      vertex 40.4318 46.5482 2.5
      vertex 40.4318 40.4318 2.5
      vertex 40.7463 40.1467 2.5
    endloop
  endfacet
  facet normal -0 0 1
    outer loop
      vertex 40.1467 46.2337 2.5
      vertex 40.4318 40.4318 2.5
      vertex 40.4318 46.5482 2.5
    endloop
  endfacet
  facet normal 0 0 1
    outer loop
      vertex 40.1467 46.2337 2.5
      vertex 40.1467 40.7463 2.5
      vertex 40.4318 40.4318 2.5
    endloop
  endfacet
  facet normal -0 0 1
    outer loop
      vertex 39.8939 45.8928 2.5
      vertex 40.1467 40.7463 2.5
      vertex 40.1467 46.2337 2.5
    endloop
  endfacet
  facet normal 0 0 1
    outer loop
      vertex 39.8939 45.8928 2.5
      vertex 39.8939 41.0872 2.5
      vertex 40.1467 40.7463 2.5
    endloop
  endfacet
  facet normal -0 0 1
    outer loop
      vertex 39.6757 45.5288 2.5
      vertex 39.8939 41.0872 2.5
      vertex 39.8939 45.8928 2.5
    endloop
  endfacet
  facet normal 0 0 1
    outer loop
      vertex 39.6757 45.5288 2.5
      vertex 39.6757 41.4512 2.5
      vertex 39.8939 41.0872 2.5
    endloop
  endfacet
  facet normal -0 0 1
    outer loop
      vertex 39.4942 45.1451 2.5
      vertex 39.6757 41.4512 2.5
      vertex 39.6757 45.5288 2.5
    endloop
  endfacet
  facet normal 0 0 1
    outer loop
      vertex 39.4942 45.1451 2.5
      vertex 39.4942 41.8349 2.5
      vertex 39.6757 41.4512 2.5
    endloop
  endfacet
  facet normal -0 0 1
    outer loop
      vertex 39.3512 44.7455 2.5
      vertex 39.4942 41.8349 2.5
      vertex 39.4942 45.1451 2.5
    endloop
  endfacet
  facet normal 0 0 1
    outer loop
      vertex 39.3512 44.7455 2.5
      vertex 39.3512 42.2345 2.5
      vertex 39.4942 41.8349 2.5
    endloop
  endfacet
  facet normal -0 0 1
    outer loop
      vertex 39.2481 44.3338 2.5
      vertex 39.3512 42.2345 2.5
      vertex 39.3512 44.7455 2.5
    endloop
  endfacet
  facet normal 0 0 1
    outer loop
      vertex 39.2481 44.3338 2.5
      vertex 39.2481 42.6462 2.5
      vertex 39.3512 42.2345 2.5
    endloop
  endfacet
  facet normal -0 0 1
    outer loop
      vertex 39.1858 43.9139 2.5
      vertex 39.2481 42.6462 2.5
      vertex 39.2481 44.3338 2.5
    endloop
  endfacet
  facet normal 0 0 1
    outer loop
      vertex 39.1858 43.9139 2.5
      vertex 39.1858 43.0661 2.5
      vertex 39.2481 42.6462 2.5
    endloop
  endfacet
  facet normal 0 -0 1
    outer loop
      vertex 39.1858 43.0661 2.5
      vertex 39.1858 43.9139 2.5
      vertex 39.165 43.49 2.5
    endloop
  endfacet
  facet normal 0.00525443 0.0354517 -0.999358
    outer loop
      vertex 44.5138 48.6372 0
      vertex 17.4168 17.4168 -1.25
      vertex 44.0044 48.7127 0
    endloop
  endfacet
  facet normal 0.00188428 0.0383111 -0.999264
    outer loop
      vertex 44.0044 48.7127 0
      vertex 17.4168 17.4168 -1.25
      vertex 43.49 48.738 0
    endloop
  endfacet
  facet normal 0.0156612 0.0261335 -0.999536
    outer loop
      vertex 46.4056 47.8536 0
      vertex 17.4168 17.4168 -1.25
      vertex 45.9639 48.1183 0
    endloop
  endfacet
  facet normal 0.0178413 0.0240578 -0.999551
    outer loop
      vertex 46.8193 47.5468 0
      vertex 17.4168 17.4168 -1.25
      vertex 46.4056 47.8536 0
    endloop
  endfacet
  facet normal 0.0354517 0.00525443 -0.999358
    outer loop
      vertex 48.7127 44.0044 0
      vertex 17.4168 17.4168 -1.25
      vertex 48.6372 44.5138 0
    endloop
  endfacet
  facet normal 0.0629693 -0.0225308 -0.997761
    outer loop
      vertex 48.3385 41.4817 0
      vertex 17.4168 10.4168 -1.25
      vertex 48.512 41.9666 0
    endloop
  endfacet
  facet normal 0.000908662 -0.0480527 0.998844
    outer loop
      vertex -14.6334 13.9643 1.40937
      vertex -14.7854 13.9211 1.40743
      vertex -14.6807 13.9474 1.4086
    endloop
  endfacet
  facet normal -0.000204126 -0.0441454 0.999025
    outer loop
      vertex -14.6334 13.9643 1.40937
      vertex -14.8922 13.9053 1.40671
      vertex -14.7854 13.9211 1.40743
    endloop
  endfacet
  facet normal 0.000105733 -0.0455018 0.998964
    outer loop
      vertex -14.6334 13.9643 1.40937
      vertex -15 13.9 1.40648
      vertex -14.8922 13.9053 1.40671
    endloop
  endfacet
  facet normal -5.94371e-05 -0.044562 0.999007
    outer loop
      vertex -14.6334 13.9643 1.40937
      vertex -15.1078 13.9053 1.40671
      vertex -15 13.9 1.40648
    endloop
  endfacet
  facet normal 3.27278e-05 -0.0453016 0.998973
    outer loop
      vertex -14.6334 13.9643 1.40937
      vertex -15.2146 13.9211 1.40743
      vertex -15.1078 13.9053 1.40671
    endloop
  endfacet
  facet normal -2.4107e-05 -0.0445385 0.999008
    outer loop
      vertex -14.6334 13.9643 1.40937
      vertex -15.3193 13.9474 1.4086
      vertex -15.2146 13.9211 1.40743
    endloop
  endfacet
  facet normal -8.81997e-06 -0.0451577 0.99898
    outer loop
      vertex -14.6334 13.9643 1.40937
      vertex -15.421 13.9837 1.41024
      vertex -15.3193 13.9474 1.4086
    endloop
  endfacet
  facet normal 1.04256e-06 -0.0447581 0.998998
    outer loop
      vertex -14.6334 13.9643 1.40937
      vertex -15.5185 14.0299 1.41231
      vertex -15.421 13.9837 1.41024
    endloop
  endfacet
  facet normal -4.03789e-06 -0.0448265 0.998995
    outer loop
      vertex -14.6334 13.9643 1.40937
      vertex -15.6111 14.0854 1.4148
      vertex -15.5185 14.0299 1.41231
    endloop
  endfacet
  facet normal -1.58338e-05 -0.0449215 0.998991
    outer loop
      vertex -14.6334 13.9643 1.40937
      vertex -15.6978 14.1497 1.41769
      vertex -15.6111 14.0854 1.4148
    endloop
  endfacet
  facet normal -1.92949e-05 -0.0449414 0.99899
    outer loop
      vertex -14.6334 13.9643 1.40937
      vertex -15.7778 14.2222 1.42095
      vertex -15.6978 14.1497 1.41769
    endloop
  endfacet
  facet normal 7.3909e-06 -0.0448232 0.998995
    outer loop
      vertex -14.6334 13.9643 1.40937
      vertex -15.8503 14.3022 1.42454
      vertex -15.7778 14.2222 1.42095
    endloop
  endfacet
  facet normal -3.06571e-05 -0.0449599 0.998989
    outer loop
      vertex -14.6334 13.9643 1.40937
      vertex -15.9146 14.3889 1.42844
      vertex -15.8503 14.3022 1.42454
    endloop
  endfacet
  facet normal -4.77042e-06 -0.044882 0.998992
    outer loop
      vertex -14.6334 13.9643 1.40937
      vertex -15.9701 14.4815 1.4326
      vertex -15.9146 14.3889 1.42844
    endloop
  endfacet
  facet normal -3.85767e-06 -0.0448796 0.998992
    outer loop
      vertex -14.6334 13.9643 1.40937
      vertex -16.0163 14.579 1.43698
      vertex -15.9701 14.4815 1.4326
    endloop
  endfacet
  facet normal -1.04857e-05 -0.0448945 0.998992
    outer loop
      vertex -14.6334 13.9643 1.40937
      vertex -16.0526 14.6807 1.44155
      vertex -16.0163 14.579 1.43698
    endloop
  endfacet
  facet normal 1.6677e-05 -0.0448408 0.998994
    outer loop
      vertex -14.6334 13.9643 1.40937
      vertex -16.0789 14.7854 1.44625
      vertex -16.0526 14.6807 1.44155
    endloop
  endfacet
  facet normal -1.11067e-05 -0.0448896 0.998992
    outer loop
      vertex -16.0834 15.1842 1.46417
      vertex -16.0789 14.7854 1.44625
      vertex -14.6334 13.9643 1.40937
    endloop
  endfacet
  facet normal 0.000965549 -0.0449926 0.998987
    outer loop
      vertex -16.1 15 1.45589
      vertex -16.0834 15.1842 1.46417
      vertex -16.0947 15.1078 1.46074
    endloop
  endfacet
  facet normal 6.59079e-05 -0.0448888 0.998992
    outer loop
      vertex -16.0834 15.1842 1.46417
      vertex -16.0947 14.8922 1.45105
      vertex -16.0789 14.7854 1.44625
    endloop
  endfacet
  facet normal -0.00038143 -0.0448715 0.998993
    outer loop
      vertex -16.0834 15.1842 1.46417
      vertex -16.1 15 1.45589
      vertex -16.0947 14.8922 1.45105
    endloop
  endfacet
  facet normal 1.0816e-05 -0.0448654 0.998993
    outer loop
      vertex -42.4911 37.1759 2.45211
      vertex -21 19.3207 1.64999
      vertex -42.2631 37.2098 2.45363
    endloop
  endfacet
  facet normal 1.21472e-06 -0.0448769 0.998993
    outer loop
      vertex -21 19.3207 1.64999
      vertex -42.4911 37.1759 2.45211
      vertex -21 14.2408 1.42179
    endloop
  endfacet
  facet normal -0.702048 -0.712129 -0.000103994
    outer loop
      vertex -17.4168 10.4168 -1.25
      vertex -44.573 37.1884 0
      vertex -47.2009 39.7791 0
    endloop
  endfacet
  facet normal -0.702045 -0.712132 3.09197e-05
    outer loop
      vertex -44.573 37.1884 0
      vertex -17.4168 10.4168 -1.25
      vertex -21 13.9493 0
    endloop
  endfacet
  facet normal -0.702051 -0.712127 0
    outer loop
      vertex -21 13.9493 0
      vertex -17.4168 10.4168 -1.25
      vertex -17.4168 10.4168 0
    endloop
  endfacet
  facet normal -0.702045 -0.712132 0
    outer loop
      vertex -44.573 37.1884 0
      vertex -21 13.9493 1.40038
      vertex -44.573 37.1884 2.38971
    endloop
  endfacet
  facet normal -0.702045 -0.712132 -0
    outer loop
      vertex -21 13.9493 1.40038
      vertex -44.573 37.1884 0
      vertex -21 13.9493 0
    endloop
  endfacet
  facet normal 0.0433554 0 0.99906
    outer loop
      vertex -13.9053 15.1078 1.40671
      vertex -13.9053 14.8922 1.40671
      vertex -13.9 15 1.40648
    endloop
  endfacet
  facet normal 0.0455224 0 0.998963
    outer loop
      vertex -13.9211 15.2146 1.40743
      vertex -13.9053 14.8922 1.40671
      vertex -13.9053 15.1078 1.40671
    endloop
  endfacet
  facet normal 0.0455224 0 0.998963
    outer loop
      vertex -13.9211 15.2146 1.40743
      vertex -13.9211 14.7854 1.40743
      vertex -13.9053 14.8922 1.40671
    endloop
  endfacet
  facet normal 0.0444427 0 0.999012
    outer loop
      vertex -13.9474 15.3193 1.4086
      vertex -13.9211 14.7854 1.40743
      vertex -13.9211 15.2146 1.40743
    endloop
  endfacet
  facet normal 0.0448002 1.76454e-05 0.998996
    outer loop
      vertex -13.9643 14.6334 1.40937
      vertex -13.9211 14.7854 1.40743
      vertex -13.9474 15.3193 1.4086
    endloop
  endfacet
  facet normal 0.0480527 -0.000908662 0.998844
    outer loop
      vertex -13.9211 14.7854 1.40743
      vertex -13.9643 14.6334 1.40937
      vertex -13.9474 14.6807 1.4086
    endloop
  endfacet
  facet normal 0.0451577 8.81997e-06 0.99898
    outer loop
      vertex -13.9837 15.421 1.41024
      vertex -13.9643 14.6334 1.40937
      vertex -13.9474 15.3193 1.4086
    endloop
  endfacet
  facet normal 0.0447581 -1.04256e-06 0.998998
    outer loop
      vertex -14.0299 15.5185 1.41231
      vertex -13.9643 14.6334 1.40937
      vertex -13.9837 15.421 1.41024
    endloop
  endfacet
  facet normal 0.0448265 4.03789e-06 0.998995
    outer loop
      vertex -14.0854 15.6111 1.4148
      vertex -13.9643 14.6334 1.40937
      vertex -14.0299 15.5185 1.41231
    endloop
  endfacet
  facet normal 0.0449215 1.58338e-05 0.998991
    outer loop
      vertex -14.1497 15.6978 1.41769
      vertex -13.9643 14.6334 1.40937
      vertex -14.0854 15.6111 1.4148
    endloop
  endfacet
  facet normal 0.0449414 1.92949e-05 0.99899
    outer loop
      vertex -14.2222 15.7778 1.42095
      vertex -13.9643 14.6334 1.40937
      vertex -14.1497 15.6978 1.41769
    endloop
  endfacet
  facet normal 0.0448232 -7.3909e-06 0.998995
    outer loop
      vertex -14.3022 15.8503 1.42454
      vertex -13.9643 14.6334 1.40937
      vertex -14.2222 15.7778 1.42095
    endloop
  endfacet
  facet normal 0.0449599 3.06571e-05 0.998989
    outer loop
      vertex -14.3889 15.9146 1.42844
      vertex -13.9643 14.6334 1.40937
      vertex -14.3022 15.8503 1.42454
    endloop
  endfacet
  facet normal 0.044882 4.77042e-06 0.998992
    outer loop
      vertex -14.4815 15.9701 1.4326
      vertex -13.9643 14.6334 1.40937
      vertex -14.3889 15.9146 1.42844
    endloop
  endfacet
  facet normal 0.0448796 3.85767e-06 0.998992
    outer loop
      vertex -14.579 16.0163 1.43698
      vertex -13.9643 14.6334 1.40937
      vertex -14.4815 15.9701 1.4326
    endloop
  endfacet
  facet normal 0.0448945 1.04857e-05 0.998992
    outer loop
      vertex -14.6807 16.0526 1.44155
      vertex -13.9643 14.6334 1.40937
      vertex -14.579 16.0163 1.43698
    endloop
  endfacet
  facet normal 0.0448408 -1.6677e-05 0.998994
    outer loop
      vertex -14.7854 16.0789 1.44625
      vertex -13.9643 14.6334 1.40937
      vertex -14.6807 16.0526 1.44155
    endloop
  endfacet
  facet normal 0.0449011 1.76335e-05 0.998991
    outer loop
      vertex -14.8922 16.0947 1.45105
      vertex -13.9643 14.6334 1.40937
      vertex -14.7854 16.0789 1.44625
    endloop
  endfacet
  facet normal 0.0448521 -1.35372e-05 0.998994
    outer loop
      vertex -15 16.1 1.45589
      vertex -13.9643 14.6334 1.40937
      vertex -14.8922 16.0947 1.45105
    endloop
  endfacet
  facet normal 0.0449926 -0.000965549 0.998987
    outer loop
      vertex -15.1842 16.0834 1.46417
      vertex -15 16.1 1.45589
      vertex -15.1078 16.0947 1.46074
    endloop
  endfacet
  facet normal 0.0449037 2.29878e-05 0.998991
    outer loop
      vertex -15 16.1 1.45589
      vertex -15.1842 16.0834 1.46417
      vertex -13.9643 14.6334 1.40937
    endloop
  endfacet
  facet normal 0.0448769 -1.21472e-06 0.998993
    outer loop
      vertex -37.1759 42.4911 2.45211
      vertex -19.3207 21 1.64999
      vertex -14.2408 21 1.42179
    endloop
  endfacet
  facet normal 0.0448654 -1.0816e-05 0.998993
    outer loop
      vertex -19.3207 21 1.64999
      vertex -37.1759 42.4911 2.45211
      vertex -37.2098 42.2631 2.45363
    endloop
  endfacet
  facet normal 0 -1 0
    outer loop
      vertex -17.4168 10.4168 -1.25
      vertex -10.4168 10.4168 0
      vertex -17.4168 10.4168 0
    endloop
  endfacet
  facet normal 0 -1 -0
    outer loop
      vertex -10.4168 10.4168 0
      vertex -17.4168 10.4168 -1.25
      vertex -10.4168 10.4168 -1.25
    endloop
  endfacet
  facet normal 0.112766 0.152058 -0.981918
    outer loop
      vertex -10.4168 17.4168 -1.25
      vertex -40.5744 47.8536 0
      vertex -40.1607 47.5468 0
    endloop
  endfacet
  facet normal 0.0275597 -0.0127401 0.999539
    outer loop
      vertex -14.0617 14.4284 1.41142
      vertex -14.096 14.3746 1.41168
      vertex -14.0854 14.3889 1.41157
    endloop
  endfacet
  facet normal 0.0291349 -0.0137446 0.999481
    outer loop
      vertex -15.4793 15.9887 1.4742
      vertex -14.096 14.3746 1.41168
      vertex -14.0617 14.4284 1.41142
    endloop
  endfacet
  facet normal 0.0298589 -0.0151059 0.99944
    outer loop
      vertex -15.5574 15.9468 1.4759
      vertex -15.4793 15.9887 1.4742
      vertex -15.5185 15.9701 1.47509
    endloop
  endfacet
  facet normal 0.0291312 -0.0137478 0.999481
    outer loop
      vertex -15.4793 15.9887 1.4742
      vertex -15.5574 15.9468 1.4759
      vertex -14.096 14.3746 1.41168
    endloop
  endfacet
  facet normal 0.0291085 -0.0137705 0.999481
    outer loop
      vertex -37.8044 40.5604 2.46293
      vertex -20.2549 21 1.68233
      vertex -20.0324 21 1.67585
    endloop
  endfacet
  facet normal 0.0291083 -0.0137706 0.999481
    outer loop
      vertex -37.8457 40.4731 2.46293
      vertex -20.2549 21 1.68233
      vertex -37.8044 40.5604 2.46293
    endloop
  endfacet
  facet normal 0.0291102 -0.0137689 0.999481
    outer loop
      vertex -20.2549 21 1.68233
      vertex -37.8457 40.4731 2.46293
      vertex -38.0461 40.1387 2.46416
    endloop
  endfacet
  facet normal 0.315625 0.348201 -0.882687
    outer loop
      vertex -10.4168 17.4168 -1.25
      vertex -40.1607 47.5468 0
      vertex -39.7791 47.2009 0
    endloop
  endfacet
  facet normal -0.00188428 0.0383111 -0.999264
    outer loop
      vertex -17.4168 17.4168 -1.25
      vertex -44.0044 48.7127 0
      vertex -43.49 48.738 0
    endloop
  endfacet
  facet normal 0.0424217 -0.0020692 0.999098
    outer loop
      vertex -15.252 16.0695 1.46702
      vertex -13.9643 14.6334 1.40937
      vertex -15.1842 16.0834 1.46417
    endloop
  endfacet
  facet normal 0.0422489 -0.00122485 0.999106
    outer loop
      vertex -15.252 16.0695 1.46702
      vertex -15.1842 16.0834 1.46417
      vertex -15.2146 16.0789 1.46545
    endloop
  endfacet
  facet normal 0.0423928 -0.00209512 0.999099
    outer loop
      vertex -13.9643 14.6334 1.40937
      vertex -15.252 16.0695 1.46702
      vertex -13.9818 14.5845 1.41001
    endloop
  endfacet
  facet normal 0.04238 -0.00210585 0.999099
    outer loop
      vertex -37.213 42.2414 2.45372
      vertex -19.3207 21 1.64999
      vertex -37.2098 42.2631 2.45363
    endloop
  endfacet
  facet normal 0.0424063 -0.0020836 0.999098
    outer loop
      vertex -19.3207 21 1.64999
      vertex -37.213 42.2414 2.45372
      vertex -19.4696 21 1.65631
    endloop
  endfacet
  facet normal 0.0424012 -0.00208791 0.999098
    outer loop
      vertex -19.4696 21 1.65631
      vertex -37.213 42.2414 2.45372
      vertex -37.3095 41.856 2.45701
    endloop
  endfacet
  facet normal 0.0159976 -0.0267159 0.999515
    outer loop
      vertex -15.8974 15.6343 1.47717
      vertex -14.3746 14.096 1.41168
      vertex -14.3223 14.1348 1.41188
    endloop
  endfacet
  facet normal 0.0144275 -0.0257758 0.999564
    outer loop
      vertex -15.9468 15.5574 1.4759
      vertex -15.8974 15.6343 1.47717
      vertex -15.9146 15.6111 1.47682
    endloop
  endfacet
  facet normal 0.0159561 -0.026757 0.999515
    outer loop
      vertex -15.8974 15.6343 1.47717
      vertex -15.9468 15.5574 1.4759
      vertex -14.3746 14.096 1.41168
    endloop
  endfacet
  facet normal 0.0160059 -0.0267053 0.999515
    outer loop
      vertex -39.9344 38.1686 2.46416
      vertex -21 20.4919 1.68866
      vertex -39.7285 38.3212 2.46494
    endloop
  endfacet
  facet normal 0.0160101 -0.0267009 0.999515
    outer loop
      vertex -40.1387 38.0461 2.46416
      vertex -21 20.4919 1.68866
      vertex -39.9344 38.1686 2.46416
    endloop
  endfacet
  facet normal 0.0160146 -0.0266959 0.999515
    outer loop
      vertex -21 20.4919 1.68866
      vertex -40.1387 38.0461 2.46416
      vertex -21 20.2549 1.68233
    endloop
  endfacet
  facet normal 0.0362934 0.0767402 -0.99639
    outer loop
      vertex -10.4168 17.4168 -1.25
      vertex -41.4817 48.3385 0
      vertex -41.0161 48.1183 0
    endloop
  endfacet
  facet normal 0.0225308 0.0629693 -0.997761
    outer loop
      vertex -10.4168 17.4168 -1.25
      vertex -41.9666 48.512 0
      vertex -41.4817 48.3385 0
    endloop
  endfacet
  facet normal -0.0393463 -0.0832461 0.995752
    outer loop
      vertex -43.9786 37.114 2.43235
      vertex -21 13.9872 1.4069
      vertex -21 14.0183 1.4095
    endloop
  endfacet
  facet normal -0.0394054 -0.0833046 0.995745
    outer loop
      vertex -44.1173 37.1208 2.42743
      vertex -21 13.9872 1.4069
      vertex -43.9786 37.114 2.43235
    endloop
  endfacet
  facet normal -0.0394006 -0.0832998 0.995745
    outer loop
      vertex -21 13.9872 1.4069
      vertex -44.1173 37.1208 2.42743
      vertex -44.2342 37.1382 2.42426
    endloop
  endfacet
  facet normal -0.0654198 -0.109242 0.99186
    outer loop
      vertex -44.2342 37.1382 2.42426
      vertex -21 13.9655 1.40451
      vertex -21 13.9872 1.4069
    endloop
  endfacet
  facet normal -0.0654741 -0.109296 0.991851
    outer loop
      vertex -21 13.9655 1.40451
      vertex -44.2342 37.1382 2.42426
      vertex -44.4269 37.1667 2.41468
    endloop
  endfacet
  facet normal -0.126645 -0.170423 0.977199
    outer loop
      vertex -44.4269 37.1667 2.41468
      vertex -21 13.953 1.40233
      vertex -21 13.9655 1.40451
    endloop
  endfacet
  facet normal -0.125898 -0.16968 0.977424
    outer loop
      vertex -21 13.953 1.40233
      vertex -44.4269 37.1667 2.41468
      vertex -44.5396 37.1835 2.40308
    endloop
  endfacet
  facet normal -0.389195 -0.429479 0.814908
    outer loop
      vertex -44.5396 37.1835 2.40308
      vertex -21 13.9493 1.40038
      vertex -21 13.953 1.40233
    endloop
  endfacet
  facet normal -0.389211 -0.429494 0.814893
    outer loop
      vertex -21 13.9493 1.40038
      vertex -44.5396 37.1835 2.40308
      vertex -44.573 37.1884 2.38971
    endloop
  endfacet
  facet normal -0.0245685 -0.0686131 0.997341
    outer loop
      vertex -43.6663 37.0987 2.43898
      vertex -21 14.0183 1.4095
      vertex -21 14.059 1.4123
    endloop
  endfacet
  facet normal -0.024533 -0.0685784 0.997344
    outer loop
      vertex -21 14.0183 1.4095
      vertex -43.6663 37.0987 2.43898
      vertex -43.9786 37.114 2.43235
    endloop
  endfacet
  facet normal 0.316999 -0.142873 0.937603
    outer loop
      vertex -14.0048 14.5345 1.4106
      vertex -14.0302 14.4809 1.41102
      vertex -14.0299 14.4815 1.41101
    endloop
  endfacet
  facet normal 0.0348252 -0.00863173 0.999356
    outer loop
      vertex -15.4015 16.0232 1.47213
      vertex -14.0048 14.5345 1.4106
      vertex -15.3256 16.0504 1.46972
    endloop
  endfacet
  facet normal 0.0347965 -0.00865863 0.999357
    outer loop
      vertex -14.0048 14.5345 1.4106
      vertex -15.4015 16.0232 1.47213
      vertex -14.0302 14.4809 1.41102
    endloop
  endfacet
  facet normal 0.0347649 -0.008685 0.999358
    outer loop
      vertex -37.4385 41.4283 2.45952
      vertex -19.8264 21 1.66931
      vertex -19.6384 21 1.66277
    endloop
  endfacet
  facet normal 0.0347493 -0.00869847 0.999358
    outer loop
      vertex -37.5772 41.0408 2.46097
      vertex -19.8264 21 1.66931
      vertex -37.4385 41.4283 2.45952
    endloop
  endfacet
  facet normal 0.0346821 -0.00875802 0.99936
    outer loop
      vertex -19.8264 21 1.66931
      vertex -37.5772 41.0408 2.46097
      vertex -37.6007 40.9911 2.46135
    endloop
  endfacet
  facet normal 0.0223237 -0.0202287 0.999546
    outer loop
      vertex -38.6283 39.3355 2.46532
      vertex -21 21 1.70054
      vertex -20.7412 21 1.69476
    endloop
  endfacet
  facet normal 0.0223232 -0.0202292 0.999546
    outer loop
      vertex -21 21 1.70054
      vertex -38.6283 39.3355 2.46532
      vertex -38.9645 38.9645 2.46532
    endloop
  endfacet
  facet normal 0.022344 -0.0202102 0.999546
    outer loop
      vertex -15.7778 15.7778 1.47823
      vertex -14.1774 14.2716 1.412
      vertex -15.7082 15.8409 1.47795
    endloop
  endfacet
  facet normal 0.022317 -0.0202389 0.999546
    outer loop
      vertex -14.1774 14.2716 1.412
      vertex -15.7778 15.7778 1.47823
      vertex -14.2222 14.2222 1.412
    endloop
  endfacet
  facet normal 0.142873 -0.316999 0.937603
    outer loop
      vertex -14.4809 14.0302 1.41102
      vertex -14.5345 14.0048 1.4106
      vertex -14.4815 14.0299 1.41101
    endloop
  endfacet
  facet normal 0.00865863 -0.0347965 0.999357
    outer loop
      vertex -16.0232 15.4015 1.47213
      vertex -14.5345 14.0048 1.4106
      vertex -14.4809 14.0302 1.41102
    endloop
  endfacet
  facet normal 0.00863173 -0.0348252 0.999356
    outer loop
      vertex -14.5345 14.0048 1.4106
      vertex -16.0232 15.4015 1.47213
      vertex -16.0504 15.3256 1.46972
    endloop
  endfacet
  facet normal 0.00875802 -0.0346821 0.99936
    outer loop
      vertex -41.0408 37.5772 2.46097
      vertex -21 19.8264 1.66931
      vertex -40.9911 37.6007 2.46135
    endloop
  endfacet
  facet normal 0.00869847 -0.0347493 0.999358
    outer loop
      vertex -41.4283 37.4385 2.45952
      vertex -21 19.8264 1.66931
      vertex -41.0408 37.5772 2.46097
    endloop
  endfacet
  facet normal 0.008685 -0.0347649 0.999358
    outer loop
      vertex -21 19.8264 1.66931
      vertex -41.4283 37.4385 2.45952
      vertex -21 19.6384 1.66277
    endloop
  endfacet
  facet normal -0.348201 -0.315625 -0.882687
    outer loop
      vertex -47.2009 39.7791 0
      vertex -47.5468 40.1607 0
      vertex -17.4168 10.4168 -1.25
    endloop
  endfacet
  facet normal 1 -0 0
    outer loop
      vertex -10.4168 10.4168 0
      vertex -10.4168 17.4168 -1.25
      vertex -10.4168 17.4168 0
    endloop
  endfacet
  facet normal 1 0 0
    outer loop
      vertex -10.4168 17.4168 -1.25
      vertex -10.4168 10.4168 0
      vertex -10.4168 10.4168 -1.25
    endloop
  endfacet
  facet normal 0.712132 0.702045 0
    outer loop
      vertex -37.1884 44.573 2.38971
      vertex -13.9493 21 1.40038
      vertex -37.1884 44.573 0
    endloop
  endfacet
  facet normal 0.712132 0.702045 -0
    outer loop
      vertex -13.9493 21 0
      vertex -37.1884 44.573 0
      vertex -13.9493 21 1.40038
    endloop
  endfacet
  facet normal 0.712132 0.702045 3.09197e-05
    outer loop
      vertex -10.4168 17.4168 -1.25
      vertex -37.1884 44.573 0
      vertex -13.9493 21 0
    endloop
  endfacet
  facet normal 0.712127 0.702051 -0
    outer loop
      vertex -10.4168 17.4168 -1.25
      vertex -13.9493 21 0
      vertex -10.4168 17.4168 0
    endloop
  endfacet
  facet normal 0.712129 0.702048 -0.000103994
    outer loop
      vertex -37.1884 44.573 0
      vertex -10.4168 17.4168 -1.25
      vertex -39.7791 47.2009 0
    endloop
  endfacet
  facet normal 0.0832461 0.0393463 0.995752
    outer loop
      vertex -13.9872 21 1.4069
      vertex -37.114 43.9786 2.43235
      vertex -14.0183 21 1.4095
    endloop
  endfacet
  facet normal 0.0833046 0.0394054 0.995745
    outer loop
      vertex -13.9872 21 1.4069
      vertex -37.1208 44.1173 2.42743
      vertex -37.114 43.9786 2.43235
    endloop
  endfacet
  facet normal 0.0832998 0.0394006 0.995745
    outer loop
      vertex -37.1208 44.1173 2.42743
      vertex -13.9872 21 1.4069
      vertex -37.1382 44.2342 2.42426
    endloop
  endfacet
  facet normal 0.0589816 0.0147411 0.99815
    outer loop
      vertex -14.059 21 1.4123
      vertex -37.09 43.49 2.44108
      vertex -14.1096 21 1.41529
    endloop
  endfacet
  facet normal 0.0590418 0.014803 0.998146
    outer loop
      vertex -37.09 43.49 2.44108
      vertex -14.059 21 1.4123
      vertex -37.0987 43.6663 2.43898
    endloop
  endfacet
  facet normal 0.0590023 0.0147623 0.998149
    outer loop
      vertex -14.1096 21 1.41529
      vertex -37.09 43.49 2.44108
      vertex -37.099 43.3069 2.44432
    endloop
  endfacet
  facet normal 0.170423 0.126645 0.977199
    outer loop
      vertex -13.953 21 1.40233
      vertex -37.1667 44.4269 2.41468
      vertex -13.9655 21 1.40451
    endloop
  endfacet
  facet normal 0.16968 0.125898 0.977424
    outer loop
      vertex -37.1667 44.4269 2.41468
      vertex -13.953 21 1.40233
      vertex -37.1835 44.5396 2.40308
    endloop
  endfacet
  facet normal 0.0394922 -0.00637584 0.9992
    outer loop
      vertex -13.9818 14.5845 1.41001
      vertex -14.0048 14.5345 1.4106
      vertex -13.9837 14.579 1.41005
    endloop
  endfacet
  facet normal 0.0381291 -0.00574816 0.999256
    outer loop
      vertex -15.252 16.0695 1.46702
      vertex -14.0048 14.5345 1.4106
      vertex -13.9818 14.5845 1.41001
    endloop
  endfacet
  facet normal 0.0417444 -0.0196472 0.998935
    outer loop
      vertex -15.3256 16.0504 1.46972
      vertex -15.252 16.0695 1.46702
      vertex -15.3193 16.0526 1.4695
    endloop
  endfacet
  facet normal 0.0381457 -0.00573466 0.999256
    outer loop
      vertex -15.252 16.0695 1.46702
      vertex -15.3256 16.0504 1.46972
      vertex -14.0048 14.5345 1.4106
    endloop
  endfacet
  facet normal 0.0382415 -0.00565191 0.999253
    outer loop
      vertex -37.3095 41.856 2.45701
      vertex -19.6384 21 1.66277
      vertex -19.4696 21 1.65631
    endloop
  endfacet
  facet normal 0.038237 -0.00565574 0.999253
    outer loop
      vertex -37.3656 41.6322 2.45789
      vertex -19.6384 21 1.66277
      vertex -37.3095 41.856 2.45701
    endloop
  endfacet
  facet normal 0.0382149 -0.00567476 0.999253
    outer loop
      vertex -19.6384 21 1.66277
      vertex -37.3656 41.6322 2.45789
      vertex -37.4385 41.4283 2.45952
    endloop
  endfacet
  facet normal 0.0522372 0.00776928 0.998604
    outer loop
      vertex -37.099 43.3069 2.44432
      vertex -14.1702 21 1.41846
      vertex -14.1096 21 1.41529
    endloop
  endfacet
  facet normal 0.0522133 0.00774461 0.998606
    outer loop
      vertex -14.1702 21 1.41846
      vertex -37.099 43.3069 2.44432
      vertex -37.1186 42.9078 2.44844
    endloop
  endfacet
  facet normal 0.0317064 -0.0114091 0.999432
    outer loop
      vertex -15.4015 16.0232 1.47213
      vertex -14.0617 14.4284 1.41142
      vertex -14.0302 14.4809 1.41102
    endloop
  endfacet
  facet normal 0.0294283 -0.0063901 0.999546
    outer loop
      vertex -15.4793 15.9887 1.4742
      vertex -15.4015 16.0232 1.47213
      vertex -15.421 16.0163 1.47266
    endloop
  endfacet
  facet normal 0.031666 -0.0114431 0.999433
    outer loop
      vertex -15.4015 16.0232 1.47213
      vertex -15.4793 15.9887 1.4742
      vertex -14.0617 14.4284 1.41142
    endloop
  endfacet
  facet normal 0.0317295 -0.0113861 0.999432
    outer loop
      vertex -37.6007 40.9911 2.46135
      vertex -20.0324 21 1.67585
      vertex -19.8264 21 1.66931
    endloop
  endfacet
  facet normal 0.0317635 -0.0113562 0.999431
    outer loop
      vertex -20.0324 21 1.67585
      vertex -37.6007 40.9911 2.46135
      vertex -37.8044 40.5604 2.46293
    endloop
  endfacet
  facet normal 0.0471146 0.00239056 0.998887
    outer loop
      vertex -37.1186 42.9078 2.44844
      vertex -14.2408 21 1.42179
      vertex -14.1702 21 1.41846
    endloop
  endfacet
  facet normal 0.0470802 0.00235455 0.998888
    outer loop
      vertex -37.1208 42.8627 2.44865
      vertex -14.2408 21 1.42179
      vertex -37.1186 42.9078 2.44844
    endloop
  endfacet
  facet normal 0.0470512 0.00232411 0.99889
    outer loop
      vertex -14.2408 21 1.42179
      vertex -37.1208 42.8627 2.44865
      vertex -37.1759 42.4911 2.45211
    endloop
  endfacet
  facet normal 0.0239109 -0.017725 0.999557
    outer loop
      vertex -14.1348 14.3223 1.41188
      vertex -14.1774 14.2716 1.412
      vertex -14.1497 14.3022 1.41188
    endloop
  endfacet
  facet normal 0.0244375 -0.0181675 0.999536
    outer loop
      vertex -15.6343 15.8974 1.47717
      vertex -14.1774 14.2716 1.412
      vertex -14.1348 14.3223 1.41188
    endloop
  endfacet
  facet normal 0.0262511 -0.0205378 0.999444
    outer loop
      vertex -15.7082 15.8409 1.47795
      vertex -15.6343 15.8974 1.47717
      vertex -15.6978 15.8503 1.47787
    endloop
  endfacet
  facet normal 0.0244389 -0.0181663 0.999536
    outer loop
      vertex -15.6343 15.8974 1.47717
      vertex -15.7082 15.8409 1.47795
      vertex -14.1774 14.2716 1.412
    endloop
  endfacet
  facet normal 0.0244572 -0.018147 0.999536
    outer loop
      vertex -38.3212 39.7285 2.46494
      vertex -20.7412 21 1.69476
      vertex -20.4919 21 1.68866
    endloop
  endfacet
  facet normal 0.02446 -0.0181443 0.999536
    outer loop
      vertex -38.5427 39.4299 2.46494
      vertex -20.7412 21 1.69476
      vertex -38.3212 39.7285 2.46494
    endloop
  endfacet
  facet normal 0.0244536 -0.0181505 0.999536
    outer loop
      vertex -20.7412 21 1.69476
      vertex -38.5427 39.4299 2.46494
      vertex -38.6283 39.3355 2.46532
    endloop
  endfacet
  facet normal 0.0202292 -0.0223232 0.999546
    outer loop
      vertex -39.3355 38.6283 2.46532
      vertex -21 21 1.70054
      vertex -38.9645 38.9645 2.46532
    endloop
  endfacet
  facet normal 0.0202287 -0.0223237 0.999546
    outer loop
      vertex -21 21 1.70054
      vertex -39.3355 38.6283 2.46532
      vertex -21 20.7412 1.69476
    endloop
  endfacet
  facet normal 0.0202389 -0.022317 0.999546
    outer loop
      vertex -15.7778 15.7778 1.47823
      vertex -14.2716 14.1774 1.412
      vertex -14.2222 14.2222 1.412
    endloop
  endfacet
  facet normal 0.0202102 -0.022344 0.999546
    outer loop
      vertex -14.2716 14.1774 1.412
      vertex -15.7778 15.7778 1.47823
      vertex -15.8409 15.7082 1.47795
    endloop
  endfacet
  facet normal 0.109242 0.0654198 0.99186
    outer loop
      vertex -13.9655 21 1.40451
      vertex -37.1382 44.2342 2.42426
      vertex -13.9872 21 1.4069
    endloop
  endfacet
  facet normal 0.109296 0.0654741 0.991851
    outer loop
      vertex -37.1382 44.2342 2.42426
      vertex -13.9655 21 1.40451
      vertex -37.1667 44.4269 2.41468
    endloop
  endfacet
  facet normal 0.0114431 -0.031666 0.999433
    outer loop
      vertex -16.0232 15.4015 1.47213
      vertex -14.4284 14.0617 1.41142
      vertex -15.9887 15.4793 1.4742
    endloop
  endfacet
  facet normal 0.0063901 -0.0294283 0.999546
    outer loop
      vertex -16.0232 15.4015 1.47213
      vertex -15.9887 15.4793 1.4742
      vertex -16.0163 15.421 1.47266
    endloop
  endfacet
  facet normal 0.0114091 -0.0317064 0.999432
    outer loop
      vertex -14.4284 14.0617 1.41142
      vertex -16.0232 15.4015 1.47213
      vertex -14.4809 14.0302 1.41102
    endloop
  endfacet
  facet normal 0.0113562 -0.0317635 0.999431
    outer loop
      vertex -40.9911 37.6007 2.46135
      vertex -21 20.0324 1.67585
      vertex -40.5604 37.8044 2.46293
    endloop
  endfacet
  facet normal 0.0113861 -0.0317295 0.999432
    outer loop
      vertex -21 20.0324 1.67585
      vertex -40.9911 37.6007 2.46135
      vertex -21 19.8264 1.66931
    endloop
  endfacet
  facet normal 0.00637584 -0.0394922 0.9992
    outer loop
      vertex -14.5345 14.0048 1.4106
      vertex -14.5845 13.9818 1.41001
      vertex -14.579 13.9837 1.41005
    endloop
  endfacet
  facet normal 0.00573466 -0.0381457 0.999256
    outer loop
      vertex -16.0695 15.252 1.46702
      vertex -14.5345 14.0048 1.4106
      vertex -16.0504 15.3256 1.46972
    endloop
  endfacet
  facet normal 0.0196472 -0.0417444 0.998935
    outer loop
      vertex -16.0695 15.252 1.46702
      vertex -16.0504 15.3256 1.46972
      vertex -16.0526 15.3193 1.4695
    endloop
  endfacet
  facet normal 0.00574816 -0.0381291 0.999256
    outer loop
      vertex -14.5345 14.0048 1.4106
      vertex -16.0695 15.252 1.46702
      vertex -14.5845 13.9818 1.41001
    endloop
  endfacet
  facet normal 0.00567476 -0.0382149 0.999253
    outer loop
      vertex -41.6322 37.3656 2.45789
      vertex -21 19.6384 1.66277
      vertex -41.4283 37.4385 2.45952
    endloop
  endfacet
  facet normal 0.00565574 -0.038237 0.999253
    outer loop
      vertex -41.856 37.3095 2.45701
      vertex -21 19.6384 1.66277
      vertex -41.6322 37.3656 2.45789
    endloop
  endfacet
  facet normal 0.00565191 -0.0382415 0.999253
    outer loop
      vertex -21 19.6384 1.66277
      vertex -41.856 37.3095 2.45701
      vertex -21 19.4696 1.65631
    endloop
  endfacet
  facet normal 0.0601698 0.100404 -0.993126
    outer loop
      vertex -10.4168 17.4168 -1.25
      vertex -41.0161 48.1183 0
      vertex -40.5744 47.8536 0
    endloop
  endfacet
  facet normal 0.429479 0.389195 0.814908
    outer loop
      vertex -13.9493 21 1.40038
      vertex -37.1835 44.5396 2.40308
      vertex -13.953 21 1.40233
    endloop
  endfacet
  facet normal 0.429494 0.389211 0.814893
    outer loop
      vertex -37.1835 44.5396 2.40308
      vertex -13.9493 21 1.40038
      vertex -37.1884 44.573 2.38971
    endloop
  endfacet
  facet normal -0.0156612 0.0261335 -0.999536
    outer loop
      vertex -17.4168 17.4168 -1.25
      vertex -46.4056 47.8536 0
      vertex -45.9639 48.1183 0
    endloop
  endfacet
  facet normal -0.0398773 0 -0.999205
    outer loop
      vertex -17.4168 10.4168 -1.25
      vertex -48.738 43.49 0
      vertex -17.4168 17.4168 -1.25
    endloop
  endfacet
  facet normal -0.0538223 -0.0134879 -0.998459
    outer loop
      vertex -48.512 41.9666 0
      vertex -48.6372 42.4662 0
      vertex -17.4168 10.4168 -1.25
    endloop
  endfacet
  facet normal -0.0147623 -0.0590023 0.998149
    outer loop
      vertex -43.49 37.09 2.44108
      vertex -21 14.1096 1.41529
      vertex -43.3069 37.099 2.44432
    endloop
  endfacet
  facet normal -0.0147411 -0.0589816 0.99815
    outer loop
      vertex -21 14.1096 1.41529
      vertex -43.49 37.09 2.44108
      vertex -21 14.059 1.4123
    endloop
  endfacet
  facet normal -0.014803 -0.0590418 0.998146
    outer loop
      vertex -21 14.059 1.4123
      vertex -43.49 37.09 2.44108
      vertex -43.6663 37.0987 2.43898
    endloop
  endfacet
  facet normal -0.00774461 -0.0522133 0.998606
    outer loop
      vertex -43.3069 37.099 2.44432
      vertex -21 14.1702 1.41846
      vertex -42.9078 37.1186 2.44844
    endloop
  endfacet
  facet normal -0.00776928 -0.0522372 0.998604
    outer loop
      vertex -21 14.1702 1.41846
      vertex -43.3069 37.099 2.44432
      vertex -21 14.1096 1.41529
    endloop
  endfacet
  facet normal -0.00232411 -0.0470512 0.99889
    outer loop
      vertex -42.8627 37.1208 2.44865
      vertex -21 14.2408 1.42179
      vertex -42.4911 37.1759 2.45211
    endloop
  endfacet
  facet normal -0.00235455 -0.0470802 0.998888
    outer loop
      vertex -42.9078 37.1186 2.44844
      vertex -21 14.2408 1.42179
      vertex -42.8627 37.1208 2.44865
    endloop
  endfacet
  facet normal -0.00239056 -0.0471146 0.998887
    outer loop
      vertex -21 14.2408 1.42179
      vertex -42.9078 37.1186 2.44844
      vertex -21 14.1702 1.41846
    endloop
  endfacet
  facet normal 0.0686131 0.0245685 0.997341
    outer loop
      vertex -14.0183 21 1.4095
      vertex -37.0987 43.6663 2.43898
      vertex -14.059 21 1.4123
    endloop
  endfacet
  facet normal 0.0685784 0.024533 0.997344
    outer loop
      vertex -37.0987 43.6663 2.43898
      vertex -14.0183 21 1.4095
      vertex -37.114 43.9786 2.43235
    endloop
  endfacet
  facet normal 0 0 1
    outer loop
      vertex -39.1858 43.9139 2.5
      vertex -39.1858 43.0661 2.5
      vertex -39.165 43.49 2.5
    endloop
  endfacet
  facet normal 0 0 1
    outer loop
      vertex -39.2481 44.3338 2.5
      vertex -39.1858 43.0661 2.5
      vertex -39.1858 43.9139 2.5
    endloop
  endfacet
  facet normal 0 0 1
    outer loop
      vertex -39.2481 44.3338 2.5
      vertex -39.2481 42.6462 2.5
      vertex -39.1858 43.0661 2.5
    endloop
  endfacet
  facet normal 0 0 1
    outer loop
      vertex -39.3512 44.7455 2.5
      vertex -39.2481 42.6462 2.5
      vertex -39.2481 44.3338 2.5
    endloop
  endfacet
  facet normal 0 0 1
    outer loop
      vertex -39.3512 44.7455 2.5
      vertex -39.3512 42.2345 2.5
      vertex -39.2481 42.6462 2.5
    endloop
  endfacet
  facet normal 0 0 1
    outer loop
      vertex -39.4942 45.1451 2.5
      vertex -39.3512 42.2345 2.5
      vertex -39.3512 44.7455 2.5
    endloop
  endfacet
  facet normal 0 0 1
    outer loop
      vertex -39.4942 45.1451 2.5
      vertex -39.4942 41.8349 2.5
      vertex -39.3512 42.2345 2.5
    endloop
  endfacet
  facet normal 0 0 1
    outer loop
      vertex -39.6757 45.5288 2.5
      vertex -39.4942 41.8349 2.5
      vertex -39.4942 45.1451 2.5
    endloop
  endfacet
  facet normal 0 0 1
    outer loop
      vertex -39.6757 45.5288 2.5
      vertex -39.6757 41.4512 2.5
      vertex -39.4942 41.8349 2.5
    endloop
  endfacet
  facet normal 0 0 1
    outer loop
      vertex -39.8939 45.8928 2.5
      vertex -39.6757 41.4512 2.5
      vertex -39.6757 45.5288 2.5
    endloop
  endfacet
  facet normal 0 0 1
    outer loop
      vertex -39.8939 45.8928 2.5
      vertex -39.8939 41.0872 2.5
      vertex -39.6757 41.4512 2.5
    endloop
  endfacet
  facet normal 0 0 1
    outer loop
      vertex -40.1467 46.2337 2.5
      vertex -39.8939 41.0872 2.5
      vertex -39.8939 45.8928 2.5
    endloop
  endfacet
  facet normal 0 0 1
    outer loop
      vertex -40.1467 46.2337 2.5
      vertex -40.1467 40.7463 2.5
      vertex -39.8939 41.0872 2.5
    endloop
  endfacet
  facet normal 0 0 1
    outer loop
      vertex -40.4318 46.5482 2.5
      vertex -40.1467 40.7463 2.5
      vertex -40.1467 46.2337 2.5
    endloop
  endfacet
  facet normal 0 0 1
    outer loop
      vertex -40.4318 46.5482 2.5
      vertex -40.4318 40.4318 2.5
      vertex -40.1467 40.7463 2.5
    endloop
  endfacet
  facet normal 0 0 1
    outer loop
      vertex -40.7463 46.8333 2.5
      vertex -40.4318 40.4318 2.5
      vertex -40.4318 46.5482 2.5
    endloop
  endfacet
  facet normal 0 0 1
    outer loop
      vertex -40.7463 46.8333 2.5
      vertex -40.7463 40.1467 2.5
      vertex -40.4318 40.4318 2.5
    endloop
  endfacet
  facet normal 0 0 1
    outer loop
      vertex -41.0872 47.0861 2.5
      vertex -40.7463 40.1467 2.5
      vertex -40.7463 46.8333 2.5
    endloop
  endfacet
  facet normal 0 0 1
    outer loop
      vertex -41.0872 47.0861 2.5
      vertex -41.0872 39.8939 2.5
      vertex -40.7463 40.1467 2.5
    endloop
  endfacet
  facet normal 0 0 1
    outer loop
      vertex -41.4512 47.3043 2.5
      vertex -41.0872 39.8939 2.5
      vertex -41.0872 47.0861 2.5
    endloop
  endfacet
  facet normal 0 0 1
    outer loop
      vertex -41.4512 47.3043 2.5
      vertex -41.4512 39.6757 2.5
      vertex -41.0872 39.8939 2.5
    endloop
  endfacet
  facet normal 0 0 1
    outer loop
      vertex -41.8349 47.4858 2.5
      vertex -41.4512 39.6757 2.5
      vertex -41.4512 47.3043 2.5
    endloop
  endfacet
  facet normal 0 0 1
    outer loop
      vertex -41.8349 47.4858 2.5
      vertex -41.8349 39.4942 2.5
      vertex -41.4512 39.6757 2.5
    endloop
  endfacet
  facet normal 0 0 1
    outer loop
      vertex -42.2345 47.6288 2.5
      vertex -41.8349 39.4942 2.5
      vertex -41.8349 47.4858 2.5
    endloop
  endfacet
  facet normal 0 0 1
    outer loop
      vertex -42.2345 47.6288 2.5
      vertex -42.2345 39.3512 2.5
      vertex -41.8349 39.4942 2.5
    endloop
  endfacet
  facet normal 0 0 1
    outer loop
      vertex -42.6462 47.7319 2.5
      vertex -42.2345 39.3512 2.5
      vertex -42.2345 47.6288 2.5
    endloop
  endfacet
  facet normal 0 0 1
    outer loop
      vertex -42.6462 47.7319 2.5
      vertex -42.6462 39.2481 2.5
      vertex -42.2345 39.3512 2.5
    endloop
  endfacet
  facet normal 0 0 1
    outer loop
      vertex -43.0661 47.7942 2.5
      vertex -42.6462 39.2481 2.5
      vertex -42.6462 47.7319 2.5
    endloop
  endfacet
  facet normal 0 0 1
    outer loop
      vertex -43.0661 47.7942 2.5
      vertex -43.0661 39.1858 2.5
      vertex -42.6462 39.2481 2.5
    endloop
  endfacet
  facet normal 0 0 1
    outer loop
      vertex -43.49 47.815 2.5
      vertex -43.0661 39.1858 2.5
      vertex -43.0661 47.7942 2.5
    endloop
  endfacet
  facet normal 0 0 1
    outer loop
      vertex -43.49 47.815 2.5
      vertex -43.49 39.165 2.5
      vertex -43.0661 39.1858 2.5
    endloop
  endfacet
  facet normal -0 0 1
    outer loop
      vertex -43.9139 47.7942 2.5
      vertex -43.49 39.165 2.5
      vertex -43.49 47.815 2.5
    endloop
  endfacet
  facet normal 0 0 1
    outer loop
      vertex -43.9139 47.7942 2.5
      vertex -43.9139 39.1858 2.5
      vertex -43.49 39.165 2.5
    endloop
  endfacet
  facet normal -0 0 1
    outer loop
      vertex -44.3338 47.7319 2.5
      vertex -43.9139 39.1858 2.5
      vertex -43.9139 47.7942 2.5
    endloop
  endfacet
  facet normal 0 0 1
    outer loop
      vertex -44.3338 47.7319 2.5
      vertex -44.3338 39.2481 2.5
      vertex -43.9139 39.1858 2.5
    endloop
  endfacet
  facet normal -0 0 1
    outer loop
      vertex -44.7455 47.6288 2.5
      vertex -44.3338 39.2481 2.5
      vertex -44.3338 47.7319 2.5
    endloop
  endfacet
  facet normal 0 0 1
    outer loop
      vertex -44.7455 47.6288 2.5
      vertex -44.7455 39.3512 2.5
      vertex -44.3338 39.2481 2.5
    endloop
  endfacet
  facet normal -0 0 1
    outer loop
      vertex -45.1451 47.4858 2.5
      vertex -44.7455 39.3512 2.5
      vertex -44.7455 47.6288 2.5
    endloop
  endfacet
  facet normal 0 0 1
    outer loop
      vertex -45.1451 47.4858 2.5
      vertex -45.1451 39.4942 2.5
      vertex -44.7455 39.3512 2.5
    endloop
  endfacet
  facet normal -0 0 1
    outer loop
      vertex -45.5288 47.3043 2.5
      vertex -45.1451 39.4942 2.5
      vertex -45.1451 47.4858 2.5
    endloop
  endfacet
  facet normal 0 0 1
    outer loop
      vertex -45.5288 47.3043 2.5
      vertex -45.5288 39.6757 2.5
      vertex -45.1451 39.4942 2.5
    endloop
  endfacet
  facet normal -0 0 1
    outer loop
      vertex -45.8928 47.0861 2.5
      vertex -45.5288 39.6757 2.5
      vertex -45.5288 47.3043 2.5
    endloop
  endfacet
  facet normal 0 0 1
    outer loop
      vertex -45.8928 47.0861 2.5
      vertex -45.8928 39.8939 2.5
      vertex -45.5288 39.6757 2.5
    endloop
  endfacet
  facet normal -0 0 1
    outer loop
      vertex -46.2337 46.8333 2.5
      vertex -45.8928 39.8939 2.5
      vertex -45.8928 47.0861 2.5
    endloop
  endfacet
  facet normal 0 0 1
    outer loop
      vertex -46.2337 46.8333 2.5
      vertex -46.2337 40.1467 2.5
      vertex -45.8928 39.8939 2.5
    endloop
  endfacet
  facet normal -0 0 1
    outer loop
      vertex -46.5482 46.5482 2.5
      vertex -46.2337 40.1467 2.5
      vertex -46.2337 46.8333 2.5
    endloop
  endfacet
  facet normal 0 0 1
    outer loop
      vertex -46.5482 46.5482 2.5
      vertex -46.5482 40.4318 2.5
      vertex -46.2337 40.1467 2.5
    endloop
  endfacet
  facet normal -0 0 1
    outer loop
      vertex -46.8333 46.2337 2.5
      vertex -46.5482 40.4318 2.5
      vertex -46.5482 46.5482 2.5
    endloop
  endfacet
  facet normal 0 0 1
    outer loop
      vertex -46.8333 46.2337 2.5
      vertex -46.8333 40.7463 2.5
      vertex -46.5482 40.4318 2.5
    endloop
  endfacet
  facet normal -0 0 1
    outer loop
      vertex -47.0861 45.8928 2.5
      vertex -46.8333 40.7463 2.5
      vertex -46.8333 46.2337 2.5
    endloop
  endfacet
  facet normal 0 0 1
    outer loop
      vertex -47.0861 45.8928 2.5
      vertex -47.0861 41.0872 2.5
      vertex -46.8333 40.7463 2.5
    endloop
  endfacet
  facet normal -0 0 1
    outer loop
      vertex -47.3043 45.5288 2.5
      vertex -47.0861 41.0872 2.5
      vertex -47.0861 45.8928 2.5
    endloop
  endfacet
  facet normal 0 0 1
    outer loop
      vertex -47.3043 45.5288 2.5
      vertex -47.3043 41.4512 2.5
      vertex -47.0861 41.0872 2.5
    endloop
  endfacet
  facet normal -0 0 1
    outer loop
      vertex -47.4858 45.1451 2.5
      vertex -47.3043 41.4512 2.5
      vertex -47.3043 45.5288 2.5
    endloop
  endfacet
  facet normal 0 0 1
    outer loop
      vertex -47.4858 45.1451 2.5
      vertex -47.4858 41.8349 2.5
      vertex -47.3043 41.4512 2.5
    endloop
  endfacet
  facet normal -0 0 1
    outer loop
      vertex -47.6288 44.7455 2.5
      vertex -47.4858 41.8349 2.5
      vertex -47.4858 45.1451 2.5
    endloop
  endfacet
  facet normal 0 0 1
    outer loop
      vertex -47.6288 44.7455 2.5
      vertex -47.6288 42.2345 2.5
      vertex -47.4858 41.8349 2.5
    endloop
  endfacet
  facet normal -0 0 1
    outer loop
      vertex -47.7319 44.3338 2.5
      vertex -47.6288 42.2345 2.5
      vertex -47.6288 44.7455 2.5
    endloop
  endfacet
  facet normal 0 0 1
    outer loop
      vertex -47.7319 44.3338 2.5
      vertex -47.7319 42.6462 2.5
      vertex -47.6288 42.2345 2.5
    endloop
  endfacet
  facet normal -0 0 1
    outer loop
      vertex -47.7942 43.9139 2.5
      vertex -47.7319 42.6462 2.5
      vertex -47.7319 44.3338 2.5
    endloop
  endfacet
  facet normal 0 0 1
    outer loop
      vertex -47.7942 43.9139 2.5
      vertex -47.7942 43.0661 2.5
      vertex -47.7319 42.6462 2.5
    endloop
  endfacet
  facet normal 0 -0 1
    outer loop
      vertex -47.7942 43.0661 2.5
      vertex -47.7942 43.9139 2.5
      vertex -47.815 43.49 2.5
    endloop
  endfacet
  facet normal 0.0267139 -0.0159961 0.999515
    outer loop
      vertex -15.5574 15.9468 1.4759
      vertex -14.1348 14.3223 1.41188
      vertex -14.096 14.3746 1.41168
    endloop
  endfacet
  facet normal 0.0257758 -0.0144275 0.999564
    outer loop
      vertex -15.6343 15.8974 1.47717
      vertex -15.5574 15.9468 1.4759
      vertex -15.6111 15.9146 1.47682
    endloop
  endfacet
  facet normal 0.026758 -0.0159576 0.999515
    outer loop
      vertex -15.5574 15.9468 1.4759
      vertex -15.6343 15.8974 1.47717
      vertex -14.1348 14.3223 1.41188
    endloop
  endfacet
  facet normal 0.0266959 -0.0160146 0.999515
    outer loop
      vertex -38.0461 40.1387 2.46416
      vertex -20.4919 21 1.68866
      vertex -20.2549 21 1.68233
    endloop
  endfacet
  facet normal 0.0267009 -0.0160101 0.999515
    outer loop
      vertex -38.1686 39.9344 2.46416
      vertex -20.4919 21 1.68866
      vertex -38.0461 40.1387 2.46416
    endloop
  endfacet
  facet normal 0.0267053 -0.0160059 0.999515
    outer loop
      vertex -20.4919 21 1.68866
      vertex -38.1686 39.9344 2.46416
      vertex -38.3212 39.7285 2.46494
    endloop
  endfacet
  facet normal -0.0383111 0.00188428 -0.999264
    outer loop
      vertex -17.4168 17.4168 -1.25
      vertex -48.738 43.49 0
      vertex -48.7127 44.0044 0
    endloop
  endfacet
  facet normal 0.017725 -0.0239109 0.999557
    outer loop
      vertex -14.2716 14.1774 1.412
      vertex -14.3223 14.1348 1.41188
      vertex -14.3022 14.1497 1.41188
    endloop
  endfacet
  facet normal 0.0181676 -0.0244376 0.999536
    outer loop
      vertex -15.8409 15.7082 1.47795
      vertex -14.3223 14.1348 1.41188
      vertex -14.2716 14.1774 1.412
    endloop
  endfacet
  facet normal 0.0205378 -0.0262511 0.999444
    outer loop
      vertex -15.8974 15.6343 1.47717
      vertex -15.8409 15.7082 1.47795
      vertex -15.8503 15.6978 1.47787
    endloop
  endfacet
  facet normal 0.0181662 -0.0244389 0.999536
    outer loop
      vertex -15.8409 15.7082 1.47795
      vertex -15.8974 15.6343 1.47717
      vertex -14.3223 14.1348 1.41188
    endloop
  endfacet
  facet normal 0.0181505 -0.0244536 0.999536
    outer loop
      vertex -39.4299 38.5427 2.46494
      vertex -21 20.7412 1.69476
      vertex -39.3355 38.6283 2.46532
    endloop
  endfacet
  facet normal 0.0181443 -0.02446 0.999536
    outer loop
      vertex -39.7285 38.3212 2.46494
      vertex -21 20.7412 1.69476
      vertex -39.4299 38.5427 2.46494
    endloop
  endfacet
  facet normal 0.018147 -0.0244572 0.999536
    outer loop
      vertex -21 20.7412 1.69476
      vertex -39.7285 38.3212 2.46494
      vertex -21 20.4919 1.68866
    endloop
  endfacet
  facet normal -0.0178413 0.0240578 -0.999551
    outer loop
      vertex -17.4168 17.4168 -1.25
      vertex -46.8193 47.5468 0
      vertex -46.4056 47.8536 0
    endloop
  endfacet
  facet normal 0.0127401 -0.0275597 0.999539
    outer loop
      vertex -14.3746 14.096 1.41168
      vertex -14.4284 14.0617 1.41142
      vertex -14.3889 14.0854 1.41157
    endloop
  endfacet
  facet normal 0.0137445 -0.0291347 0.999481
    outer loop
      vertex -15.9468 15.5574 1.4759
      vertex -14.4284 14.0617 1.41142
      vertex -14.3746 14.096 1.41168
    endloop
  endfacet
  facet normal 0.0151059 -0.0298589 0.99944
    outer loop
      vertex -15.9887 15.4793 1.4742
      vertex -15.9468 15.5574 1.4759
      vertex -15.9701 15.5185 1.47509
    endloop
  endfacet
  facet normal 0.0137479 -0.0291313 0.999481
    outer loop
      vertex -15.9468 15.5574 1.4759
      vertex -15.9887 15.4793 1.4742
      vertex -14.4284 14.0617 1.41142
    endloop
  endfacet
  facet normal 0.0137689 -0.0291102 0.999481
    outer loop
      vertex -40.4731 37.8457 2.46293
      vertex -21 20.2549 1.68233
      vertex -40.1387 38.0461 2.46416
    endloop
  endfacet
  facet normal 0.0137706 -0.0291083 0.999481
    outer loop
      vertex -40.5604 37.8044 2.46293
      vertex -21 20.2549 1.68233
      vertex -40.4731 37.8457 2.46293
    endloop
  endfacet
  facet normal 0.0137705 -0.0291085 0.999481
    outer loop
      vertex -21 20.2549 1.68233
      vertex -40.5604 37.8044 2.46293
      vertex -21 20.0324 1.67585
    endloop
  endfacet
  facet normal 0.00209512 -0.0423928 0.999099
    outer loop
      vertex -16.0695 15.252 1.46702
      vertex -14.6334 13.9643 1.40937
      vertex -14.5845 13.9818 1.41001
    endloop
  endfacet
  facet normal 0.00122485 -0.0422489 0.999106
    outer loop
      vertex -16.0834 15.1842 1.46417
      vertex -16.0695 15.252 1.46702
      vertex -16.0789 15.2146 1.46545
    endloop
  endfacet
  facet normal 0.0020692 -0.0424217 0.999098
    outer loop
      vertex -16.0695 15.252 1.46702
      vertex -16.0834 15.1842 1.46417
      vertex -14.6334 13.9643 1.40937
    endloop
  endfacet
  facet normal 0.00208791 -0.0424012 0.999098
    outer loop
      vertex -42.2414 37.213 2.45372
      vertex -21 19.4696 1.65631
      vertex -41.856 37.3095 2.45701
    endloop
  endfacet
  facet normal 0.0020836 -0.0424063 0.999098
    outer loop
      vertex -21 19.4696 1.65631
      vertex -42.2414 37.213 2.45372
      vertex -21 19.3207 1.64999
    endloop
  endfacet
  facet normal 0.00210585 -0.04238 0.999099
    outer loop
      vertex -21 19.3207 1.64999
      vertex -42.2414 37.213 2.45372
      vertex -42.2631 37.2098 2.45363
    endloop
  endfacet
  facet normal 0 0 -1
    outer loop
      vertex -17.4168 10.4168 -1.25
      vertex -10.4168 17.4168 -1.25
      vertex -10.4168 10.4168 -1.25
    endloop
  endfacet
  facet normal -0 0 -1
    outer loop
      vertex -10.4168 17.4168 -1.25
      vertex -17.4168 10.4168 -1.25
      vertex -17.4168 17.4168 -1.25
    endloop
  endfacet
  facet normal 0 0.0398773 -0.999205
    outer loop
      vertex -17.4168 17.4168 -1.25
      vertex -43.49 48.738 0
      vertex -10.4168 17.4168 -1.25
    endloop
  endfacet
  facet normal -0.0199458 0.0220044 -0.999559
    outer loop
      vertex -17.4168 17.4168 -1.25
      vertex -47.2009 47.2009 0
      vertex -46.8193 47.5468 0
    endloop
  endfacet
  facet normal -0.00823634 0.0328664 -0.999426
    outer loop
      vertex -17.4168 17.4168 -1.25
      vertex -45.0134 48.512 0
      vertex -44.5138 48.6372 0
    endloop
  endfacet
  facet normal -0.0240578 0.0178413 -0.999551
    outer loop
      vertex -17.4168 17.4168 -1.25
      vertex -47.8536 46.4056 0
      vertex -47.5468 46.8193 0
    endloop
  endfacet
  facet normal 0.0134879 0.0538223 -0.998459
    outer loop
      vertex -10.4168 17.4168 -1.25
      vertex -42.4662 48.6372 0
      vertex -41.9666 48.512 0
    endloop
  endfacet
  facet normal -0.00525443 0.0354517 -0.999358
    outer loop
      vertex -17.4168 17.4168 -1.25
      vertex -44.5138 48.6372 0
      vertex -44.0044 48.7127 0
    endloop
  endfacet
  facet normal -0.0109111 0.0304946 -0.999475
    outer loop
      vertex -17.4168 17.4168 -1.25
      vertex -45.4983 48.3385 0
      vertex -45.0134 48.512 0
    endloop
  endfacet
  facet normal -0.0282651 0.0133676 -0.999511
    outer loop
      vertex -17.4168 17.4168 -1.25
      vertex -48.3385 45.4983 0
      vertex -48.1183 45.9639 0
    endloop
  endfacet
  facet normal -0.0767402 -0.0362934 -0.99639
    outer loop
      vertex -48.1183 41.0161 0
      vertex -48.3385 41.4817 0
      vertex -17.4168 10.4168 -1.25
    endloop
  endfacet
  facet normal 0.0069911 0.0471691 -0.998862
    outer loop
      vertex -10.4168 17.4168 -1.25
      vertex -42.9756 48.7127 0
      vertex -42.4662 48.6372 0
    endloop
  endfacet
  facet normal 0.00206856 0.0420579 -0.999113
    outer loop
      vertex -10.4168 17.4168 -1.25
      vertex -43.49 48.738 0
      vertex -42.9756 48.7127 0
    endloop
  endfacet
  facet normal -0.0133676 0.0282651 -0.999511
    outer loop
      vertex -17.4168 17.4168 -1.25
      vertex -45.9639 48.1183 0
      vertex -45.4983 48.3385 0
    endloop
  endfacet
  facet normal -0.0220044 0.0199458 -0.999559
    outer loop
      vertex -17.4168 17.4168 -1.25
      vertex -47.5468 46.8193 0
      vertex -47.2009 47.2009 0
    endloop
  endfacet
  facet normal -0.0261335 0.0156612 -0.999536
    outer loop
      vertex -17.4168 17.4168 -1.25
      vertex -48.1183 45.9639 0
      vertex -47.8536 46.4056 0
    endloop
  endfacet
  facet normal -0.0328664 0.00823634 -0.999426
    outer loop
      vertex -17.4168 17.4168 -1.25
      vertex -48.6372 44.5138 0
      vertex -48.512 45.0134 0
    endloop
  endfacet
  facet normal -0.0354517 0.00525443 -0.999358
    outer loop
      vertex -17.4168 17.4168 -1.25
      vertex -48.7127 44.0044 0
      vertex -48.6372 44.5138 0
    endloop
  endfacet
  facet normal -0.0629693 -0.0225308 -0.997761
    outer loop
      vertex -48.3385 41.4817 0
      vertex -48.512 41.9666 0
      vertex -17.4168 10.4168 -1.25
    endloop
  endfacet
  facet normal -0.0471691 -0.0069911 -0.998862
    outer loop
      vertex -48.6372 42.4662 0
      vertex -48.7127 42.9756 0
      vertex -17.4168 10.4168 -1.25
    endloop
  endfacet
  facet normal -0.100404 -0.0601698 -0.993126
    outer loop
      vertex -47.8536 40.5744 0
      vertex -48.1183 41.0161 0
      vertex -17.4168 10.4168 -1.25
    endloop
  endfacet
  facet normal -0.152058 -0.112766 -0.981918
    outer loop
      vertex -47.5468 40.1607 0
      vertex -47.8536 40.5744 0
      vertex -17.4168 10.4168 -1.25
    endloop
  endfacet
  facet normal -0.0304946 0.0109111 -0.999475
    outer loop
      vertex -17.4168 17.4168 -1.25
      vertex -48.512 45.0134 0
      vertex -48.3385 45.4983 0
    endloop
  endfacet
  facet normal -0.0420579 -0.00206856 -0.999113
    outer loop
      vertex -48.7127 42.9756 0
      vertex -48.738 43.49 0
      vertex -17.4168 10.4168 -1.25
    endloop
  endfacet
  facet normal -0 -0.0398773 -0.999205
    outer loop
      vertex -10.4168 -17.4168 -1.25
      vertex -43.49 -48.738 0
      vertex -17.4168 -17.4168 -1.25
    endloop
  endfacet
  facet normal 0 0 -1
    outer loop
      vertex -17.4168 -17.4168 -1.25
      vertex -10.4168 -10.4168 -1.25
      vertex -10.4168 -17.4168 -1.25
    endloop
  endfacet
  facet normal -0 0 -1
    outer loop
      vertex -10.4168 -10.4168 -1.25
      vertex -17.4168 -17.4168 -1.25
      vertex -17.4168 -10.4168 -1.25
    endloop
  endfacet
  facet normal -0.0420579 0.00206856 -0.999113
    outer loop
      vertex -17.4168 -10.4168 -1.25
      vertex -48.738 -43.49 0
      vertex -48.7127 -42.9756 0
    endloop
  endfacet
  facet normal -0.0398773 0 -0.999205
    outer loop
      vertex -17.4168 -17.4168 -1.25
      vertex -48.738 -43.49 0
      vertex -17.4168 -10.4168 -1.25
    endloop
  endfacet
  facet normal -0.0304946 -0.0109111 -0.999475
    outer loop
      vertex -48.3385 -45.4983 0
      vertex -48.512 -45.0134 0
      vertex -17.4168 -17.4168 -1.25
    endloop
  endfacet
  facet normal -0.00188428 -0.0383111 -0.999264
    outer loop
      vertex -43.49 -48.738 0
      vertex -44.0044 -48.7127 0
      vertex -17.4168 -17.4168 -1.25
    endloop
  endfacet
  facet normal 0 1 -0
    outer loop
      vertex -10.4168 -10.4168 -1.25
      vertex -17.4168 -10.4168 0
      vertex -10.4168 -10.4168 0
    endloop
  endfacet
  facet normal 0 1 0
    outer loop
      vertex -17.4168 -10.4168 0
      vertex -10.4168 -10.4168 -1.25
      vertex -17.4168 -10.4168 -1.25
    endloop
  endfacet
  facet normal 0.0225308 -0.0629693 -0.997761
    outer loop
      vertex -41.4817 -48.3385 0
      vertex -41.9666 -48.512 0
      vertex -10.4168 -17.4168 -1.25
    endloop
  endfacet
  facet normal 1 -0 0
    outer loop
      vertex -10.4168 -17.4168 0
      vertex -10.4168 -10.4168 -1.25
      vertex -10.4168 -10.4168 0
    endloop
  endfacet
  facet normal 1 0 0
    outer loop
      vertex -10.4168 -10.4168 -1.25
      vertex -10.4168 -17.4168 0
      vertex -10.4168 -17.4168 -1.25
    endloop
  endfacet
  facet normal 0.00637584 0.0394922 0.9992
    outer loop
      vertex -14.5845 -13.9818 1.41001
      vertex -14.5345 -14.0048 1.4106
      vertex -14.579 -13.9837 1.41005
    endloop
  endfacet
  facet normal 0.00574816 0.0381291 0.999256
    outer loop
      vertex -16.0695 -15.252 1.46702
      vertex -14.5345 -14.0048 1.4106
      vertex -14.5845 -13.9818 1.41001
    endloop
  endfacet
  facet normal 0.00573466 0.0381457 0.999256
    outer loop
      vertex -14.5345 -14.0048 1.4106
      vertex -16.0695 -15.252 1.46702
      vertex -16.0504 -15.3256 1.46972
    endloop
  endfacet
  facet normal 0.0196472 0.0417444 0.998935
    outer loop
      vertex -16.0504 -15.3256 1.46972
      vertex -16.0695 -15.252 1.46702
      vertex -16.0526 -15.3193 1.4695
    endloop
  endfacet
  facet normal 0.00565191 0.0382415 0.999253
    outer loop
      vertex -41.856 -37.3095 2.45701
      vertex -21 -19.6384 1.66277
      vertex -21 -19.4696 1.65631
    endloop
  endfacet
  facet normal 0.00567476 0.0382149 0.999253
    outer loop
      vertex -21 -19.6384 1.66277
      vertex -41.6322 -37.3656 2.45789
      vertex -41.4283 -37.4385 2.45952
    endloop
  endfacet
  facet normal 0.00565574 0.038237 0.999253
    outer loop
      vertex -21 -19.6384 1.66277
      vertex -41.856 -37.3095 2.45701
      vertex -41.6322 -37.3656 2.45789
    endloop
  endfacet
  facet normal 0.170423 -0.126645 0.977199
    outer loop
      vertex -37.1667 -44.4269 2.41468
      vertex -13.953 -21 1.40233
      vertex -13.9655 -21 1.40451
    endloop
  endfacet
  facet normal 0.16968 -0.125898 0.977424
    outer loop
      vertex -13.953 -21 1.40233
      vertex -37.1667 -44.4269 2.41468
      vertex -37.1835 -44.5396 2.40308
    endloop
  endfacet
  facet normal -0.702051 0.712127 0
    outer loop
      vertex -17.4168 -10.4168 -1.25
      vertex -21 -13.9493 0
      vertex -17.4168 -10.4168 0
    endloop
  endfacet
  facet normal -0.702045 0.712132 3.09197e-05
    outer loop
      vertex -21 -13.9493 0
      vertex -17.4168 -10.4168 -1.25
      vertex -44.573 -37.1884 0
    endloop
  endfacet
  facet normal -0.702048 0.712129 -0.000103994
    outer loop
      vertex -44.573 -37.1884 0
      vertex -17.4168 -10.4168 -1.25
      vertex -47.2009 -39.7791 0
    endloop
  endfacet
  facet normal -0.702045 0.712132 0
    outer loop
      vertex -44.573 -37.1884 0
      vertex -21 -13.9493 1.40038
      vertex -21 -13.9493 0
    endloop
  endfacet
  facet normal -0.702045 0.712132 0
    outer loop
      vertex -21 -13.9493 1.40038
      vertex -44.573 -37.1884 0
      vertex -44.573 -37.1884 2.38971
    endloop
  endfacet
  facet normal -0.0220044 -0.0199458 -0.999559
    outer loop
      vertex -47.2009 -47.2009 0
      vertex -47.5468 -46.8193 0
      vertex -17.4168 -17.4168 -1.25
    endloop
  endfacet
  facet normal 0.315625 -0.348201 -0.882687
    outer loop
      vertex -39.7791 -47.2009 0
      vertex -40.1607 -47.5468 0
      vertex -10.4168 -17.4168 -1.25
    endloop
  endfacet
  facet normal 0.712132 -0.702045 0
    outer loop
      vertex -37.1884 -44.573 0
      vertex -13.9493 -21 1.40038
      vertex -37.1884 -44.573 2.38971
    endloop
  endfacet
  facet normal 0.712127 -0.702051 0
    outer loop
      vertex -13.9493 -21 0
      vertex -10.4168 -17.4168 -1.25
      vertex -10.4168 -17.4168 0
    endloop
  endfacet
  facet normal 0.712132 -0.702045 0
    outer loop
      vertex -13.9493 -21 1.40038
      vertex -37.1884 -44.573 0
      vertex -13.9493 -21 0
    endloop
  endfacet
  facet normal 0.712132 -0.702045 3.09197e-05
    outer loop
      vertex -13.9493 -21 0
      vertex -37.1884 -44.573 0
      vertex -10.4168 -17.4168 -1.25
    endloop
  endfacet
  facet normal 0.712129 -0.702048 -0.000103994
    outer loop
      vertex -10.4168 -17.4168 -1.25
      vertex -37.1884 -44.573 0
      vertex -39.7791 -47.2009 0
    endloop
  endfacet
  facet normal 0.0317064 0.0114091 0.999432
    outer loop
      vertex -14.0617 -14.4284 1.41142
      vertex -15.4015 -16.0232 1.47213
      vertex -14.0302 -14.4809 1.41102
    endloop
  endfacet
  facet normal 0.031666 0.0114431 0.999433
    outer loop
      vertex -15.4793 -15.9887 1.4742
      vertex -15.4015 -16.0232 1.47213
      vertex -14.0617 -14.4284 1.41142
    endloop
  endfacet
  facet normal 0.0294283 0.0063901 0.999546
    outer loop
      vertex -15.4015 -16.0232 1.47213
      vertex -15.4793 -15.9887 1.4742
      vertex -15.421 -16.0163 1.47266
    endloop
  endfacet
  facet normal 0.0317295 0.0113861 0.999432
    outer loop
      vertex -20.0324 -21 1.67585
      vertex -37.6007 -40.9911 2.46135
      vertex -19.8264 -21 1.66931
    endloop
  endfacet
  facet normal 0.0317635 0.0113562 0.999431
    outer loop
      vertex -37.6007 -40.9911 2.46135
      vertex -20.0324 -21 1.67585
      vertex -37.8044 -40.5604 2.46293
    endloop
  endfacet
  facet normal -0.0767402 0.0362934 -0.99639
    outer loop
      vertex -17.4168 -10.4168 -1.25
      vertex -48.3385 -41.4817 0
      vertex -48.1183 -41.0161 0
    endloop
  endfacet
  facet normal 0.142873 0.316999 0.937603
    outer loop
      vertex -14.5345 -14.0048 1.4106
      vertex -14.4809 -14.0302 1.41102
      vertex -14.4815 -14.0299 1.41101
    endloop
  endfacet
  facet normal 0.00865863 0.0347965 0.999357
    outer loop
      vertex -14.5345 -14.0048 1.4106
      vertex -16.0232 -15.4015 1.47213
      vertex -14.4809 -14.0302 1.41102
    endloop
  endfacet
  facet normal 0.00863173 0.0348252 0.999356
    outer loop
      vertex -16.0232 -15.4015 1.47213
      vertex -14.5345 -14.0048 1.4106
      vertex -16.0504 -15.3256 1.46972
    endloop
  endfacet
  facet normal 0.008685 0.0347649 0.999358
    outer loop
      vertex -41.4283 -37.4385 2.45952
      vertex -21 -19.8264 1.66931
      vertex -21 -19.6384 1.66277
    endloop
  endfacet
  facet normal 0.00875802 0.0346821 0.99936
    outer loop
      vertex -21 -19.8264 1.66931
      vertex -41.0408 -37.5772 2.46097
      vertex -40.9911 -37.6007 2.46135
    endloop
  endfacet
  facet normal 0.00869847 0.0347493 0.999358
    outer loop
      vertex -21 -19.8264 1.66931
      vertex -41.4283 -37.4385 2.45952
      vertex -41.0408 -37.5772 2.46097
    endloop
  endfacet
  facet normal -0.0133676 -0.0282651 -0.999511
    outer loop
      vertex -45.4983 -48.3385 0
      vertex -45.9639 -48.1183 0
      vertex -17.4168 -17.4168 -1.25
    endloop
  endfacet
  facet normal 0.0239109 0.017725 0.999557
    outer loop
      vertex -14.1774 -14.2716 1.412
      vertex -14.1348 -14.3223 1.41188
      vertex -14.1497 -14.3022 1.41188
    endloop
  endfacet
  facet normal 0.0244375 0.0181675 0.999536
    outer loop
      vertex -14.1774 -14.2716 1.412
      vertex -15.6343 -15.8974 1.47717
      vertex -14.1348 -14.3223 1.41188
    endloop
  endfacet
  facet normal 0.0244389 0.0181663 0.999536
    outer loop
      vertex -15.7082 -15.8409 1.47795
      vertex -15.6343 -15.8974 1.47717
      vertex -14.1774 -14.2716 1.412
    endloop
  endfacet
  facet normal 0.0262511 0.0205378 0.999444
    outer loop
      vertex -15.6343 -15.8974 1.47717
      vertex -15.7082 -15.8409 1.47795
      vertex -15.6978 -15.8503 1.47787
    endloop
  endfacet
  facet normal 0.0244572 0.018147 0.999536
    outer loop
      vertex -20.7412 -21 1.69476
      vertex -38.3212 -39.7285 2.46494
      vertex -20.4919 -21 1.68866
    endloop
  endfacet
  facet normal 0.02446 0.0181443 0.999536
    outer loop
      vertex -20.7412 -21 1.69476
      vertex -38.5427 -39.4299 2.46494
      vertex -38.3212 -39.7285 2.46494
    endloop
  endfacet
  facet normal 0.0244536 0.0181505 0.999536
    outer loop
      vertex -38.5427 -39.4299 2.46494
      vertex -20.7412 -21 1.69476
      vertex -38.6283 -39.3355 2.46532
    endloop
  endfacet
  facet normal 0.0471146 -0.00239056 0.998887
    outer loop
      vertex -14.2408 -21 1.42179
      vertex -37.1186 -42.9078 2.44844
      vertex -14.1702 -21 1.41846
    endloop
  endfacet
  facet normal 0.0470802 -0.00235455 0.998888
    outer loop
      vertex -14.2408 -21 1.42179
      vertex -37.1208 -42.8627 2.44865
      vertex -37.1186 -42.9078 2.44844
    endloop
  endfacet
  facet normal 0.0470512 -0.00232411 0.99889
    outer loop
      vertex -37.1208 -42.8627 2.44865
      vertex -14.2408 -21 1.42179
      vertex -37.1759 -42.4911 2.45211
    endloop
  endfacet
  facet normal -0.0538223 0.0134879 -0.998459
    outer loop
      vertex -17.4168 -10.4168 -1.25
      vertex -48.6372 -42.4662 0
      vertex -48.512 -41.9666 0
    endloop
  endfacet
  facet normal -0.152058 0.112766 -0.981918
    outer loop
      vertex -17.4168 -10.4168 -1.25
      vertex -47.8536 -40.5744 0
      vertex -47.5468 -40.1607 0
    endloop
  endfacet
  facet normal -0.0261335 -0.0156612 -0.999536
    outer loop
      vertex -47.8536 -46.4056 0
      vertex -48.1183 -45.9639 0
      vertex -17.4168 -17.4168 -1.25
    endloop
  endfacet
  facet normal 0.0159976 0.0267159 0.999515
    outer loop
      vertex -14.3746 -14.096 1.41168
      vertex -15.8974 -15.6343 1.47717
      vertex -14.3223 -14.1348 1.41188
    endloop
  endfacet
  facet normal 0.0159561 0.026757 0.999515
    outer loop
      vertex -15.9468 -15.5574 1.4759
      vertex -15.8974 -15.6343 1.47717
      vertex -14.3746 -14.096 1.41168
    endloop
  endfacet
  facet normal 0.0144275 0.0257758 0.999564
    outer loop
      vertex -15.8974 -15.6343 1.47717
      vertex -15.9468 -15.5574 1.4759
      vertex -15.9146 -15.6111 1.47682
    endloop
  endfacet
  facet normal 0.0160146 0.0266959 0.999515
    outer loop
      vertex -40.1387 -38.0461 2.46416
      vertex -21 -20.4919 1.68866
      vertex -21 -20.2549 1.68233
    endloop
  endfacet
  facet normal 0.0160059 0.0267053 0.999515
    outer loop
      vertex -21 -20.4919 1.68866
      vertex -39.9344 -38.1686 2.46416
      vertex -39.7285 -38.3212 2.46494
    endloop
  endfacet
  facet normal 0.0160101 0.0267009 0.999515
    outer loop
      vertex -21 -20.4919 1.68866
      vertex -40.1387 -38.0461 2.46416
      vertex -39.9344 -38.1686 2.46416
    endloop
  endfacet
  facet normal -0.0178413 -0.0240578 -0.999551
    outer loop
      vertex -46.4056 -47.8536 0
      vertex -46.8193 -47.5468 0
      vertex -17.4168 -17.4168 -1.25
    endloop
  endfacet
  facet normal 0.0601698 -0.100404 -0.993126
    outer loop
      vertex -40.5744 -47.8536 0
      vertex -41.0161 -48.1183 0
      vertex -10.4168 -17.4168 -1.25
    endloop
  endfacet
  facet normal 0.000908662 0.0480527 0.998844
    outer loop
      vertex -14.7854 -13.9211 1.40743
      vertex -14.6334 -13.9643 1.40937
      vertex -14.6807 -13.9474 1.4086
    endloop
  endfacet
  facet normal -0.000204126 0.0441454 0.999025
    outer loop
      vertex -14.8922 -13.9053 1.40671
      vertex -14.6334 -13.9643 1.40937
      vertex -14.7854 -13.9211 1.40743
    endloop
  endfacet
  facet normal 0.000105733 0.0455018 0.998964
    outer loop
      vertex -15 -13.9 1.40648
      vertex -14.6334 -13.9643 1.40937
      vertex -14.8922 -13.9053 1.40671
    endloop
  endfacet
  facet normal -5.94371e-05 0.044562 0.999007
    outer loop
      vertex -15.1078 -13.9053 1.40671
      vertex -14.6334 -13.9643 1.40937
      vertex -15 -13.9 1.40648
    endloop
  endfacet
  facet normal 3.27278e-05 0.0453016 0.998973
    outer loop
      vertex -15.2146 -13.9211 1.40743
      vertex -14.6334 -13.9643 1.40937
      vertex -15.1078 -13.9053 1.40671
    endloop
  endfacet
  facet normal -2.4107e-05 0.0445385 0.999008
    outer loop
      vertex -15.3193 -13.9474 1.4086
      vertex -14.6334 -13.9643 1.40937
      vertex -15.2146 -13.9211 1.40743
    endloop
  endfacet
  facet normal -8.81997e-06 0.0451577 0.99898
    outer loop
      vertex -15.421 -13.9837 1.41024
      vertex -14.6334 -13.9643 1.40937
      vertex -15.3193 -13.9474 1.4086
    endloop
  endfacet
  facet normal 1.04256e-06 0.0447581 0.998998
    outer loop
      vertex -15.5185 -14.0299 1.41231
      vertex -14.6334 -13.9643 1.40937
      vertex -15.421 -13.9837 1.41024
    endloop
  endfacet
  facet normal -4.03789e-06 0.0448265 0.998995
    outer loop
      vertex -15.6111 -14.0854 1.4148
      vertex -14.6334 -13.9643 1.40937
      vertex -15.5185 -14.0299 1.41231
    endloop
  endfacet
  facet normal -1.58338e-05 0.0449215 0.998991
    outer loop
      vertex -15.6978 -14.1497 1.41769
      vertex -14.6334 -13.9643 1.40937
      vertex -15.6111 -14.0854 1.4148
    endloop
  endfacet
  facet normal -1.92949e-05 0.0449414 0.99899
    outer loop
      vertex -15.7778 -14.2222 1.42095
      vertex -14.6334 -13.9643 1.40937
      vertex -15.6978 -14.1497 1.41769
    endloop
  endfacet
  facet normal 7.3909e-06 0.0448232 0.998995
    outer loop
      vertex -15.8503 -14.3022 1.42454
      vertex -14.6334 -13.9643 1.40937
      vertex -15.7778 -14.2222 1.42095
    endloop
  endfacet
  facet normal -3.06571e-05 0.0449599 0.998989
    outer loop
      vertex -15.9146 -14.3889 1.42844
      vertex -14.6334 -13.9643 1.40937
      vertex -15.8503 -14.3022 1.42454
    endloop
  endfacet
  facet normal -4.77042e-06 0.044882 0.998992
    outer loop
      vertex -15.9701 -14.4815 1.4326
      vertex -14.6334 -13.9643 1.40937
      vertex -15.9146 -14.3889 1.42844
    endloop
  endfacet
  facet normal -3.85767e-06 0.0448796 0.998992
    outer loop
      vertex -16.0163 -14.579 1.43698
      vertex -14.6334 -13.9643 1.40937
      vertex -15.9701 -14.4815 1.4326
    endloop
  endfacet
  facet normal -1.04857e-05 0.0448945 0.998992
    outer loop
      vertex -16.0526 -14.6807 1.44155
      vertex -14.6334 -13.9643 1.40937
      vertex -16.0163 -14.579 1.43698
    endloop
  endfacet
  facet normal 1.6677e-05 0.0448408 0.998994
    outer loop
      vertex -16.0789 -14.7854 1.44625
      vertex -14.6334 -13.9643 1.40937
      vertex -16.0526 -14.6807 1.44155
    endloop
  endfacet
  facet normal -1.11067e-05 0.0448896 0.998992
    outer loop
      vertex -16.0789 -14.7854 1.44625
      vertex -16.0834 -15.1842 1.46417
      vertex -14.6334 -13.9643 1.40937
    endloop
  endfacet
  facet normal 6.59079e-05 0.0448888 0.998992
    outer loop
      vertex -16.0947 -14.8922 1.45105
      vertex -16.0834 -15.1842 1.46417
      vertex -16.0789 -14.7854 1.44625
    endloop
  endfacet
  facet normal -0.00038143 0.0448715 0.998993
    outer loop
      vertex -16.1 -15 1.45589
      vertex -16.0834 -15.1842 1.46417
      vertex -16.0947 -14.8922 1.45105
    endloop
  endfacet
  facet normal 0.000965549 0.0449926 0.998987
    outer loop
      vertex -16.0834 -15.1842 1.46417
      vertex -16.1 -15 1.45589
      vertex -16.0947 -15.1078 1.46074
    endloop
  endfacet
  facet normal 1.21472e-06 0.0448769 0.998993
    outer loop
      vertex -42.4911 -37.1759 2.45211
      vertex -21 -19.3207 1.64999
      vertex -21 -14.2408 1.42179
    endloop
  endfacet
  facet normal 1.0816e-05 0.0448654 0.998993
    outer loop
      vertex -21 -19.3207 1.64999
      vertex -42.4911 -37.1759 2.45211
      vertex -42.2631 -37.2098 2.45363
    endloop
  endfacet
  facet normal 0.0590023 -0.0147623 0.998149
    outer loop
      vertex -14.1096 -21 1.41529
      vertex -37.099 -43.3069 2.44432
      vertex -37.09 -43.49 2.44108
    endloop
  endfacet
  facet normal 0.0589816 -0.0147411 0.99815
    outer loop
      vertex -37.09 -43.49 2.44108
      vertex -14.059 -21 1.4123
      vertex -14.1096 -21 1.41529
    endloop
  endfacet
  facet normal 0.0590418 -0.014803 0.998146
    outer loop
      vertex -14.059 -21 1.4123
      vertex -37.09 -43.49 2.44108
      vertex -37.0987 -43.6663 2.43898
    endloop
  endfacet
  facet normal -0.00525443 -0.0354517 -0.999358
    outer loop
      vertex -44.0044 -48.7127 0
      vertex -44.5138 -48.6372 0
      vertex -17.4168 -17.4168 -1.25
    endloop
  endfacet
  facet normal 0 0 1
    outer loop
      vertex -39.1858 -43.0661 2.5
      vertex -39.1858 -43.9139 2.5
      vertex -39.165 -43.49 2.5
    endloop
  endfacet
  facet normal 0 0 1
    outer loop
      vertex -39.2481 -42.6462 2.5
      vertex -39.1858 -43.9139 2.5
      vertex -39.1858 -43.0661 2.5
    endloop
  endfacet
  facet normal 0 0 1
    outer loop
      vertex -39.2481 -42.6462 2.5
      vertex -39.2481 -44.3338 2.5
      vertex -39.1858 -43.9139 2.5
    endloop
  endfacet
  facet normal 0 0 1
    outer loop
      vertex -39.3512 -42.2345 2.5
      vertex -39.2481 -44.3338 2.5
      vertex -39.2481 -42.6462 2.5
    endloop
  endfacet
  facet normal 0 0 1
    outer loop
      vertex -39.3512 -42.2345 2.5
      vertex -39.3512 -44.7455 2.5
      vertex -39.2481 -44.3338 2.5
    endloop
  endfacet
  facet normal 0 0 1
    outer loop
      vertex -39.4942 -41.8349 2.5
      vertex -39.3512 -44.7455 2.5
      vertex -39.3512 -42.2345 2.5
    endloop
  endfacet
  facet normal 0 0 1
    outer loop
      vertex -39.4942 -41.8349 2.5
      vertex -39.4942 -45.1451 2.5
      vertex -39.3512 -44.7455 2.5
    endloop
  endfacet
  facet normal 0 0 1
    outer loop
      vertex -39.6757 -41.4512 2.5
      vertex -39.4942 -45.1451 2.5
      vertex -39.4942 -41.8349 2.5
    endloop
  endfacet
  facet normal 0 0 1
    outer loop
      vertex -39.6757 -41.4512 2.5
      vertex -39.6757 -45.5288 2.5
      vertex -39.4942 -45.1451 2.5
    endloop
  endfacet
  facet normal 0 0 1
    outer loop
      vertex -39.8939 -41.0872 2.5
      vertex -39.6757 -45.5288 2.5
      vertex -39.6757 -41.4512 2.5
    endloop
  endfacet
  facet normal 0 0 1
    outer loop
      vertex -39.8939 -41.0872 2.5
      vertex -39.8939 -45.8928 2.5
      vertex -39.6757 -45.5288 2.5
    endloop
  endfacet
  facet normal 0 0 1
    outer loop
      vertex -40.1467 -40.7463 2.5
      vertex -39.8939 -45.8928 2.5
      vertex -39.8939 -41.0872 2.5
    endloop
  endfacet
  facet normal 0 0 1
    outer loop
      vertex -40.1467 -40.7463 2.5
      vertex -40.1467 -46.2337 2.5
      vertex -39.8939 -45.8928 2.5
    endloop
  endfacet
  facet normal 0 0 1
    outer loop
      vertex -40.4318 -40.4318 2.5
      vertex -40.1467 -46.2337 2.5
      vertex -40.1467 -40.7463 2.5
    endloop
  endfacet
  facet normal 0 0 1
    outer loop
      vertex -40.4318 -40.4318 2.5
      vertex -40.4318 -46.5482 2.5
      vertex -40.1467 -46.2337 2.5
    endloop
  endfacet
  facet normal 0 0 1
    outer loop
      vertex -40.7463 -40.1467 2.5
      vertex -40.4318 -46.5482 2.5
      vertex -40.4318 -40.4318 2.5
    endloop
  endfacet
  facet normal 0 0 1
    outer loop
      vertex -40.7463 -40.1467 2.5
      vertex -40.7463 -46.8333 2.5
      vertex -40.4318 -46.5482 2.5
    endloop
  endfacet
  facet normal 0 0 1
    outer loop
      vertex -41.0872 -39.8939 2.5
      vertex -40.7463 -46.8333 2.5
      vertex -40.7463 -40.1467 2.5
    endloop
  endfacet
  facet normal 0 0 1
    outer loop
      vertex -41.0872 -39.8939 2.5
      vertex -41.0872 -47.0861 2.5
      vertex -40.7463 -46.8333 2.5
    endloop
  endfacet
  facet normal 0 0 1
    outer loop
      vertex -41.4512 -39.6757 2.5
      vertex -41.0872 -47.0861 2.5
      vertex -41.0872 -39.8939 2.5
    endloop
  endfacet
  facet normal 0 0 1
    outer loop
      vertex -41.4512 -39.6757 2.5
      vertex -41.4512 -47.3043 2.5
      vertex -41.0872 -47.0861 2.5
    endloop
  endfacet
  facet normal 0 0 1
    outer loop
      vertex -41.8349 -39.4942 2.5
      vertex -41.4512 -47.3043 2.5
      vertex -41.4512 -39.6757 2.5
    endloop
  endfacet
  facet normal 0 0 1
    outer loop
      vertex -41.8349 -39.4942 2.5
      vertex -41.8349 -47.4858 2.5
      vertex -41.4512 -47.3043 2.5
    endloop
  endfacet
  facet normal 0 0 1
    outer loop
      vertex -42.2345 -39.3512 2.5
      vertex -41.8349 -47.4858 2.5
      vertex -41.8349 -39.4942 2.5
    endloop
  endfacet
  facet normal 0 0 1
    outer loop
      vertex -42.2345 -39.3512 2.5
      vertex -42.2345 -47.6288 2.5
      vertex -41.8349 -47.4858 2.5
    endloop
  endfacet
  facet normal 0 0 1
    outer loop
      vertex -42.6462 -39.2481 2.5
      vertex -42.2345 -47.6288 2.5
      vertex -42.2345 -39.3512 2.5
    endloop
  endfacet
  facet normal 0 0 1
    outer loop
      vertex -42.6462 -39.2481 2.5
      vertex -42.6462 -47.7319 2.5
      vertex -42.2345 -47.6288 2.5
    endloop
  endfacet
  facet normal 0 0 1
    outer loop
      vertex -43.0661 -39.1858 2.5
      vertex -42.6462 -47.7319 2.5
      vertex -42.6462 -39.2481 2.5
    endloop
  endfacet
  facet normal 0 0 1
    outer loop
      vertex -43.0661 -39.1858 2.5
      vertex -43.0661 -47.7942 2.5
      vertex -42.6462 -47.7319 2.5
    endloop
  endfacet
  facet normal 0 0 1
    outer loop
      vertex -43.49 -39.165 2.5
      vertex -43.0661 -47.7942 2.5
      vertex -43.0661 -39.1858 2.5
    endloop
  endfacet
  facet normal 0 0 1
    outer loop
      vertex -43.49 -39.165 2.5
      vertex -43.49 -47.815 2.5
      vertex -43.0661 -47.7942 2.5
    endloop
  endfacet
  facet normal -0 0 1
    outer loop
      vertex -43.9139 -39.1858 2.5
      vertex -43.49 -47.815 2.5
      vertex -43.49 -39.165 2.5
    endloop
  endfacet
  facet normal 0 0 1
    outer loop
      vertex -43.9139 -39.1858 2.5
      vertex -43.9139 -47.7942 2.5
      vertex -43.49 -47.815 2.5
    endloop
  endfacet
  facet normal -0 0 1
    outer loop
      vertex -44.3338 -39.2481 2.5
      vertex -43.9139 -47.7942 2.5
      vertex -43.9139 -39.1858 2.5
    endloop
  endfacet
  facet normal 0 0 1
    outer loop
      vertex -44.3338 -39.2481 2.5
      vertex -44.3338 -47.7319 2.5
      vertex -43.9139 -47.7942 2.5
    endloop
  endfacet
  facet normal -0 0 1
    outer loop
      vertex -44.7455 -39.3512 2.5
      vertex -44.3338 -47.7319 2.5
      vertex -44.3338 -39.2481 2.5
    endloop
  endfacet
  facet normal 0 0 1
    outer loop
      vertex -44.7455 -39.3512 2.5
      vertex -44.7455 -47.6288 2.5
      vertex -44.3338 -47.7319 2.5
    endloop
  endfacet
  facet normal -0 0 1
    outer loop
      vertex -45.1451 -39.4942 2.5
      vertex -44.7455 -47.6288 2.5
      vertex -44.7455 -39.3512 2.5
    endloop
  endfacet
  facet normal 0 0 1
    outer loop
      vertex -45.1451 -39.4942 2.5
      vertex -45.1451 -47.4858 2.5
      vertex -44.7455 -47.6288 2.5
    endloop
  endfacet
  facet normal -0 0 1
    outer loop
      vertex -45.5288 -39.6757 2.5
      vertex -45.1451 -47.4858 2.5
      vertex -45.1451 -39.4942 2.5
    endloop
  endfacet
  facet normal 0 0 1
    outer loop
      vertex -45.5288 -39.6757 2.5
      vertex -45.5288 -47.3043 2.5
      vertex -45.1451 -47.4858 2.5
    endloop
  endfacet
  facet normal -0 0 1
    outer loop
      vertex -45.8928 -39.8939 2.5
      vertex -45.5288 -47.3043 2.5
      vertex -45.5288 -39.6757 2.5
    endloop
  endfacet
  facet normal 0 0 1
    outer loop
      vertex -45.8928 -39.8939 2.5
      vertex -45.8928 -47.0861 2.5
      vertex -45.5288 -47.3043 2.5
    endloop
  endfacet
  facet normal -0 0 1
    outer loop
      vertex -46.2337 -40.1467 2.5
      vertex -45.8928 -47.0861 2.5
      vertex -45.8928 -39.8939 2.5
    endloop
  endfacet
  facet normal 0 0 1
    outer loop
      vertex -46.2337 -40.1467 2.5
      vertex -46.2337 -46.8333 2.5
      vertex -45.8928 -47.0861 2.5
    endloop
  endfacet
  facet normal -0 0 1
    outer loop
      vertex -46.5482 -40.4318 2.5
      vertex -46.2337 -46.8333 2.5
      vertex -46.2337 -40.1467 2.5
    endloop
  endfacet
  facet normal 0 0 1
    outer loop
      vertex -46.5482 -40.4318 2.5
      vertex -46.5482 -46.5482 2.5
      vertex -46.2337 -46.8333 2.5
    endloop
  endfacet
  facet normal -0 0 1
    outer loop
      vertex -46.8333 -40.7463 2.5
      vertex -46.5482 -46.5482 2.5
      vertex -46.5482 -40.4318 2.5
    endloop
  endfacet
  facet normal 0 0 1
    outer loop
      vertex -46.8333 -40.7463 2.5
      vertex -46.8333 -46.2337 2.5
      vertex -46.5482 -46.5482 2.5
    endloop
  endfacet
  facet normal -0 0 1
    outer loop
      vertex -47.0861 -41.0872 2.5
      vertex -46.8333 -46.2337 2.5
      vertex -46.8333 -40.7463 2.5
    endloop
  endfacet
  facet normal 0 0 1
    outer loop
      vertex -47.0861 -41.0872 2.5
      vertex -47.0861 -45.8928 2.5
      vertex -46.8333 -46.2337 2.5
    endloop
  endfacet
  facet normal -0 0 1
    outer loop
      vertex -47.3043 -41.4512 2.5
      vertex -47.0861 -45.8928 2.5
      vertex -47.0861 -41.0872 2.5
    endloop
  endfacet
  facet normal 0 0 1
    outer loop
      vertex -47.3043 -41.4512 2.5
      vertex -47.3043 -45.5288 2.5
      vertex -47.0861 -45.8928 2.5
    endloop
  endfacet
  facet normal -0 0 1
    outer loop
      vertex -47.4858 -41.8349 2.5
      vertex -47.3043 -45.5288 2.5
      vertex -47.3043 -41.4512 2.5
    endloop
  endfacet
  facet normal 0 0 1
    outer loop
      vertex -47.4858 -41.8349 2.5
      vertex -47.4858 -45.1451 2.5
      vertex -47.3043 -45.5288 2.5
    endloop
  endfacet
  facet normal -0 0 1
    outer loop
      vertex -47.6288 -42.2345 2.5
      vertex -47.4858 -45.1451 2.5
      vertex -47.4858 -41.8349 2.5
    endloop
  endfacet
  facet normal 0 0 1
    outer loop
      vertex -47.6288 -42.2345 2.5
      vertex -47.6288 -44.7455 2.5
      vertex -47.4858 -45.1451 2.5
    endloop
  endfacet
  facet normal -0 0 1
    outer loop
      vertex -47.7319 -42.6462 2.5
      vertex -47.6288 -44.7455 2.5
      vertex -47.6288 -42.2345 2.5
    endloop
  endfacet
  facet normal 0 0 1
    outer loop
      vertex -47.7319 -42.6462 2.5
      vertex -47.7319 -44.3338 2.5
      vertex -47.6288 -44.7455 2.5
    endloop
  endfacet
  facet normal -0 0 1
    outer loop
      vertex -47.7942 -43.0661 2.5
      vertex -47.7319 -44.3338 2.5
      vertex -47.7319 -42.6462 2.5
    endloop
  endfacet
  facet normal 0 0 1
    outer loop
      vertex -47.7942 -43.0661 2.5
      vertex -47.7942 -43.9139 2.5
      vertex -47.7319 -44.3338 2.5
    endloop
  endfacet
  facet normal 0 -0 1
    outer loop
      vertex -47.7942 -43.9139 2.5
      vertex -47.7942 -43.0661 2.5
      vertex -47.815 -43.49 2.5
    endloop
  endfacet
  facet normal -0.0471691 0.0069911 -0.998862
    outer loop
      vertex -17.4168 -10.4168 -1.25
      vertex -48.7127 -42.9756 0
      vertex -48.6372 -42.4662 0
    endloop
  endfacet
  facet normal 0.0223237 0.0202287 0.999546
    outer loop
      vertex -21 -21 1.70054
      vertex -38.6283 -39.3355 2.46532
      vertex -20.7412 -21 1.69476
    endloop
  endfacet
  facet normal 0.0223232 0.0202292 0.999546
    outer loop
      vertex -38.6283 -39.3355 2.46532
      vertex -21 -21 1.70054
      vertex -38.9645 -38.9645 2.46532
    endloop
  endfacet
  facet normal 0.022317 0.0202389 0.999546
    outer loop
      vertex -15.7778 -15.7778 1.47823
      vertex -14.1774 -14.2716 1.412
      vertex -14.2222 -14.2222 1.412
    endloop
  endfacet
  facet normal 0.022344 0.0202102 0.999546
    outer loop
      vertex -14.1774 -14.2716 1.412
      vertex -15.7778 -15.7778 1.47823
      vertex -15.7082 -15.8409 1.47795
    endloop
  endfacet
  facet normal -0.0629693 0.0225308 -0.997761
    outer loop
      vertex -17.4168 -10.4168 -1.25
      vertex -48.512 -41.9666 0
      vertex -48.3385 -41.4817 0
    endloop
  endfacet
  facet normal -0.100404 0.0601698 -0.993126
    outer loop
      vertex -17.4168 -10.4168 -1.25
      vertex -48.1183 -41.0161 0
      vertex -47.8536 -40.5744 0
    endloop
  endfacet
  facet normal -0.348201 0.315625 -0.882687
    outer loop
      vertex -17.4168 -10.4168 -1.25
      vertex -47.5468 -40.1607 0
      vertex -47.2009 -39.7791 0
    endloop
  endfacet
  facet normal -0.0354517 -0.00525443 -0.999358
    outer loop
      vertex -48.6372 -44.5138 0
      vertex -48.7127 -44.0044 0
      vertex -17.4168 -17.4168 -1.25
    endloop
  endfacet
  facet normal -0.0393463 0.0832461 0.995752
    outer loop
      vertex -21 -13.9872 1.4069
      vertex -43.9786 -37.114 2.43235
      vertex -21 -14.0183 1.4095
    endloop
  endfacet
  facet normal -0.0394054 0.0833046 0.995745
    outer loop
      vertex -21 -13.9872 1.4069
      vertex -44.1173 -37.1208 2.42743
      vertex -43.9786 -37.114 2.43235
    endloop
  endfacet
  facet normal -0.0394006 0.0832998 0.995745
    outer loop
      vertex -44.1173 -37.1208 2.42743
      vertex -21 -13.9872 1.4069
      vertex -44.2342 -37.1382 2.42426
    endloop
  endfacet
  facet normal -0.0240578 -0.0178413 -0.999551
    outer loop
      vertex -47.5468 -46.8193 0
      vertex -47.8536 -46.4056 0
      vertex -17.4168 -17.4168 -1.25
    endloop
  endfacet
  facet normal -0.0282651 -0.0133676 -0.999511
    outer loop
      vertex -48.1183 -45.9639 0
      vertex -48.3385 -45.4983 0
      vertex -17.4168 -17.4168 -1.25
    endloop
  endfacet
  facet normal -0.0156612 -0.0261335 -0.999536
    outer loop
      vertex -45.9639 -48.1183 0
      vertex -46.4056 -47.8536 0
      vertex -17.4168 -17.4168 -1.25
    endloop
  endfacet
  facet normal -0.0199458 -0.0220044 -0.999559
    outer loop
      vertex -46.8193 -47.5468 0
      vertex -47.2009 -47.2009 0
      vertex -17.4168 -17.4168 -1.25
    endloop
  endfacet
  facet normal -0.00823634 -0.0328664 -0.999426
    outer loop
      vertex -44.5138 -48.6372 0
      vertex -45.0134 -48.512 0
      vertex -17.4168 -17.4168 -1.25
    endloop
  endfacet
  facet normal 0.0433554 0 0.99906
    outer loop
      vertex -13.9053 -14.8922 1.40671
      vertex -13.9053 -15.1078 1.40671
      vertex -13.9 -15 1.40648
    endloop
  endfacet
  facet normal 0.0455224 0 0.998963
    outer loop
      vertex -13.9211 -14.7854 1.40743
      vertex -13.9053 -15.1078 1.40671
      vertex -13.9053 -14.8922 1.40671
    endloop
  endfacet
  facet normal 0.0455224 0 0.998963
    outer loop
      vertex -13.9211 -14.7854 1.40743
      vertex -13.9211 -15.2146 1.40743
      vertex -13.9053 -15.1078 1.40671
    endloop
  endfacet
  facet normal 0.0480527 0.000908662 0.998844
    outer loop
      vertex -13.9643 -14.6334 1.40937
      vertex -13.9211 -14.7854 1.40743
      vertex -13.9474 -14.6807 1.4086
    endloop
  endfacet
  facet normal 0.0448622 0 0.998993
    outer loop
      vertex -13.9211 -14.7854 1.40743
      vertex -13.9643 -14.6334 1.40937
      vertex -13.9211 -15.2146 1.40743
    endloop
  endfacet
  facet normal 0.0445385 -2.4107e-05 0.999008
    outer loop
      vertex -13.9211 -15.2146 1.40743
      vertex -13.9643 -14.6334 1.40937
      vertex -13.9474 -15.3193 1.4086
    endloop
  endfacet
  facet normal 0.0451577 -8.81997e-06 0.99898
    outer loop
      vertex -13.9643 -14.6334 1.40937
      vertex -13.9837 -15.421 1.41024
      vertex -13.9474 -15.3193 1.4086
    endloop
  endfacet
  facet normal 0.0447581 1.04256e-06 0.998998
    outer loop
      vertex -13.9643 -14.6334 1.40937
      vertex -14.0299 -15.5185 1.41231
      vertex -13.9837 -15.421 1.41024
    endloop
  endfacet
  facet normal 0.0448265 -4.03789e-06 0.998995
    outer loop
      vertex -13.9643 -14.6334 1.40937
      vertex -14.0854 -15.6111 1.4148
      vertex -14.0299 -15.5185 1.41231
    endloop
  endfacet
  facet normal 0.0449215 -1.58338e-05 0.998991
    outer loop
      vertex -13.9643 -14.6334 1.40937
      vertex -14.1497 -15.6978 1.41769
      vertex -14.0854 -15.6111 1.4148
    endloop
  endfacet
  facet normal 0.0449414 -1.92949e-05 0.99899
    outer loop
      vertex -13.9643 -14.6334 1.40937
      vertex -14.2222 -15.7778 1.42095
      vertex -14.1497 -15.6978 1.41769
    endloop
  endfacet
  facet normal 0.0448232 7.3909e-06 0.998995
    outer loop
      vertex -13.9643 -14.6334 1.40937
      vertex -14.3022 -15.8503 1.42454
      vertex -14.2222 -15.7778 1.42095
    endloop
  endfacet
  facet normal 0.0449599 -3.06571e-05 0.998989
    outer loop
      vertex -13.9643 -14.6334 1.40937
      vertex -14.3889 -15.9146 1.42844
      vertex -14.3022 -15.8503 1.42454
    endloop
  endfacet
  facet normal 0.044882 -4.77042e-06 0.998992
    outer loop
      vertex -13.9643 -14.6334 1.40937
      vertex -14.4815 -15.9701 1.4326
      vertex -14.3889 -15.9146 1.42844
    endloop
  endfacet
  facet normal 0.0448796 -3.85767e-06 0.998992
    outer loop
      vertex -13.9643 -14.6334 1.40937
      vertex -14.579 -16.0163 1.43698
      vertex -14.4815 -15.9701 1.4326
    endloop
  endfacet
  facet normal 0.0448945 -1.04857e-05 0.998992
    outer loop
      vertex -13.9643 -14.6334 1.40937
      vertex -14.6807 -16.0526 1.44155
      vertex -14.579 -16.0163 1.43698
    endloop
  endfacet
  facet normal 0.0448408 1.6677e-05 0.998994
    outer loop
      vertex -13.9643 -14.6334 1.40937
      vertex -14.7854 -16.0789 1.44625
      vertex -14.6807 -16.0526 1.44155
    endloop
  endfacet
  facet normal 0.0449011 -1.76335e-05 0.998991
    outer loop
      vertex -13.9643 -14.6334 1.40937
      vertex -14.8922 -16.0947 1.45105
      vertex -14.7854 -16.0789 1.44625
    endloop
  endfacet
  facet normal 0.0448521 1.35372e-05 0.998994
    outer loop
      vertex -13.9643 -14.6334 1.40937
      vertex -15 -16.1 1.45589
      vertex -14.8922 -16.0947 1.45105
    endloop
  endfacet
  facet normal 0.0449037 -2.29878e-05 0.998991
    outer loop
      vertex -15.1842 -16.0834 1.46417
      vertex -15 -16.1 1.45589
      vertex -13.9643 -14.6334 1.40937
    endloop
  endfacet
  facet normal 0.0449926 0.000965549 0.998987
    outer loop
      vertex -15 -16.1 1.45589
      vertex -15.1842 -16.0834 1.46417
      vertex -15.1078 -16.0947 1.46074
    endloop
  endfacet
  facet normal 0.0448769 1.21472e-06 0.998993
    outer loop
      vertex -19.3207 -21 1.64999
      vertex -37.1759 -42.4911 2.45211
      vertex -14.2408 -21 1.42179
    endloop
  endfacet
  facet normal 0.0448654 1.0816e-05 0.998993
    outer loop
      vertex -37.1759 -42.4911 2.45211
      vertex -19.3207 -21 1.64999
      vertex -37.2098 -42.2631 2.45363
    endloop
  endfacet
  facet normal 0.0267139 0.0159961 0.999515
    outer loop
      vertex -14.1348 -14.3223 1.41188
      vertex -15.5574 -15.9468 1.4759
      vertex -14.096 -14.3746 1.41168
    endloop
  endfacet
  facet normal 0.026758 0.0159576 0.999515
    outer loop
      vertex -15.6343 -15.8974 1.47717
      vertex -15.5574 -15.9468 1.4759
      vertex -14.1348 -14.3223 1.41188
    endloop
  endfacet
  facet normal 0.0257758 0.0144275 0.999564
    outer loop
      vertex -15.5574 -15.9468 1.4759
      vertex -15.6343 -15.8974 1.47717
      vertex -15.6111 -15.9146 1.47682
    endloop
  endfacet
  facet normal 0.0266959 0.0160146 0.999515
    outer loop
      vertex -20.4919 -21 1.68866
      vertex -38.0461 -40.1387 2.46416
      vertex -20.2549 -21 1.68233
    endloop
  endfacet
  facet normal 0.0267009 0.0160101 0.999515
    outer loop
      vertex -20.4919 -21 1.68866
      vertex -38.1686 -39.9344 2.46416
      vertex -38.0461 -40.1387 2.46416
    endloop
  endfacet
  facet normal 0.0267053 0.0160059 0.999515
    outer loop
      vertex -38.1686 -39.9344 2.46416
      vertex -20.4919 -21 1.68866
      vertex -38.3212 -39.7285 2.46494
    endloop
  endfacet
  facet normal 0.0127401 0.0275597 0.999539
    outer loop
      vertex -14.4284 -14.0617 1.41142
      vertex -14.3746 -14.096 1.41168
      vertex -14.3889 -14.0854 1.41157
    endloop
  endfacet
  facet normal 0.0137445 0.0291347 0.999481
    outer loop
      vertex -14.4284 -14.0617 1.41142
      vertex -15.9468 -15.5574 1.4759
      vertex -14.3746 -14.096 1.41168
    endloop
  endfacet
  facet normal 0.0137479 0.0291313 0.999481
    outer loop
      vertex -15.9887 -15.4793 1.4742
      vertex -15.9468 -15.5574 1.4759
      vertex -14.4284 -14.0617 1.41142
    endloop
  endfacet
  facet normal 0.0151059 0.0298589 0.99944
    outer loop
      vertex -15.9468 -15.5574 1.4759
      vertex -15.9887 -15.4793 1.4742
      vertex -15.9701 -15.5185 1.47509
    endloop
  endfacet
  facet normal 0.0137705 0.0291085 0.999481
    outer loop
      vertex -40.5604 -37.8044 2.46293
      vertex -21 -20.2549 1.68233
      vertex -21 -20.0324 1.67585
    endloop
  endfacet
  facet normal 0.0137689 0.0291102 0.999481
    outer loop
      vertex -21 -20.2549 1.68233
      vertex -40.4731 -37.8457 2.46293
      vertex -40.1387 -38.0461 2.46416
    endloop
  endfacet
  facet normal 0.0137706 0.0291083 0.999481
    outer loop
      vertex -21 -20.2549 1.68233
      vertex -40.5604 -37.8044 2.46293
      vertex -40.4731 -37.8457 2.46293
    endloop
  endfacet
  facet normal -0.389195 0.429479 0.814908
    outer loop
      vertex -21 -13.9493 1.40038
      vertex -44.5396 -37.1835 2.40308
      vertex -21 -13.953 1.40233
    endloop
  endfacet
  facet normal -0.389211 0.429494 0.814893
    outer loop
      vertex -44.5396 -37.1835 2.40308
      vertex -21 -13.9493 1.40038
      vertex -44.573 -37.1884 2.38971
    endloop
  endfacet
  facet normal -0.0147411 0.0589816 0.99815
    outer loop
      vertex -43.49 -37.09 2.44108
      vertex -21 -14.1096 1.41529
      vertex -21 -14.059 1.4123
    endloop
  endfacet
  facet normal -0.0147623 0.0590023 0.998149
    outer loop
      vertex -21 -14.1096 1.41529
      vertex -43.49 -37.09 2.44108
      vertex -43.3069 -37.099 2.44432
    endloop
  endfacet
  facet normal -0.014803 0.0590418 0.998146
    outer loop
      vertex -43.49 -37.09 2.44108
      vertex -21 -14.059 1.4123
      vertex -43.6663 -37.0987 2.43898
    endloop
  endfacet
  facet normal 0.0202287 0.0223237 0.999546
    outer loop
      vertex -39.3355 -38.6283 2.46532
      vertex -21 -21 1.70054
      vertex -21 -20.7412 1.69476
    endloop
  endfacet
  facet normal 0.0202292 0.0223232 0.999546
    outer loop
      vertex -21 -21 1.70054
      vertex -39.3355 -38.6283 2.46532
      vertex -38.9645 -38.9645 2.46532
    endloop
  endfacet
  facet normal 0.0202389 0.022317 0.999546
    outer loop
      vertex -14.2716 -14.1774 1.412
      vertex -15.7778 -15.7778 1.47823
      vertex -14.2222 -14.2222 1.412
    endloop
  endfacet
  facet normal 0.0202102 0.022344 0.999546
    outer loop
      vertex -15.7778 -15.7778 1.47823
      vertex -14.2716 -14.1774 1.412
      vertex -15.8409 -15.7082 1.47795
    endloop
  endfacet
  facet normal 0.0686131 -0.0245685 0.997341
    outer loop
      vertex -37.0987 -43.6663 2.43898
      vertex -14.0183 -21 1.4095
      vertex -14.059 -21 1.4123
    endloop
  endfacet
  facet normal 0.0685784 -0.024533 0.997344
    outer loop
      vertex -14.0183 -21 1.4095
      vertex -37.0987 -43.6663 2.43898
      vertex -37.114 -43.9786 2.43235
    endloop
  endfacet
  facet normal -0.0328664 -0.00823634 -0.999426
    outer loop
      vertex -48.512 -45.0134 0
      vertex -48.6372 -44.5138 0
      vertex -17.4168 -17.4168 -1.25
    endloop
  endfacet
  facet normal -0.0383111 -0.00188428 -0.999264
    outer loop
      vertex -48.7127 -44.0044 0
      vertex -48.738 -43.49 0
      vertex -17.4168 -17.4168 -1.25
    endloop
  endfacet
  facet normal 0.0114091 0.0317064 0.999432
    outer loop
      vertex -16.0232 -15.4015 1.47213
      vertex -14.4284 -14.0617 1.41142
      vertex -14.4809 -14.0302 1.41102
    endloop
  endfacet
  facet normal 0.0114431 0.031666 0.999433
    outer loop
      vertex -14.4284 -14.0617 1.41142
      vertex -16.0232 -15.4015 1.47213
      vertex -15.9887 -15.4793 1.4742
    endloop
  endfacet
  facet normal 0.0063901 0.0294283 0.999546
    outer loop
      vertex -15.9887 -15.4793 1.4742
      vertex -16.0232 -15.4015 1.47213
      vertex -16.0163 -15.421 1.47266
    endloop
  endfacet
  facet normal 0.0113861 0.0317295 0.999432
    outer loop
      vertex -40.9911 -37.6007 2.46135
      vertex -21 -20.0324 1.67585
      vertex -21 -19.8264 1.66931
    endloop
  endfacet
  facet normal 0.0113562 0.0317635 0.999431
    outer loop
      vertex -21 -20.0324 1.67585
      vertex -40.9911 -37.6007 2.46135
      vertex -40.5604 -37.8044 2.46293
    endloop
  endfacet
  facet normal 0.0832461 -0.0393463 0.995752
    outer loop
      vertex -37.114 -43.9786 2.43235
      vertex -13.9872 -21 1.4069
      vertex -14.0183 -21 1.4095
    endloop
  endfacet
  facet normal 0.0833046 -0.0394054 0.995745
    outer loop
      vertex -37.1208 -44.1173 2.42743
      vertex -13.9872 -21 1.4069
      vertex -37.114 -43.9786 2.43235
    endloop
  endfacet
  facet normal 0.0832998 -0.0394006 0.995745
    outer loop
      vertex -13.9872 -21 1.4069
      vertex -37.1208 -44.1173 2.42743
      vertex -37.1382 -44.2342 2.42426
    endloop
  endfacet
  facet normal 0.429479 -0.389195 0.814908
    outer loop
      vertex -37.1835 -44.5396 2.40308
      vertex -13.9493 -21 1.40038
      vertex -13.953 -21 1.40233
    endloop
  endfacet
  facet normal 0.429494 -0.389211 0.814893
    outer loop
      vertex -13.9493 -21 1.40038
      vertex -37.1835 -44.5396 2.40308
      vertex -37.1884 -44.573 2.38971
    endloop
  endfacet
  facet normal -0.0109111 -0.0304946 -0.999475
    outer loop
      vertex -45.0134 -48.512 0
      vertex -45.4983 -48.3385 0
      vertex -17.4168 -17.4168 -1.25
    endloop
  endfacet
  facet normal 0.00209512 0.0423928 0.999099
    outer loop
      vertex -14.6334 -13.9643 1.40937
      vertex -16.0695 -15.252 1.46702
      vertex -14.5845 -13.9818 1.41001
    endloop
  endfacet
  facet normal 0.0020692 0.0424217 0.999098
    outer loop
      vertex -16.0834 -15.1842 1.46417
      vertex -16.0695 -15.252 1.46702
      vertex -14.6334 -13.9643 1.40937
    endloop
  endfacet
  facet normal 0.00122485 0.0422489 0.999106
    outer loop
      vertex -16.0695 -15.252 1.46702
      vertex -16.0834 -15.1842 1.46417
      vertex -16.0789 -15.2146 1.46545
    endloop
  endfacet
  facet normal 0.0020836 0.0424063 0.999098
    outer loop
      vertex -42.2414 -37.213 2.45372
      vertex -21 -19.4696 1.65631
      vertex -21 -19.3207 1.64999
    endloop
  endfacet
  facet normal 0.00208791 0.0424012 0.999098
    outer loop
      vertex -21 -19.4696 1.65631
      vertex -42.2414 -37.213 2.45372
      vertex -41.856 -37.3095 2.45701
    endloop
  endfacet
  facet normal 0.00210585 0.04238 0.999099
    outer loop
      vertex -42.2414 -37.213 2.45372
      vertex -21 -19.3207 1.64999
      vertex -42.2631 -37.2098 2.45363
    endloop
  endfacet
  facet normal 0.0134879 -0.0538223 -0.998459
    outer loop
      vertex -41.9666 -48.512 0
      vertex -42.4662 -48.6372 0
      vertex -10.4168 -17.4168 -1.25
    endloop
  endfacet
  facet normal 0.0522372 -0.00776928 0.998604
    outer loop
      vertex -14.1702 -21 1.41846
      vertex -37.099 -43.3069 2.44432
      vertex -14.1096 -21 1.41529
    endloop
  endfacet
  facet normal 0.0522133 -0.00774461 0.998606
    outer loop
      vertex -37.099 -43.3069 2.44432
      vertex -14.1702 -21 1.41846
      vertex -37.1186 -42.9078 2.44844
    endloop
  endfacet
  facet normal 0.316999 0.142873 0.937603
    outer loop
      vertex -14.0302 -14.4809 1.41102
      vertex -14.0048 -14.5345 1.4106
      vertex -14.0299 -14.4815 1.41101
    endloop
  endfacet
  facet normal 0.0347965 0.00865863 0.999357
    outer loop
      vertex -15.4015 -16.0232 1.47213
      vertex -14.0048 -14.5345 1.4106
      vertex -14.0302 -14.4809 1.41102
    endloop
  endfacet
  facet normal 0.0348252 0.00863173 0.999356
    outer loop
      vertex -14.0048 -14.5345 1.4106
      vertex -15.4015 -16.0232 1.47213
      vertex -15.3256 -16.0504 1.46972
    endloop
  endfacet
  facet normal 0.0347649 0.008685 0.999358
    outer loop
      vertex -19.8264 -21 1.66931
      vertex -37.4385 -41.4283 2.45952
      vertex -19.6384 -21 1.66277
    endloop
  endfacet
  facet normal 0.0347493 0.00869847 0.999358
    outer loop
      vertex -19.8264 -21 1.66931
      vertex -37.5772 -41.0408 2.46097
      vertex -37.4385 -41.4283 2.45952
    endloop
  endfacet
  facet normal 0.0346821 0.00875802 0.99936
    outer loop
      vertex -37.5772 -41.0408 2.46097
      vertex -19.8264 -21 1.66931
      vertex -37.6007 -40.9911 2.46135
    endloop
  endfacet
  facet normal 0.0423928 0.00209512 0.999099
    outer loop
      vertex -15.252 -16.0695 1.46702
      vertex -13.9643 -14.6334 1.40937
      vertex -13.9818 -14.5845 1.41001
    endloop
  endfacet
  facet normal 0.0424217 0.0020692 0.999098
    outer loop
      vertex -13.9643 -14.6334 1.40937
      vertex -15.252 -16.0695 1.46702
      vertex -15.1842 -16.0834 1.46417
    endloop
  endfacet
  facet normal 0.0422489 0.00122485 0.999106
    outer loop
      vertex -15.1842 -16.0834 1.46417
      vertex -15.252 -16.0695 1.46702
      vertex -15.2146 -16.0789 1.46545
    endloop
  endfacet
  facet normal 0.0424063 0.0020836 0.999098
    outer loop
      vertex -37.213 -42.2414 2.45372
      vertex -19.3207 -21 1.64999
      vertex -19.4696 -21 1.65631
    endloop
  endfacet
  facet normal 0.04238 0.00210585 0.999099
    outer loop
      vertex -19.3207 -21 1.64999
      vertex -37.213 -42.2414 2.45372
      vertex -37.2098 -42.2631 2.45363
    endloop
  endfacet
  facet normal 0.0424012 0.00208791 0.999098
    outer loop
      vertex -37.213 -42.2414 2.45372
      vertex -19.4696 -21 1.65631
      vertex -37.3095 -41.856 2.45701
    endloop
  endfacet
  facet normal 0.017725 0.0239109 0.999557
    outer loop
      vertex -14.3223 -14.1348 1.41188
      vertex -14.2716 -14.1774 1.412
      vertex -14.3022 -14.1497 1.41188
    endloop
  endfacet
  facet normal 0.0181676 0.0244376 0.999536
    outer loop
      vertex -14.3223 -14.1348 1.41188
      vertex -15.8409 -15.7082 1.47795
      vertex -14.2716 -14.1774 1.412
    endloop
  endfacet
  facet normal 0.0181662 0.0244389 0.999536
    outer loop
      vertex -15.8974 -15.6343 1.47717
      vertex -15.8409 -15.7082 1.47795
      vertex -14.3223 -14.1348 1.41188
    endloop
  endfacet
  facet normal 0.0205378 0.0262511 0.999444
    outer loop
      vertex -15.8409 -15.7082 1.47795
      vertex -15.8974 -15.6343 1.47717
      vertex -15.8503 -15.6978 1.47787
    endloop
  endfacet
  facet normal 0.018147 0.0244572 0.999536
    outer loop
      vertex -39.7285 -38.3212 2.46494
      vertex -21 -20.7412 1.69476
      vertex -21 -20.4919 1.68866
    endloop
  endfacet
  facet normal 0.0181505 0.0244536 0.999536
    outer loop
      vertex -21 -20.7412 1.69476
      vertex -39.4299 -38.5427 2.46494
      vertex -39.3355 -38.6283 2.46532
    endloop
  endfacet
  facet normal 0.0181443 0.02446 0.999536
    outer loop
      vertex -21 -20.7412 1.69476
      vertex -39.7285 -38.3212 2.46494
      vertex -39.4299 -38.5427 2.46494
    endloop
  endfacet
  facet normal 0.0394922 0.00637584 0.9992
    outer loop
      vertex -14.0048 -14.5345 1.4106
      vertex -13.9818 -14.5845 1.41001
      vertex -13.9837 -14.579 1.41005
    endloop
  endfacet
  facet normal 0.0381291 0.00574816 0.999256
    outer loop
      vertex -14.0048 -14.5345 1.4106
      vertex -15.252 -16.0695 1.46702
      vertex -13.9818 -14.5845 1.41001
    endloop
  endfacet
  facet normal 0.0381457 0.00573466 0.999256
    outer loop
      vertex -15.3256 -16.0504 1.46972
      vertex -15.252 -16.0695 1.46702
      vertex -14.0048 -14.5345 1.4106
    endloop
  endfacet
  facet normal 0.0417444 0.0196472 0.998935
    outer loop
      vertex -15.252 -16.0695 1.46702
      vertex -15.3256 -16.0504 1.46972
      vertex -15.3193 -16.0526 1.4695
    endloop
  endfacet
  facet normal 0.0382415 0.00565191 0.999253
    outer loop
      vertex -19.6384 -21 1.66277
      vertex -37.3095 -41.856 2.45701
      vertex -19.4696 -21 1.65631
    endloop
  endfacet
  facet normal 0.038237 0.00565574 0.999253
    outer loop
      vertex -19.6384 -21 1.66277
      vertex -37.3656 -41.6322 2.45789
      vertex -37.3095 -41.856 2.45701
    endloop
  endfacet
  facet normal 0.0382149 0.00567476 0.999253
    outer loop
      vertex -37.3656 -41.6322 2.45789
      vertex -19.6384 -21 1.66277
      vertex -37.4385 -41.4283 2.45952
    endloop
  endfacet
  facet normal -0.0245685 0.0686131 0.997341
    outer loop
      vertex -21 -14.0183 1.4095
      vertex -43.6663 -37.0987 2.43898
      vertex -21 -14.059 1.4123
    endloop
  endfacet
  facet normal -0.024533 0.0685784 0.997344
    outer loop
      vertex -43.6663 -37.0987 2.43898
      vertex -21 -14.0183 1.4095
      vertex -43.9786 -37.114 2.43235
    endloop
  endfacet
  facet normal -0.0654198 0.109242 0.99186
    outer loop
      vertex -21 -13.9655 1.40451
      vertex -44.2342 -37.1382 2.42426
      vertex -21 -13.9872 1.4069
    endloop
  endfacet
  facet normal -0.0654741 0.109296 0.991851
    outer loop
      vertex -44.2342 -37.1382 2.42426
      vertex -21 -13.9655 1.40451
      vertex -44.4269 -37.1667 2.41468
    endloop
  endfacet
  facet normal -0.00776928 0.0522372 0.998604
    outer loop
      vertex -43.3069 -37.099 2.44432
      vertex -21 -14.1702 1.41846
      vertex -21 -14.1096 1.41529
    endloop
  endfacet
  facet normal -0.00774461 0.0522133 0.998606
    outer loop
      vertex -21 -14.1702 1.41846
      vertex -43.3069 -37.099 2.44432
      vertex -42.9078 -37.1186 2.44844
    endloop
  endfacet
  facet normal 0.109242 -0.0654198 0.99186
    outer loop
      vertex -37.1382 -44.2342 2.42426
      vertex -13.9655 -21 1.40451
      vertex -13.9872 -21 1.4069
    endloop
  endfacet
  facet normal 0.109296 -0.0654741 0.991851
    outer loop
      vertex -13.9655 -21 1.40451
      vertex -37.1382 -44.2342 2.42426
      vertex -37.1667 -44.4269 2.41468
    endloop
  endfacet
  facet normal 0.112766 -0.152058 -0.981918
    outer loop
      vertex -40.1607 -47.5468 0
      vertex -40.5744 -47.8536 0
      vertex -10.4168 -17.4168 -1.25
    endloop
  endfacet
  facet normal 0.0362934 -0.0767402 -0.99639
    outer loop
      vertex -41.0161 -48.1183 0
      vertex -41.4817 -48.3385 0
      vertex -10.4168 -17.4168 -1.25
    endloop
  endfacet
  facet normal 0.0275597 0.0127401 0.999539
    outer loop
      vertex -14.096 -14.3746 1.41168
      vertex -14.0617 -14.4284 1.41142
      vertex -14.0854 -14.3889 1.41157
    endloop
  endfacet
  facet normal 0.0291349 0.0137446 0.999481
    outer loop
      vertex -14.096 -14.3746 1.41168
      vertex -15.4793 -15.9887 1.4742
      vertex -14.0617 -14.4284 1.41142
    endloop
  endfacet
  facet normal 0.0291312 0.0137478 0.999481
    outer loop
      vertex -15.5574 -15.9468 1.4759
      vertex -15.4793 -15.9887 1.4742
      vertex -14.096 -14.3746 1.41168
    endloop
  endfacet
  facet normal 0.0298589 0.0151059 0.99944
    outer loop
      vertex -15.4793 -15.9887 1.4742
      vertex -15.5574 -15.9468 1.4759
      vertex -15.5185 -15.9701 1.47509
    endloop
  endfacet
  facet normal 0.0291085 0.0137705 0.999481
    outer loop
      vertex -20.2549 -21 1.68233
      vertex -37.8044 -40.5604 2.46293
      vertex -20.0324 -21 1.67585
    endloop
  endfacet
  facet normal 0.0291083 0.0137706 0.999481
    outer loop
      vertex -20.2549 -21 1.68233
      vertex -37.8457 -40.4731 2.46293
      vertex -37.8044 -40.5604 2.46293
    endloop
  endfacet
  facet normal 0.0291102 0.0137689 0.999481
    outer loop
      vertex -37.8457 -40.4731 2.46293
      vertex -20.2549 -21 1.68233
      vertex -38.0461 -40.1387 2.46416
    endloop
  endfacet
  facet normal 0.0069911 -0.0471691 -0.998862
    outer loop
      vertex -42.4662 -48.6372 0
      vertex -42.9756 -48.7127 0
      vertex -10.4168 -17.4168 -1.25
    endloop
  endfacet
  facet normal -0.00239056 0.0471146 0.998887
    outer loop
      vertex -42.9078 -37.1186 2.44844
      vertex -21 -14.2408 1.42179
      vertex -21 -14.1702 1.41846
    endloop
  endfacet
  facet normal -0.00232411 0.0470512 0.99889
    outer loop
      vertex -21 -14.2408 1.42179
      vertex -42.8627 -37.1208 2.44865
      vertex -42.4911 -37.1759 2.45211
    endloop
  endfacet
  facet normal -0.00235455 0.0470802 0.998888
    outer loop
      vertex -21 -14.2408 1.42179
      vertex -42.9078 -37.1186 2.44844
      vertex -42.8627 -37.1208 2.44865
    endloop
  endfacet
  facet normal -0.126645 0.170423 0.977199
    outer loop
      vertex -21 -13.953 1.40233
      vertex -44.4269 -37.1667 2.41468
      vertex -21 -13.9655 1.40451
    endloop
  endfacet
  facet normal -0.125898 0.16968 0.977424
    outer loop
      vertex -44.4269 -37.1667 2.41468
      vertex -21 -13.953 1.40233
      vertex -44.5396 -37.1835 2.40308
    endloop
  endfacet
  facet normal 0.00206856 -0.0420579 -0.999113
    outer loop
      vertex -42.9756 -48.7127 0
      vertex -43.49 -48.738 0
      vertex -10.4168 -17.4168 -1.25
    endloop
  endfacet
  facet normal 0 0 -1
    outer loop
      vertex 10.4168 -17.4168 -1.25
      vertex 17.4168 -10.4168 -1.25
      vertex 17.4168 -17.4168 -1.25
    endloop
  endfacet
  facet normal -0 0 -1
    outer loop
      vertex 17.4168 -10.4168 -1.25
      vertex 10.4168 -17.4168 -1.25
      vertex 10.4168 -10.4168 -1.25
    endloop
  endfacet
  facet normal -0.0449926 0.000965549 0.998987
    outer loop
      vertex 15.1842 -16.0834 1.46417
      vertex 15 -16.1 1.45589
      vertex 15.1078 -16.0947 1.46074
    endloop
  endfacet
  facet normal -0.0448715 -0.00038143 0.998993
    outer loop
      vertex 15.1842 -16.0834 1.46417
      vertex 14.8922 -16.0947 1.45105
      vertex 15 -16.1 1.45589
    endloop
  endfacet
  facet normal -0.0448888 6.59079e-05 0.998992
    outer loop
      vertex 15.1842 -16.0834 1.46417
      vertex 14.7854 -16.0789 1.44625
      vertex 14.8922 -16.0947 1.45105
    endloop
  endfacet
  facet normal -0.0448916 -0.000185891 0.998992
    outer loop
      vertex 15.1842 -16.0834 1.46417
      vertex 14.6807 -16.0526 1.44155
      vertex 14.7854 -16.0789 1.44625
    endloop
  endfacet
  facet normal -0.0448781 3.56861e-05 0.998992
    outer loop
      vertex 15.1842 -16.0834 1.46417
      vertex 14.579 -16.0163 1.43698
      vertex 14.6807 -16.0526 1.44155
    endloop
  endfacet
  facet normal -0.0448833 -1.1614e-05 0.998992
    outer loop
      vertex 15.1842 -16.0834 1.46417
      vertex 14.4815 -15.9701 1.4326
      vertex 14.579 -16.0163 1.43698
    endloop
  endfacet
  facet normal -0.0448823 -5.25633e-06 0.998992
    outer loop
      vertex 15.1842 -16.0834 1.46417
      vertex 14.3889 -15.9146 1.42844
      vertex 14.4815 -15.9701 1.4326
    endloop
  endfacet
  facet normal -0.0448587 0.000106159 0.998993
    outer loop
      vertex 15.1842 -16.0834 1.46417
      vertex 14.3022 -15.8503 1.42454
      vertex 14.3889 -15.9146 1.42844
    endloop
  endfacet
  facet normal -0.0449101 -8.86581e-05 0.998991
    outer loop
      vertex 15.1842 -16.0834 1.46417
      vertex 14.2222 -15.7778 1.42095
      vertex 14.3022 -15.8503 1.42454
    endloop
  endfacet
  facet normal -0.0448665 4.867e-05 0.998993
    outer loop
      vertex 15.1842 -16.0834 1.46417
      vertex 14.1497 -15.6978 1.41769
      vertex 14.2222 -15.7778 1.42095
    endloop
  endfacet
  facet normal -0.0448787 1.60246e-05 0.998992
    outer loop
      vertex 15.1842 -16.0834 1.46417
      vertex 14.0854 -15.6111 1.4148
      vertex 14.1497 -15.6978 1.41769
    endloop
  endfacet
  facet normal -0.0449084 -5.32055e-05 0.998991
    outer loop
      vertex 15.1842 -16.0834 1.46417
      vertex 14.0299 -15.5185 1.41231
      vertex 14.0854 -15.6111 1.4148
    endloop
  endfacet
  facet normal -0.0449192 -7.54739e-05 0.998991
    outer loop
      vertex 15.1842 -16.0834 1.46417
      vertex 13.9837 -15.421 1.41024
      vertex 14.0299 -15.5185 1.41231
    endloop
  endfacet
  facet normal -0.0448788 -1.93551e-06 0.998992
    outer loop
      vertex 13.9643 -14.6334 1.40937
      vertex 13.9837 -15.421 1.41024
      vertex 15.1842 -16.0834 1.46417
    endloop
  endfacet
  facet normal -0.0480527 0.000908662 0.998844
    outer loop
      vertex 13.9211 -14.7854 1.40743
      vertex 13.9643 -14.6334 1.40937
      vertex 13.9474 -14.6807 1.4086
    endloop
  endfacet
  facet normal -0.0451577 -8.81997e-06 0.99898
    outer loop
      vertex 13.9643 -14.6334 1.40937
      vertex 13.9474 -15.3193 1.4086
      vertex 13.9837 -15.421 1.41024
    endloop
  endfacet
  facet normal -0.0448002 -1.76454e-05 0.998996
    outer loop
      vertex 13.9643 -14.6334 1.40937
      vertex 13.9211 -14.7854 1.40743
      vertex 13.9474 -15.3193 1.4086
    endloop
  endfacet
  facet normal -0.0444427 0 0.999012
    outer loop
      vertex 13.9211 -14.7854 1.40743
      vertex 13.9211 -15.2146 1.40743
      vertex 13.9474 -15.3193 1.4086
    endloop
  endfacet
  facet normal -0.0455224 0 0.998963
    outer loop
      vertex 13.9053 -14.8922 1.40671
      vertex 13.9211 -15.2146 1.40743
      vertex 13.9211 -14.7854 1.40743
    endloop
  endfacet
  facet normal -0.0455224 0 0.998963
    outer loop
      vertex 13.9053 -14.8922 1.40671
      vertex 13.9053 -15.1078 1.40671
      vertex 13.9211 -15.2146 1.40743
    endloop
  endfacet
  facet normal -0.0433554 0 0.99906
    outer loop
      vertex 13.9053 -15.1078 1.40671
      vertex 13.9053 -14.8922 1.40671
      vertex 13.9 -15 1.40648
    endloop
  endfacet
  facet normal -0.0448654 1.0816e-05 0.998993
    outer loop
      vertex 19.3207 -21 1.64999
      vertex 37.1759 -42.4911 2.45211
      vertex 37.2098 -42.2631 2.45363
    endloop
  endfacet
  facet normal -0.0448769 1.21472e-06 0.998993
    outer loop
      vertex 37.1759 -42.4911 2.45211
      vertex 19.3207 -21 1.64999
      vertex 14.2408 -21 1.42179
    endloop
  endfacet
  facet normal 0 -0.0398773 -0.999205
    outer loop
      vertex 43.49 -48.738 0
      vertex 10.4168 -17.4168 -1.25
      vertex 17.4168 -17.4168 -1.25
    endloop
  endfacet
  facet normal 0.0471691 0.0069911 -0.998862
    outer loop
      vertex 48.7127 -42.9756 0
      vertex 17.4168 -10.4168 -1.25
      vertex 48.6372 -42.4662 0
    endloop
  endfacet
  facet normal -0.0422489 0.00122485 0.999106
    outer loop
      vertex 15.252 -16.0695 1.46702
      vertex 15.1842 -16.0834 1.46417
      vertex 15.2146 -16.0789 1.46545
    endloop
  endfacet
  facet normal -0.0423928 0.00209512 0.999099
    outer loop
      vertex 13.9643 -14.6334 1.40937
      vertex 15.252 -16.0695 1.46702
      vertex 13.9818 -14.5845 1.41001
    endloop
  endfacet
  facet normal -0.0424217 0.0020692 0.999098
    outer loop
      vertex 15.252 -16.0695 1.46702
      vertex 13.9643 -14.6334 1.40937
      vertex 15.1842 -16.0834 1.46417
    endloop
  endfacet
  facet normal -0.0424012 0.00208791 0.999098
    outer loop
      vertex 19.4696 -21 1.65631
      vertex 37.213 -42.2414 2.45372
      vertex 37.3095 -41.856 2.45701
    endloop
  endfacet
  facet normal -0.0424063 0.0020836 0.999098
    outer loop
      vertex 19.3207 -21 1.64999
      vertex 37.213 -42.2414 2.45372
      vertex 19.4696 -21 1.65631
    endloop
  endfacet
  facet normal -0.04238 0.00210585 0.999099
    outer loop
      vertex 37.213 -42.2414 2.45372
      vertex 19.3207 -21 1.64999
      vertex 37.2098 -42.2631 2.45363
    endloop
  endfacet
  facet normal 0.0420579 0.00206856 -0.999113
    outer loop
      vertex 48.738 -43.49 0
      vertex 17.4168 -10.4168 -1.25
      vertex 48.7127 -42.9756 0
    endloop
  endfacet
  facet normal 0 1 -0
    outer loop
      vertex 17.4168 -10.4168 -1.25
      vertex 10.4168 -10.4168 0
      vertex 17.4168 -10.4168 0
    endloop
  endfacet
  facet normal 0 1 0
    outer loop
      vertex 10.4168 -10.4168 0
      vertex 17.4168 -10.4168 -1.25
      vertex 10.4168 -10.4168 -1.25
    endloop
  endfacet
  facet normal 0.0398773 0 -0.999205
    outer loop
      vertex 48.738 -43.49 0
      vertex 17.4168 -17.4168 -1.25
      vertex 17.4168 -10.4168 -1.25
    endloop
  endfacet
  facet normal -1 0 0
    outer loop
      vertex 10.4168 -17.4168 -1.25
      vertex 10.4168 -10.4168 0
      vertex 10.4168 -10.4168 -1.25
    endloop
  endfacet
  facet normal -1 -0 0
    outer loop
      vertex 10.4168 -10.4168 0
      vertex 10.4168 -17.4168 -1.25
      vertex 10.4168 -17.4168 0
    endloop
  endfacet
  facet normal 0.0654741 0.109296 0.991851
    outer loop
      vertex 21 -13.9655 1.40451
      vertex 44.2342 -37.1382 2.42426
      vertex 44.4269 -37.1667 2.41468
    endloop
  endfacet
  facet normal 0.0654198 0.109242 0.99186
    outer loop
      vertex 44.2342 -37.1382 2.42426
      vertex 21 -13.9655 1.40451
      vertex 21 -13.9872 1.4069
    endloop
  endfacet
  facet normal 0.0156612 -0.0261335 -0.999536
    outer loop
      vertex 45.9639 -48.1183 0
      vertex 17.4168 -17.4168 -1.25
      vertex 46.4056 -47.8536 0
    endloop
  endfacet
  facet normal -0.112766 -0.152058 -0.981918
    outer loop
      vertex 40.1607 -47.5468 0
      vertex 10.4168 -17.4168 -1.25
      vertex 40.5744 -47.8536 0
    endloop
  endfacet
  facet normal -0.0832461 -0.0393463 0.995752
    outer loop
      vertex 13.9872 -21 1.4069
      vertex 37.114 -43.9786 2.43235
      vertex 14.0183 -21 1.4095
    endloop
  endfacet
  facet normal -0.0833046 -0.0394054 0.995745
    outer loop
      vertex 37.114 -43.9786 2.43235
      vertex 13.9872 -21 1.4069
      vertex 37.1208 -44.1173 2.42743
    endloop
  endfacet
  facet normal -0.0832998 -0.0394006 0.995745
    outer loop
      vertex 37.1208 -44.1173 2.42743
      vertex 13.9872 -21 1.4069
      vertex 37.1382 -44.2342 2.42426
    endloop
  endfacet
  facet normal 0.0328664 -0.00823634 -0.999426
    outer loop
      vertex 48.512 -45.0134 0
      vertex 17.4168 -17.4168 -1.25
      vertex 48.6372 -44.5138 0
    endloop
  endfacet
  facet normal -0.00206856 -0.0420579 -0.999113
    outer loop
      vertex 42.9756 -48.7127 0
      vertex 10.4168 -17.4168 -1.25
      vertex 43.49 -48.738 0
    endloop
  endfacet
  facet normal -0.170423 -0.126645 0.977199
    outer loop
      vertex 13.953 -21 1.40233
      vertex 37.1667 -44.4269 2.41468
      vertex 13.9655 -21 1.40451
    endloop
  endfacet
  facet normal -0.16968 -0.125898 0.977424
    outer loop
      vertex 37.1667 -44.4269 2.41468
      vertex 13.953 -21 1.40233
      vertex 37.1835 -44.5396 2.40308
    endloop
  endfacet
  facet normal -0.0522133 -0.00774461 0.998606
    outer loop
      vertex 14.1702 -21 1.41846
      vertex 37.099 -43.3069 2.44432
      vertex 37.1186 -42.9078 2.44844
    endloop
  endfacet
  facet normal -0.0522372 -0.00776928 0.998604
    outer loop
      vertex 37.099 -43.3069 2.44432
      vertex 14.1702 -21 1.41846
      vertex 14.1096 -21 1.41529
    endloop
  endfacet
  facet normal 0.024533 0.0685784 0.997344
    outer loop
      vertex 21 -14.0183 1.4095
      vertex 43.6663 -37.0987 2.43898
      vertex 43.9786 -37.114 2.43235
    endloop
  endfacet
  facet normal 0.0245685 0.0686131 0.997341
    outer loop
      vertex 43.6663 -37.0987 2.43898
      vertex 21 -14.0183 1.4095
      vertex 21 -14.059 1.4123
    endloop
  endfacet
  facet normal 0.348201 0.315625 -0.882687
    outer loop
      vertex 47.5468 -40.1607 0
      vertex 17.4168 -10.4168 -1.25
      vertex 47.2009 -39.7791 0
    endloop
  endfacet
  facet normal 0.0282651 -0.0133676 -0.999511
    outer loop
      vertex 48.1183 -45.9639 0
      vertex 17.4168 -17.4168 -1.25
      vertex 48.3385 -45.4983 0
    endloop
  endfacet
  facet normal -0.0362934 -0.0767402 -0.99639
    outer loop
      vertex 41.0161 -48.1183 0
      vertex 10.4168 -17.4168 -1.25
      vertex 41.4817 -48.3385 0
    endloop
  endfacet
  facet normal -0.429479 -0.389195 0.814908
    outer loop
      vertex 13.9493 -21 1.40038
      vertex 37.1835 -44.5396 2.40308
      vertex 13.953 -21 1.40233
    endloop
  endfacet
  facet normal -0.429494 -0.389211 0.814893
    outer loop
      vertex 37.1835 -44.5396 2.40308
      vertex 13.9493 -21 1.40038
      vertex 37.1884 -44.573 2.38971
    endloop
  endfacet
  facet normal -0.712127 -0.702051 0
    outer loop
      vertex 10.4168 -17.4168 -1.25
      vertex 13.9493 -21 0
      vertex 10.4168 -17.4168 0
    endloop
  endfacet
  facet normal -0.712132 -0.702045 0
    outer loop
      vertex 13.9493 -21 0
      vertex 37.1884 -44.573 0
      vertex 13.9493 -21 1.40038
    endloop
  endfacet
  facet normal -0.712132 -0.702045 3.09197e-05
    outer loop
      vertex 10.4168 -17.4168 -1.25
      vertex 37.1884 -44.573 0
      vertex 13.9493 -21 0
    endloop
  endfacet
  facet normal -0.712129 -0.702048 -0.000103994
    outer loop
      vertex 37.1884 -44.573 0
      vertex 10.4168 -17.4168 -1.25
      vertex 39.7791 -47.2009 0
    endloop
  endfacet
  facet normal -0.712132 -0.702045 0
    outer loop
      vertex 13.9493 -21 1.40038
      vertex 37.1884 -44.573 0
      vertex 37.1884 -44.573 2.38971
    endloop
  endfacet
  facet normal -0.109242 -0.0654198 0.99186
    outer loop
      vertex 13.9655 -21 1.40451
      vertex 37.1382 -44.2342 2.42426
      vertex 13.9872 -21 1.4069
    endloop
  endfacet
  facet normal -0.109296 -0.0654741 0.991851
    outer loop
      vertex 37.1382 -44.2342 2.42426
      vertex 13.9655 -21 1.40451
      vertex 37.1667 -44.4269 2.41468
    endloop
  endfacet
  facet normal -0.00863173 0.0348252 0.999356
    outer loop
      vertex 14.5345 -14.0048 1.4106
      vertex 16.0232 -15.4015 1.47213
      vertex 16.0504 -15.3256 1.46972
    endloop
  endfacet
  facet normal -0.142873 0.316999 0.937603
    outer loop
      vertex 14.4809 -14.0302 1.41102
      vertex 14.5345 -14.0048 1.4106
      vertex 14.4815 -14.0299 1.41101
    endloop
  endfacet
  facet normal -0.00865863 0.0347965 0.999357
    outer loop
      vertex 14.5345 -14.0048 1.4106
      vertex 14.4809 -14.0302 1.41102
      vertex 16.0232 -15.4015 1.47213
    endloop
  endfacet
  facet normal -0.008685 0.0347649 0.999358
    outer loop
      vertex 21 -19.8264 1.66931
      vertex 41.4283 -37.4385 2.45952
      vertex 21 -19.6384 1.66277
    endloop
  endfacet
  facet normal -0.00869847 0.0347493 0.999358
    outer loop
      vertex 41.4283 -37.4385 2.45952
      vertex 21 -19.8264 1.66931
      vertex 41.0408 -37.5772 2.46097
    endloop
  endfacet
  facet normal -0.00875802 0.0346821 0.99936
    outer loop
      vertex 41.0408 -37.5772 2.46097
      vertex 21 -19.8264 1.66931
      vertex 40.9911 -37.6007 2.46135
    endloop
  endfacet
  facet normal -0.0686131 -0.0245685 0.997341
    outer loop
      vertex 14.0183 -21 1.4095
      vertex 37.0987 -43.6663 2.43898
      vertex 14.059 -21 1.4123
    endloop
  endfacet
  facet normal -0.0685784 -0.024533 0.997344
    outer loop
      vertex 37.0987 -43.6663 2.43898
      vertex 14.0183 -21 1.4095
      vertex 37.114 -43.9786 2.43235
    endloop
  endfacet
  facet normal 0.014803 0.0590418 0.998146
    outer loop
      vertex 21 -14.059 1.4123
      vertex 43.49 -37.09 2.44108
      vertex 43.6663 -37.0987 2.43898
    endloop
  endfacet
  facet normal 0.0147411 0.0589816 0.99815
    outer loop
      vertex 21 -14.1096 1.41529
      vertex 43.49 -37.09 2.44108
      vertex 21 -14.059 1.4123
    endloop
  endfacet
  facet normal 0.0147623 0.0590023 0.998149
    outer loop
      vertex 43.49 -37.09 2.44108
      vertex 21 -14.1096 1.41529
      vertex 43.3069 -37.099 2.44432
    endloop
  endfacet
  facet normal -0.0470512 -0.00232411 0.99889
    outer loop
      vertex 14.2408 -21 1.42179
      vertex 37.1208 -42.8627 2.44865
      vertex 37.1759 -42.4911 2.45211
    endloop
  endfacet
  facet normal -0.0470802 -0.00235455 0.998888
    outer loop
      vertex 14.2408 -21 1.42179
      vertex 37.1186 -42.9078 2.44844
      vertex 37.1208 -42.8627 2.44865
    endloop
  endfacet
  facet normal -0.0471146 -0.00239056 0.998887
    outer loop
      vertex 37.1186 -42.9078 2.44844
      vertex 14.2408 -21 1.42179
      vertex 14.1702 -21 1.41846
    endloop
  endfacet
  facet normal -0.0262511 0.0205378 0.999444
    outer loop
      vertex 15.7082 -15.8409 1.47795
      vertex 15.6343 -15.8974 1.47717
      vertex 15.6978 -15.8503 1.47787
    endloop
  endfacet
  facet normal -0.0244389 0.0181663 0.999536
    outer loop
      vertex 14.1774 -14.2716 1.412
      vertex 15.6343 -15.8974 1.47717
      vertex 15.7082 -15.8409 1.47795
    endloop
  endfacet
  facet normal -0.0239109 0.017725 0.999557
    outer loop
      vertex 14.1348 -14.3223 1.41188
      vertex 14.1774 -14.2716 1.412
      vertex 14.1497 -14.3022 1.41188
    endloop
  endfacet
  facet normal -0.0244375 0.0181675 0.999536
    outer loop
      vertex 14.1774 -14.2716 1.412
      vertex 14.1348 -14.3223 1.41188
      vertex 15.6343 -15.8974 1.47717
    endloop
  endfacet
  facet normal -0.0244536 0.0181505 0.999536
    outer loop
      vertex 20.7412 -21 1.69476
      vertex 38.5427 -39.4299 2.46494
      vertex 38.6283 -39.3355 2.46532
    endloop
  endfacet
  facet normal -0.02446 0.0181443 0.999536
    outer loop
      vertex 20.7412 -21 1.69476
      vertex 38.3212 -39.7285 2.46494
      vertex 38.5427 -39.4299 2.46494
    endloop
  endfacet
  facet normal -0.0244572 0.018147 0.999536
    outer loop
      vertex 38.3212 -39.7285 2.46494
      vertex 20.7412 -21 1.69476
      vertex 20.4919 -21 1.68866
    endloop
  endfacet
  facet normal 0.0629693 0.0225308 -0.997761
    outer loop
      vertex 48.512 -41.9666 0
      vertex 17.4168 -10.4168 -1.25
      vertex 48.3385 -41.4817 0
    endloop
  endfacet
  facet normal -0.0134879 -0.0538223 -0.998459
    outer loop
      vertex 41.9666 -48.512 0
      vertex 10.4168 -17.4168 -1.25
      vertex 42.4662 -48.6372 0
    endloop
  endfacet
  facet normal -0.0590023 -0.0147623 0.998149
    outer loop
      vertex 37.099 -43.3069 2.44432
      vertex 14.1096 -21 1.41529
      vertex 37.09 -43.49 2.44108
    endloop
  endfacet
  facet normal -0.0589816 -0.0147411 0.99815
    outer loop
      vertex 14.059 -21 1.4123
      vertex 37.09 -43.49 2.44108
      vertex 14.1096 -21 1.41529
    endloop
  endfacet
  facet normal -0.0590418 -0.014803 0.998146
    outer loop
      vertex 37.09 -43.49 2.44108
      vertex 14.059 -21 1.4123
      vertex 37.0987 -43.6663 2.43898
    endloop
  endfacet
  facet normal -0.0294283 0.0063901 0.999546
    outer loop
      vertex 15.4793 -15.9887 1.4742
      vertex 15.4015 -16.0232 1.47213
      vertex 15.421 -16.0163 1.47266
    endloop
  endfacet
  facet normal -0.031666 0.0114431 0.999433
    outer loop
      vertex 14.0617 -14.4284 1.41142
      vertex 15.4015 -16.0232 1.47213
      vertex 15.4793 -15.9887 1.4742
    endloop
  endfacet
  facet normal -0.0317064 0.0114091 0.999432
    outer loop
      vertex 15.4015 -16.0232 1.47213
      vertex 14.0617 -14.4284 1.41142
      vertex 14.0302 -14.4809 1.41102
    endloop
  endfacet
  facet normal -0.0317635 0.0113562 0.999431
    outer loop
      vertex 20.0324 -21 1.67585
      vertex 37.6007 -40.9911 2.46135
      vertex 37.8044 -40.5604 2.46293
    endloop
  endfacet
  facet normal -0.0317295 0.0113861 0.999432
    outer loop
      vertex 37.6007 -40.9911 2.46135
      vertex 20.0324 -21 1.67585
      vertex 19.8264 -21 1.66931
    endloop
  endfacet
  facet normal -0.0144275 0.0257758 0.999564
    outer loop
      vertex 15.9468 -15.5574 1.4759
      vertex 15.8974 -15.6343 1.47717
      vertex 15.9146 -15.6111 1.47682
    endloop
  endfacet
  facet normal -0.0159561 0.026757 0.999515
    outer loop
      vertex 14.3746 -14.096 1.41168
      vertex 15.8974 -15.6343 1.47717
      vertex 15.9468 -15.5574 1.4759
    endloop
  endfacet
  facet normal -0.0159976 0.0267159 0.999515
    outer loop
      vertex 15.8974 -15.6343 1.47717
      vertex 14.3746 -14.096 1.41168
      vertex 14.3223 -14.1348 1.41188
    endloop
  endfacet
  facet normal -0.0160146 0.0266959 0.999515
    outer loop
      vertex 21 -20.4919 1.68866
      vertex 40.1387 -38.0461 2.46416
      vertex 21 -20.2549 1.68233
    endloop
  endfacet
  facet normal -0.0160101 0.0267009 0.999515
    outer loop
      vertex 40.1387 -38.0461 2.46416
      vertex 21 -20.4919 1.68866
      vertex 39.9344 -38.1686 2.46416
    endloop
  endfacet
  facet normal -0.0160059 0.0267053 0.999515
    outer loop
      vertex 39.9344 -38.1686 2.46416
      vertex 21 -20.4919 1.68866
      vertex 39.7285 -38.3212 2.46494
    endloop
  endfacet
  facet normal 0.702048 0.712129 -0.000103994
    outer loop
      vertex 17.4168 -10.4168 -1.25
      vertex 44.573 -37.1884 0
      vertex 47.2009 -39.7791 0
    endloop
  endfacet
  facet normal 0.702045 0.712132 3.09197e-05
    outer loop
      vertex 44.573 -37.1884 0
      vertex 17.4168 -10.4168 -1.25
      vertex 21 -13.9493 0
    endloop
  endfacet
  facet normal 0.702051 0.712127 0
    outer loop
      vertex 21 -13.9493 0
      vertex 17.4168 -10.4168 -1.25
      vertex 17.4168 -10.4168 0
    endloop
  endfacet
  facet normal 0.702045 0.712132 -0
    outer loop
      vertex 44.573 -37.1884 0
      vertex 21 -13.9493 1.40038
      vertex 44.573 -37.1884 2.38971
    endloop
  endfacet
  facet normal 0.702045 0.712132 0
    outer loop
      vertex 21 -13.9493 1.40038
      vertex 44.573 -37.1884 0
      vertex 21 -13.9493 0
    endloop
  endfacet
  facet normal 0.100404 0.0601698 -0.993126
    outer loop
      vertex 48.1183 -41.0161 0
      vertex 17.4168 -10.4168 -1.25
      vertex 47.8536 -40.5744 0
    endloop
  endfacet
  facet normal 0.0199458 -0.0220044 -0.999559
    outer loop
      vertex 46.8193 -47.5468 0
      vertex 17.4168 -17.4168 -1.25
      vertex 47.2009 -47.2009 0
    endloop
  endfacet
  facet normal 0.0394006 0.0832998 0.995745
    outer loop
      vertex 21 -13.9872 1.4069
      vertex 44.1173 -37.1208 2.42743
      vertex 44.2342 -37.1382 2.42426
    endloop
  endfacet
  facet normal 0.0394054 0.0833046 0.995745
    outer loop
      vertex 21 -13.9872 1.4069
      vertex 43.9786 -37.114 2.43235
      vertex 44.1173 -37.1208 2.42743
    endloop
  endfacet
  facet normal 0.0393463 0.0832461 0.995752
    outer loop
      vertex 43.9786 -37.114 2.43235
      vertex 21 -13.9872 1.4069
      vertex 21 -14.0183 1.4095
    endloop
  endfacet
  facet normal -0.0069911 -0.0471691 -0.998862
    outer loop
      vertex 42.4662 -48.6372 0
      vertex 10.4168 -17.4168 -1.25
      vertex 42.9756 -48.7127 0
    endloop
  endfacet
  facet normal -0.0225308 -0.0629693 -0.997761
    outer loop
      vertex 41.4817 -48.3385 0
      vertex 10.4168 -17.4168 -1.25
      vertex 41.9666 -48.512 0
    endloop
  endfacet
  facet normal -0.0601698 -0.100404 -0.993126
    outer loop
      vertex 40.5744 -47.8536 0
      vertex 10.4168 -17.4168 -1.25
      vertex 41.0161 -48.1183 0
    endloop
  endfacet
  facet normal 0.125898 0.16968 0.977424
    outer loop
      vertex 21 -13.953 1.40233
      vertex 44.4269 -37.1667 2.41468
      vertex 44.5396 -37.1835 2.40308
    endloop
  endfacet
  facet normal 0.126645 0.170423 0.977199
    outer loop
      vertex 44.4269 -37.1667 2.41468
      vertex 21 -13.953 1.40233
      vertex 21 -13.9655 1.40451
    endloop
  endfacet
  facet normal -0.315625 -0.348201 -0.882687
    outer loop
      vertex 39.7791 -47.2009 0
      vertex 10.4168 -17.4168 -1.25
      vertex 40.1607 -47.5468 0
    endloop
  endfacet
  facet normal -0.0347965 0.00865863 0.999357
    outer loop
      vertex 14.0048 -14.5345 1.4106
      vertex 15.4015 -16.0232 1.47213
      vertex 14.0302 -14.4809 1.41102
    endloop
  endfacet
  facet normal -0.316999 0.142873 0.937603
    outer loop
      vertex 14.0048 -14.5345 1.4106
      vertex 14.0302 -14.4809 1.41102
      vertex 14.0299 -14.4815 1.41101
    endloop
  endfacet
  facet normal -0.0348252 0.00863173 0.999356
    outer loop
      vertex 15.4015 -16.0232 1.47213
      vertex 14.0048 -14.5345 1.4106
      vertex 15.3256 -16.0504 1.46972
    endloop
  endfacet
  facet normal -0.0346821 0.00875802 0.99936
    outer loop
      vertex 19.8264 -21 1.66931
      vertex 37.5772 -41.0408 2.46097
      vertex 37.6007 -40.9911 2.46135
    endloop
  endfacet
  facet normal -0.0347493 0.00869847 0.999358
    outer loop
      vertex 19.8264 -21 1.66931
      vertex 37.4385 -41.4283 2.45952
      vertex 37.5772 -41.0408 2.46097
    endloop
  endfacet
  facet normal -0.0347649 0.008685 0.999358
    outer loop
      vertex 37.4385 -41.4283 2.45952
      vertex 19.8264 -21 1.66931
      vertex 19.6384 -21 1.66277
    endloop
  endfacet
  facet normal -0.0298589 0.0151059 0.99944
    outer loop
      vertex 15.5574 -15.9468 1.4759
      vertex 15.4793 -15.9887 1.4742
      vertex 15.5185 -15.9701 1.47509
    endloop
  endfacet
  facet normal -0.0291312 0.0137478 0.999481
    outer loop
      vertex 14.096 -14.3746 1.41168
      vertex 15.4793 -15.9887 1.4742
      vertex 15.5574 -15.9468 1.4759
    endloop
  endfacet
  facet normal -0.0275597 0.0127401 0.999539
    outer loop
      vertex 14.0617 -14.4284 1.41142
      vertex 14.096 -14.3746 1.41168
      vertex 14.0854 -14.3889 1.41157
    endloop
  endfacet
  facet normal -0.0291349 0.0137446 0.999481
    outer loop
      vertex 14.096 -14.3746 1.41168
      vertex 14.0617 -14.4284 1.41142
      vertex 15.4793 -15.9887 1.4742
    endloop
  endfacet
  facet normal -0.0291102 0.0137689 0.999481
    outer loop
      vertex 20.2549 -21 1.68233
      vertex 37.8457 -40.4731 2.46293
      vertex 38.0461 -40.1387 2.46416
    endloop
  endfacet
  facet normal -0.0291083 0.0137706 0.999481
    outer loop
      vertex 20.2549 -21 1.68233
      vertex 37.8044 -40.5604 2.46293
      vertex 37.8457 -40.4731 2.46293
    endloop
  endfacet
  facet normal -0.0291085 0.0137705 0.999481
    outer loop
      vertex 37.8044 -40.5604 2.46293
      vertex 20.2549 -21 1.68233
      vertex 20.0324 -21 1.67585
    endloop
  endfacet
  facet normal 0.00776928 0.0522372 0.998604
    outer loop
      vertex 21 -14.1702 1.41846
      vertex 43.3069 -37.099 2.44432
      vertex 21 -14.1096 1.41529
    endloop
  endfacet
  facet normal 0.00774461 0.0522133 0.998606
    outer loop
      vertex 43.3069 -37.099 2.44432
      vertex 21 -14.1702 1.41846
      vertex 42.9078 -37.1186 2.44844
    endloop
  endfacet
  facet normal -0.0202102 0.022344 0.999546
    outer loop
      vertex 14.2716 -14.1774 1.412
      vertex 15.7778 -15.7778 1.47823
      vertex 15.8409 -15.7082 1.47795
    endloop
  endfacet
  facet normal -0.0202389 0.022317 0.999546
    outer loop
      vertex 15.7778 -15.7778 1.47823
      vertex 14.2716 -14.1774 1.412
      vertex 14.2222 -14.2222 1.412
    endloop
  endfacet
  facet normal -0.0202287 0.0223237 0.999546
    outer loop
      vertex 21 -21 1.70054
      vertex 39.3355 -38.6283 2.46532
      vertex 21 -20.7412 1.69476
    endloop
  endfacet
  facet normal -0.0202292 0.0223232 0.999546
    outer loop
      vertex 39.3355 -38.6283 2.46532
      vertex 21 -21 1.70054
      vertex 38.9645 -38.9645 2.46532
    endloop
  endfacet
  facet normal -0.0063901 0.0294283 0.999546
    outer loop
      vertex 16.0232 -15.4015 1.47213
      vertex 15.9887 -15.4793 1.4742
      vertex 16.0163 -15.421 1.47266
    endloop
  endfacet
  facet normal -0.0114091 0.0317064 0.999432
    outer loop
      vertex 14.4284 -14.0617 1.41142
      vertex 16.0232 -15.4015 1.47213
      vertex 14.4809 -14.0302 1.41102
    endloop
  endfacet
  facet normal -0.0114431 0.031666 0.999433
    outer loop
      vertex 16.0232 -15.4015 1.47213
      vertex 14.4284 -14.0617 1.41142
      vertex 15.9887 -15.4793 1.4742
    endloop
  endfacet
  facet normal -0.0113861 0.0317295 0.999432
    outer loop
      vertex 21 -20.0324 1.67585
      vertex 40.9911 -37.6007 2.46135
      vertex 21 -19.8264 1.66931
    endloop
  endfacet
  facet normal -0.0113562 0.0317635 0.999431
    outer loop
      vertex 40.9911 -37.6007 2.46135
      vertex 21 -20.0324 1.67585
      vertex 40.5604 -37.8044 2.46293
    endloop
  endfacet
  facet normal -0.00122485 0.0422489 0.999106
    outer loop
      vertex 16.0834 -15.1842 1.46417
      vertex 16.0695 -15.252 1.46702
      vertex 16.0789 -15.2146 1.46545
    endloop
  endfacet
  facet normal -0.0020692 0.0424217 0.999098
    outer loop
      vertex 14.6334 -13.9643 1.40937
      vertex 16.0695 -15.252 1.46702
      vertex 16.0834 -15.1842 1.46417
    endloop
  endfacet
  facet normal -0.00209512 0.0423928 0.999099
    outer loop
      vertex 16.0695 -15.252 1.46702
      vertex 14.6334 -13.9643 1.40937
      vertex 14.5845 -13.9818 1.41001
    endloop
  endfacet
  facet normal -0.00210585 0.04238 0.999099
    outer loop
      vertex 21 -19.3207 1.64999
      vertex 42.2414 -37.213 2.45372
      vertex 42.2631 -37.2098 2.45363
    endloop
  endfacet
  facet normal -0.0020836 0.0424063 0.999098
    outer loop
      vertex 21 -19.4696 1.65631
      vertex 42.2414 -37.213 2.45372
      vertex 21 -19.3207 1.64999
    endloop
  endfacet
  facet normal -0.00208791 0.0424012 0.999098
    outer loop
      vertex 42.2414 -37.213 2.45372
      vertex 21 -19.4696 1.65631
      vertex 41.856 -37.3095 2.45701
    endloop
  endfacet
  facet normal 0.389211 0.429494 0.814893
    outer loop
      vertex 21 -13.9493 1.40038
      vertex 44.5396 -37.1835 2.40308
      vertex 44.573 -37.1884 2.38971
    endloop
  endfacet
  facet normal 0.389195 0.429479 0.814908
    outer loop
      vertex 44.5396 -37.1835 2.40308
      vertex 21 -13.9493 1.40038
      vertex 21 -13.953 1.40233
    endloop
  endfacet
  facet normal 0.0538223 0.0134879 -0.998459
    outer loop
      vertex 48.6372 -42.4662 0
      vertex 17.4168 -10.4168 -1.25
      vertex 48.512 -41.9666 0
    endloop
  endfacet
  facet normal 0.152058 0.112766 -0.981918
    outer loop
      vertex 47.8536 -40.5744 0
      vertex 17.4168 -10.4168 -1.25
      vertex 47.5468 -40.1607 0
    endloop
  endfacet
  facet normal 0.0767402 0.0362934 -0.99639
    outer loop
      vertex 48.3385 -41.4817 0
      vertex 17.4168 -10.4168 -1.25
      vertex 48.1183 -41.0161 0
    endloop
  endfacet
  facet normal 0.0109111 -0.0304946 -0.999475
    outer loop
      vertex 45.0134 -48.512 0
      vertex 17.4168 -17.4168 -1.25
      vertex 45.4983 -48.3385 0
    endloop
  endfacet
  facet normal 0.0240578 -0.0178413 -0.999551
    outer loop
      vertex 47.5468 -46.8193 0
      vertex 17.4168 -17.4168 -1.25
      vertex 47.8536 -46.4056 0
    endloop
  endfacet
  facet normal -0.0417444 0.0196472 0.998935
    outer loop
      vertex 15.3256 -16.0504 1.46972
      vertex 15.252 -16.0695 1.46702
      vertex 15.3193 -16.0526 1.4695
    endloop
  endfacet
  facet normal -0.0381457 0.00573466 0.999256
    outer loop
      vertex 14.0048 -14.5345 1.4106
      vertex 15.252 -16.0695 1.46702
      vertex 15.3256 -16.0504 1.46972
    endloop
  endfacet
  facet normal -0.0394922 0.00637584 0.9992
    outer loop
      vertex 13.9818 -14.5845 1.41001
      vertex 14.0048 -14.5345 1.4106
      vertex 13.9837 -14.579 1.41005
    endloop
  endfacet
  facet normal -0.0381291 0.00574816 0.999256
    outer loop
      vertex 14.0048 -14.5345 1.4106
      vertex 13.9818 -14.5845 1.41001
      vertex 15.252 -16.0695 1.46702
    endloop
  endfacet
  facet normal -0.0382149 0.00567476 0.999253
    outer loop
      vertex 19.6384 -21 1.66277
      vertex 37.3656 -41.6322 2.45789
      vertex 37.4385 -41.4283 2.45952
    endloop
  endfacet
  facet normal -0.038237 0.00565574 0.999253
    outer loop
      vertex 19.6384 -21 1.66277
      vertex 37.3095 -41.856 2.45701
      vertex 37.3656 -41.6322 2.45789
    endloop
  endfacet
  facet normal -0.0382415 0.00565191 0.999253
    outer loop
      vertex 37.3095 -41.856 2.45701
      vertex 19.6384 -21 1.66277
      vertex 19.4696 -21 1.65631
    endloop
  endfacet
  facet normal -0.0257758 0.0144275 0.999564
    outer loop
      vertex 15.6343 -15.8974 1.47717
      vertex 15.5574 -15.9468 1.4759
      vertex 15.6111 -15.9146 1.47682
    endloop
  endfacet
  facet normal -0.026758 0.0159576 0.999515
    outer loop
      vertex 14.1348 -14.3223 1.41188
      vertex 15.5574 -15.9468 1.4759
      vertex 15.6343 -15.8974 1.47717
    endloop
  endfacet
  facet normal -0.0267139 0.0159961 0.999515
    outer loop
      vertex 15.5574 -15.9468 1.4759
      vertex 14.1348 -14.3223 1.41188
      vertex 14.096 -14.3746 1.41168
    endloop
  endfacet
  facet normal -0.0267053 0.0160059 0.999515
    outer loop
      vertex 20.4919 -21 1.68866
      vertex 38.1686 -39.9344 2.46416
      vertex 38.3212 -39.7285 2.46494
    endloop
  endfacet
  facet normal -0.0267009 0.0160101 0.999515
    outer loop
      vertex 20.4919 -21 1.68866
      vertex 38.0461 -40.1387 2.46416
      vertex 38.1686 -39.9344 2.46416
    endloop
  endfacet
  facet normal -0.0266959 0.0160146 0.999515
    outer loop
      vertex 38.0461 -40.1387 2.46416
      vertex 20.4919 -21 1.68866
      vertex 20.2549 -21 1.68233
    endloop
  endfacet
  facet normal -0.022317 0.0202389 0.999546
    outer loop
      vertex 14.1774 -14.2716 1.412
      vertex 15.7778 -15.7778 1.47823
      vertex 14.2222 -14.2222 1.412
    endloop
  endfacet
  facet normal -0.022344 0.0202102 0.999546
    outer loop
      vertex 15.7778 -15.7778 1.47823
      vertex 14.1774 -14.2716 1.412
      vertex 15.7082 -15.8409 1.47795
    endloop
  endfacet
  facet normal -0.0223232 0.0202292 0.999546
    outer loop
      vertex 21 -21 1.70054
      vertex 38.6283 -39.3355 2.46532
      vertex 38.9645 -38.9645 2.46532
    endloop
  endfacet
  facet normal -0.0223237 0.0202287 0.999546
    outer loop
      vertex 38.6283 -39.3355 2.46532
      vertex 21 -21 1.70054
      vertex 20.7412 -21 1.69476
    endloop
  endfacet
  facet normal -0.0205378 0.0262511 0.999444
    outer loop
      vertex 15.8974 -15.6343 1.47717
      vertex 15.8409 -15.7082 1.47795
      vertex 15.8503 -15.6978 1.47787
    endloop
  endfacet
  facet normal -0.0181662 0.0244389 0.999536
    outer loop
      vertex 14.3223 -14.1348 1.41188
      vertex 15.8409 -15.7082 1.47795
      vertex 15.8974 -15.6343 1.47717
    endloop
  endfacet
  facet normal -0.017725 0.0239109 0.999557
    outer loop
      vertex 14.2716 -14.1774 1.412
      vertex 14.3223 -14.1348 1.41188
      vertex 14.3022 -14.1497 1.41188
    endloop
  endfacet
  facet normal -0.0181676 0.0244376 0.999536
    outer loop
      vertex 14.3223 -14.1348 1.41188
      vertex 14.2716 -14.1774 1.412
      vertex 15.8409 -15.7082 1.47795
    endloop
  endfacet
  facet normal -0.018147 0.0244572 0.999536
    outer loop
      vertex 21 -20.7412 1.69476
      vertex 39.7285 -38.3212 2.46494
      vertex 21 -20.4919 1.68866
    endloop
  endfacet
  facet normal -0.0181443 0.02446 0.999536
    outer loop
      vertex 39.7285 -38.3212 2.46494
      vertex 21 -20.7412 1.69476
      vertex 39.4299 -38.5427 2.46494
    endloop
  endfacet
  facet normal -0.0181505 0.0244536 0.999536
    outer loop
      vertex 39.4299 -38.5427 2.46494
      vertex 21 -20.7412 1.69476
      vertex 39.3355 -38.6283 2.46532
    endloop
  endfacet
  facet normal -0.0151059 0.0298589 0.99944
    outer loop
      vertex 15.9887 -15.4793 1.4742
      vertex 15.9468 -15.5574 1.4759
      vertex 15.9701 -15.5185 1.47509
    endloop
  endfacet
  facet normal -0.0137479 0.0291313 0.999481
    outer loop
      vertex 14.4284 -14.0617 1.41142
      vertex 15.9468 -15.5574 1.4759
      vertex 15.9887 -15.4793 1.4742
    endloop
  endfacet
  facet normal -0.0127401 0.0275597 0.999539
    outer loop
      vertex 14.3746 -14.096 1.41168
      vertex 14.4284 -14.0617 1.41142
      vertex 14.3889 -14.0854 1.41157
    endloop
  endfacet
  facet normal -0.0137445 0.0291347 0.999481
    outer loop
      vertex 14.4284 -14.0617 1.41142
      vertex 14.3746 -14.096 1.41168
      vertex 15.9468 -15.5574 1.4759
    endloop
  endfacet
  facet normal -0.0137705 0.0291085 0.999481
    outer loop
      vertex 21 -20.2549 1.68233
      vertex 40.5604 -37.8044 2.46293
      vertex 21 -20.0324 1.67585
    endloop
  endfacet
  facet normal -0.0137706 0.0291083 0.999481
    outer loop
      vertex 40.5604 -37.8044 2.46293
      vertex 21 -20.2549 1.68233
      vertex 40.4731 -37.8457 2.46293
    endloop
  endfacet
  facet normal -0.0137689 0.0291102 0.999481
    outer loop
      vertex 40.4731 -37.8457 2.46293
      vertex 21 -20.2549 1.68233
      vertex 40.1387 -38.0461 2.46416
    endloop
  endfacet
  facet normal -0.0196472 0.0417444 0.998935
    outer loop
      vertex 16.0695 -15.252 1.46702
      vertex 16.0504 -15.3256 1.46972
      vertex 16.0526 -15.3193 1.4695
    endloop
  endfacet
  facet normal -0.00574816 0.0381291 0.999256
    outer loop
      vertex 14.5345 -14.0048 1.4106
      vertex 16.0695 -15.252 1.46702
      vertex 14.5845 -13.9818 1.41001
    endloop
  endfacet
  facet normal -0.00637584 0.0394922 0.9992
    outer loop
      vertex 14.5345 -14.0048 1.4106
      vertex 14.5845 -13.9818 1.41001
      vertex 14.579 -13.9837 1.41005
    endloop
  endfacet
  facet normal -0.00573466 0.0381457 0.999256
    outer loop
      vertex 16.0695 -15.252 1.46702
      vertex 14.5345 -14.0048 1.4106
      vertex 16.0504 -15.3256 1.46972
    endloop
  endfacet
  facet normal -0.00565191 0.0382415 0.999253
    outer loop
      vertex 21 -19.6384 1.66277
      vertex 41.856 -37.3095 2.45701
      vertex 21 -19.4696 1.65631
    endloop
  endfacet
  facet normal -0.00565574 0.038237 0.999253
    outer loop
      vertex 41.856 -37.3095 2.45701
      vertex 21 -19.6384 1.66277
      vertex 41.6322 -37.3656 2.45789
    endloop
  endfacet
  facet normal -0.00567476 0.0382149 0.999253
    outer loop
      vertex 41.6322 -37.3656 2.45789
      vertex 21 -19.6384 1.66277
      vertex 41.4283 -37.4385 2.45952
    endloop
  endfacet
  facet normal 0.00239056 0.0471146 0.998887
    outer loop
      vertex 21 -14.2408 1.42179
      vertex 42.9078 -37.1186 2.44844
      vertex 21 -14.1702 1.41846
    endloop
  endfacet
  facet normal 0.00235455 0.0470802 0.998888
    outer loop
      vertex 42.9078 -37.1186 2.44844
      vertex 21 -14.2408 1.42179
      vertex 42.8627 -37.1208 2.44865
    endloop
  endfacet
  facet normal 0.00232411 0.0470512 0.99889
    outer loop
      vertex 42.8627 -37.1208 2.44865
      vertex 21 -14.2408 1.42179
      vertex 42.4911 -37.1759 2.45211
    endloop
  endfacet
  facet normal 0.00038143 0.0448715 0.998993
    outer loop
      vertex 16.0834 -15.1842 1.46417
      vertex 16.1 -15 1.45589
      vertex 16.0947 -14.8922 1.45105
    endloop
  endfacet
  facet normal -0.000965549 0.0449926 0.998987
    outer loop
      vertex 16.1 -15 1.45589
      vertex 16.0834 -15.1842 1.46417
      vertex 16.0947 -15.1078 1.46074
    endloop
  endfacet
  facet normal -6.59079e-05 0.0448888 0.998992
    outer loop
      vertex 16.0789 -14.7854 1.44625
      vertex 16.0834 -15.1842 1.46417
      vertex 16.0947 -14.8922 1.45105
    endloop
  endfacet
  facet normal 0.000185891 0.0448916 0.998992
    outer loop
      vertex 16.0526 -14.6807 1.44155
      vertex 16.0834 -15.1842 1.46417
      vertex 16.0789 -14.7854 1.44625
    endloop
  endfacet
  facet normal -3.56861e-05 0.0448781 0.998992
    outer loop
      vertex 16.0163 -14.579 1.43698
      vertex 16.0834 -15.1842 1.46417
      vertex 16.0526 -14.6807 1.44155
    endloop
  endfacet
  facet normal 1.1614e-05 0.0448833 0.998992
    outer loop
      vertex 15.9701 -14.4815 1.4326
      vertex 16.0834 -15.1842 1.46417
      vertex 16.0163 -14.579 1.43698
    endloop
  endfacet
  facet normal 5.25633e-06 0.0448823 0.998992
    outer loop
      vertex 15.9146 -14.3889 1.42844
      vertex 16.0834 -15.1842 1.46417
      vertex 15.9701 -14.4815 1.4326
    endloop
  endfacet
  facet normal -0.000106159 0.0448587 0.998993
    outer loop
      vertex 15.8503 -14.3022 1.42454
      vertex 16.0834 -15.1842 1.46417
      vertex 15.9146 -14.3889 1.42844
    endloop
  endfacet
  facet normal 8.86581e-05 0.0449101 0.998991
    outer loop
      vertex 15.7778 -14.2222 1.42095
      vertex 16.0834 -15.1842 1.46417
      vertex 15.8503 -14.3022 1.42454
    endloop
  endfacet
  facet normal -4.867e-05 0.0448665 0.998993
    outer loop
      vertex 15.6978 -14.1497 1.41769
      vertex 16.0834 -15.1842 1.46417
      vertex 15.7778 -14.2222 1.42095
    endloop
  endfacet
  facet normal -1.60246e-05 0.0448787 0.998992
    outer loop
      vertex 15.6111 -14.0854 1.4148
      vertex 16.0834 -15.1842 1.46417
      vertex 15.6978 -14.1497 1.41769
    endloop
  endfacet
  facet normal 5.32055e-05 0.0449084 0.998991
    outer loop
      vertex 15.5185 -14.0299 1.41231
      vertex 16.0834 -15.1842 1.46417
      vertex 15.6111 -14.0854 1.4148
    endloop
  endfacet
  facet normal 7.54739e-05 0.0449192 0.998991
    outer loop
      vertex 15.421 -13.9837 1.41024
      vertex 16.0834 -15.1842 1.46417
      vertex 15.5185 -14.0299 1.41231
    endloop
  endfacet
  facet normal -0.00011372 0.0448151 0.998995
    outer loop
      vertex 15.3193 -13.9474 1.4086
      vertex 16.0834 -15.1842 1.46417
      vertex 15.421 -13.9837 1.41024
    endloop
  endfacet
  facet normal 0.000131817 0.0449665 0.998988
    outer loop
      vertex 15.2146 -13.9211 1.40743
      vertex 16.0834 -15.1842 1.46417
      vertex 15.3193 -13.9474 1.4086
    endloop
  endfacet
  facet normal -0.000106683 0.0448027 0.998996
    outer loop
      vertex 15.1078 -13.9053 1.40671
      vertex 16.0834 -15.1842 1.46417
      vertex 15.2146 -13.9211 1.40743
    endloop
  endfacet
  facet normal 7.82284e-05 0.0449435 0.99899
    outer loop
      vertex 15 -13.9 1.40648
      vertex 16.0834 -15.1842 1.46417
      vertex 15.1078 -13.9053 1.40671
    endloop
  endfacet
  facet normal -7.19978e-05 0.044817 0.998995
    outer loop
      vertex 14.8922 -13.9053 1.40671
      vertex 16.0834 -15.1842 1.46417
      vertex 15 -13.9 1.40648
    endloop
  endfacet
  facet normal 8.31808e-05 0.0449613 0.998989
    outer loop
      vertex 14.7854 -13.9211 1.40743
      vertex 16.0834 -15.1842 1.46417
      vertex 14.8922 -13.9053 1.40671
    endloop
  endfacet
  facet normal -0.000908662 0.0480527 0.998844
    outer loop
      vertex 14.6334 -13.9643 1.40937
      vertex 14.7854 -13.9211 1.40743
      vertex 14.6807 -13.9474 1.4086
    endloop
  endfacet
  facet normal -3.03647e-06 0.0448729 0.998993
    outer loop
      vertex 14.7854 -13.9211 1.40743
      vertex 14.6334 -13.9643 1.40937
      vertex 16.0834 -15.1842 1.46417
    endloop
  endfacet
  facet normal -1.21472e-06 0.0448769 0.998993
    outer loop
      vertex 21 -19.3207 1.64999
      vertex 42.4911 -37.1759 2.45211
      vertex 21 -14.2408 1.42179
    endloop
  endfacet
  facet normal -1.0816e-05 0.0448654 0.998993
    outer loop
      vertex 42.4911 -37.1759 2.45211
      vertex 21 -19.3207 1.64999
      vertex 42.2631 -37.2098 2.45363
    endloop
  endfacet
  facet normal 0.0354517 -0.00525443 -0.999358
    outer loop
      vertex 48.6372 -44.5138 0
      vertex 17.4168 -17.4168 -1.25
      vertex 48.7127 -44.0044 0
    endloop
  endfacet
  facet normal 0.0383111 -0.00188428 -0.999264
    outer loop
      vertex 48.7127 -44.0044 0
      vertex 17.4168 -17.4168 -1.25
      vertex 48.738 -43.49 0
    endloop
  endfacet
  facet normal 0.00525443 -0.0354517 -0.999358
    outer loop
      vertex 44.0044 -48.7127 0
      vertex 17.4168 -17.4168 -1.25
      vertex 44.5138 -48.6372 0
    endloop
  endfacet
  facet normal 0.0261335 -0.0156612 -0.999536
    outer loop
      vertex 47.8536 -46.4056 0
      vertex 17.4168 -17.4168 -1.25
      vertex 48.1183 -45.9639 0
    endloop
  endfacet
  facet normal 0.0178413 -0.0240578 -0.999551
    outer loop
      vertex 46.4056 -47.8536 0
      vertex 17.4168 -17.4168 -1.25
      vertex 46.8193 -47.5468 0
    endloop
  endfacet
  facet normal 0.00823634 -0.0328664 -0.999426
    outer loop
      vertex 44.5138 -48.6372 0
      vertex 17.4168 -17.4168 -1.25
      vertex 45.0134 -48.512 0
    endloop
  endfacet
  facet normal 0.0133676 -0.0282651 -0.999511
    outer loop
      vertex 45.4983 -48.3385 0
      vertex 17.4168 -17.4168 -1.25
      vertex 45.9639 -48.1183 0
    endloop
  endfacet
  facet normal 0.0220044 -0.0199458 -0.999559
    outer loop
      vertex 47.2009 -47.2009 0
      vertex 17.4168 -17.4168 -1.25
      vertex 47.5468 -46.8193 0
    endloop
  endfacet
  facet normal 0.00188428 -0.0383111 -0.999264
    outer loop
      vertex 43.49 -48.738 0
      vertex 17.4168 -17.4168 -1.25
      vertex 44.0044 -48.7127 0
    endloop
  endfacet
  facet normal 0 0 1
    outer loop
      vertex 47.7942 -43.0661 2.5
      vertex 47.7942 -43.9139 2.5
      vertex 47.815 -43.49 2.5
    endloop
  endfacet
  facet normal 0 0 1
    outer loop
      vertex 47.7319 -42.6462 2.5
      vertex 47.7942 -43.9139 2.5
      vertex 47.7942 -43.0661 2.5
    endloop
  endfacet
  facet normal 0 0 1
    outer loop
      vertex 47.7319 -42.6462 2.5
      vertex 47.7319 -44.3338 2.5
      vertex 47.7942 -43.9139 2.5
    endloop
  endfacet
  facet normal 0 0 1
    outer loop
      vertex 47.6288 -42.2345 2.5
      vertex 47.7319 -44.3338 2.5
      vertex 47.7319 -42.6462 2.5
    endloop
  endfacet
  facet normal 0 0 1
    outer loop
      vertex 47.6288 -42.2345 2.5
      vertex 47.6288 -44.7455 2.5
      vertex 47.7319 -44.3338 2.5
    endloop
  endfacet
  facet normal 0 0 1
    outer loop
      vertex 47.4858 -41.8349 2.5
      vertex 47.6288 -44.7455 2.5
      vertex 47.6288 -42.2345 2.5
    endloop
  endfacet
  facet normal 0 0 1
    outer loop
      vertex 47.4858 -41.8349 2.5
      vertex 47.4858 -45.1451 2.5
      vertex 47.6288 -44.7455 2.5
    endloop
  endfacet
  facet normal 0 0 1
    outer loop
      vertex 47.3043 -41.4512 2.5
      vertex 47.4858 -45.1451 2.5
      vertex 47.4858 -41.8349 2.5
    endloop
  endfacet
  facet normal 0 0 1
    outer loop
      vertex 47.3043 -41.4512 2.5
      vertex 47.3043 -45.5288 2.5
      vertex 47.4858 -45.1451 2.5
    endloop
  endfacet
  facet normal 0 0 1
    outer loop
      vertex 47.0861 -41.0872 2.5
      vertex 47.3043 -45.5288 2.5
      vertex 47.3043 -41.4512 2.5
    endloop
  endfacet
  facet normal 0 0 1
    outer loop
      vertex 47.0861 -41.0872 2.5
      vertex 47.0861 -45.8928 2.5
      vertex 47.3043 -45.5288 2.5
    endloop
  endfacet
  facet normal 0 0 1
    outer loop
      vertex 46.8333 -40.7463 2.5
      vertex 47.0861 -45.8928 2.5
      vertex 47.0861 -41.0872 2.5
    endloop
  endfacet
  facet normal 0 0 1
    outer loop
      vertex 46.8333 -40.7463 2.5
      vertex 46.8333 -46.2337 2.5
      vertex 47.0861 -45.8928 2.5
    endloop
  endfacet
  facet normal 0 0 1
    outer loop
      vertex 46.5482 -40.4318 2.5
      vertex 46.8333 -46.2337 2.5
      vertex 46.8333 -40.7463 2.5
    endloop
  endfacet
  facet normal 0 0 1
    outer loop
      vertex 46.5482 -40.4318 2.5
      vertex 46.5482 -46.5482 2.5
      vertex 46.8333 -46.2337 2.5
    endloop
  endfacet
  facet normal 0 0 1
    outer loop
      vertex 46.2337 -40.1467 2.5
      vertex 46.5482 -46.5482 2.5
      vertex 46.5482 -40.4318 2.5
    endloop
  endfacet
  facet normal 0 0 1
    outer loop
      vertex 46.2337 -40.1467 2.5
      vertex 46.2337 -46.8333 2.5
      vertex 46.5482 -46.5482 2.5
    endloop
  endfacet
  facet normal 0 0 1
    outer loop
      vertex 45.8928 -39.8939 2.5
      vertex 46.2337 -46.8333 2.5
      vertex 46.2337 -40.1467 2.5
    endloop
  endfacet
  facet normal 0 0 1
    outer loop
      vertex 45.8928 -39.8939 2.5
      vertex 45.8928 -47.0861 2.5
      vertex 46.2337 -46.8333 2.5
    endloop
  endfacet
  facet normal 0 0 1
    outer loop
      vertex 45.5288 -39.6757 2.5
      vertex 45.8928 -47.0861 2.5
      vertex 45.8928 -39.8939 2.5
    endloop
  endfacet
  facet normal 0 0 1
    outer loop
      vertex 45.5288 -39.6757 2.5
      vertex 45.5288 -47.3043 2.5
      vertex 45.8928 -47.0861 2.5
    endloop
  endfacet
  facet normal 0 0 1
    outer loop
      vertex 45.1451 -39.4942 2.5
      vertex 45.5288 -47.3043 2.5
      vertex 45.5288 -39.6757 2.5
    endloop
  endfacet
  facet normal 0 0 1
    outer loop
      vertex 45.1451 -39.4942 2.5
      vertex 45.1451 -47.4858 2.5
      vertex 45.5288 -47.3043 2.5
    endloop
  endfacet
  facet normal 0 0 1
    outer loop
      vertex 44.7455 -39.3512 2.5
      vertex 45.1451 -47.4858 2.5
      vertex 45.1451 -39.4942 2.5
    endloop
  endfacet
  facet normal 0 0 1
    outer loop
      vertex 44.7455 -39.3512 2.5
      vertex 44.7455 -47.6288 2.5
      vertex 45.1451 -47.4858 2.5
    endloop
  endfacet
  facet normal 0 0 1
    outer loop
      vertex 44.3338 -39.2481 2.5
      vertex 44.7455 -47.6288 2.5
      vertex 44.7455 -39.3512 2.5
    endloop
  endfacet
  facet normal 0 0 1
    outer loop
      vertex 44.3338 -39.2481 2.5
      vertex 44.3338 -47.7319 2.5
      vertex 44.7455 -47.6288 2.5
    endloop
  endfacet
  facet normal 0 0 1
    outer loop
      vertex 43.9139 -39.1858 2.5
      vertex 44.3338 -47.7319 2.5
      vertex 44.3338 -39.2481 2.5
    endloop
  endfacet
  facet normal 0 0 1
    outer loop
      vertex 43.9139 -39.1858 2.5
      vertex 43.9139 -47.7942 2.5
      vertex 44.3338 -47.7319 2.5
    endloop
  endfacet
  facet normal 0 0 1
    outer loop
      vertex 43.49 -39.165 2.5
      vertex 43.9139 -47.7942 2.5
      vertex 43.9139 -39.1858 2.5
    endloop
  endfacet
  facet normal 0 0 1
    outer loop
      vertex 43.49 -39.165 2.5
      vertex 43.49 -47.815 2.5
      vertex 43.9139 -47.7942 2.5
    endloop
  endfacet
  facet normal -0 0 1
    outer loop
      vertex 43.0661 -39.1858 2.5
      vertex 43.49 -47.815 2.5
      vertex 43.49 -39.165 2.5
    endloop
  endfacet
  facet normal 0 0 1
    outer loop
      vertex 43.0661 -39.1858 2.5
      vertex 43.0661 -47.7942 2.5
      vertex 43.49 -47.815 2.5
    endloop
  endfacet
  facet normal -0 0 1
    outer loop
      vertex 42.6462 -39.2481 2.5
      vertex 43.0661 -47.7942 2.5
      vertex 43.0661 -39.1858 2.5
    endloop
  endfacet
  facet normal 0 0 1
    outer loop
      vertex 42.6462 -39.2481 2.5
      vertex 42.6462 -47.7319 2.5
      vertex 43.0661 -47.7942 2.5
    endloop
  endfacet
  facet normal -0 0 1
    outer loop
      vertex 42.2345 -39.3512 2.5
      vertex 42.6462 -47.7319 2.5
      vertex 42.6462 -39.2481 2.5
    endloop
  endfacet
  facet normal 0 0 1
    outer loop
      vertex 42.2345 -39.3512 2.5
      vertex 42.2345 -47.6288 2.5
      vertex 42.6462 -47.7319 2.5
    endloop
  endfacet
  facet normal -0 0 1
    outer loop
      vertex 41.8349 -39.4942 2.5
      vertex 42.2345 -47.6288 2.5
      vertex 42.2345 -39.3512 2.5
    endloop
  endfacet
  facet normal 0 0 1
    outer loop
      vertex 41.8349 -39.4942 2.5
      vertex 41.8349 -47.4858 2.5
      vertex 42.2345 -47.6288 2.5
    endloop
  endfacet
  facet normal -0 0 1
    outer loop
      vertex 41.4512 -39.6757 2.5
      vertex 41.8349 -47.4858 2.5
      vertex 41.8349 -39.4942 2.5
    endloop
  endfacet
  facet normal 0 0 1
    outer loop
      vertex 41.4512 -39.6757 2.5
      vertex 41.4512 -47.3043 2.5
      vertex 41.8349 -47.4858 2.5
    endloop
  endfacet
  facet normal -0 0 1
    outer loop
      vertex 41.0872 -39.8939 2.5
      vertex 41.4512 -47.3043 2.5
      vertex 41.4512 -39.6757 2.5
    endloop
  endfacet
  facet normal 0 0 1
    outer loop
      vertex 41.0872 -39.8939 2.5
      vertex 41.0872 -47.0861 2.5
      vertex 41.4512 -47.3043 2.5
    endloop
  endfacet
  facet normal -0 0 1
    outer loop
      vertex 40.7463 -40.1467 2.5
      vertex 41.0872 -47.0861 2.5
      vertex 41.0872 -39.8939 2.5
    endloop
  endfacet
  facet normal 0 0 1
    outer loop
      vertex 40.7463 -40.1467 2.5
      vertex 40.7463 -46.8333 2.5
      vertex 41.0872 -47.0861 2.5
    endloop
  endfacet
  facet normal -0 0 1
    outer loop
      vertex 40.4318 -40.4318 2.5
      vertex 40.7463 -46.8333 2.5
      vertex 40.7463 -40.1467 2.5
    endloop
  endfacet
  facet normal 0 0 1
    outer loop
      vertex 40.4318 -40.4318 2.5
      vertex 40.4318 -46.5482 2.5
      vertex 40.7463 -46.8333 2.5
    endloop
  endfacet
  facet normal -0 0 1
    outer loop
      vertex 40.1467 -40.7463 2.5
      vertex 40.4318 -46.5482 2.5
      vertex 40.4318 -40.4318 2.5
    endloop
  endfacet
  facet normal 0 0 1
    outer loop
      vertex 40.1467 -40.7463 2.5
      vertex 40.1467 -46.2337 2.5
      vertex 40.4318 -46.5482 2.5
    endloop
  endfacet
  facet normal -0 0 1
    outer loop
      vertex 39.8939 -41.0872 2.5
      vertex 40.1467 -46.2337 2.5
      vertex 40.1467 -40.7463 2.5
    endloop
  endfacet
  facet normal 0 0 1
    outer loop
      vertex 39.8939 -41.0872 2.5
      vertex 39.8939 -45.8928 2.5
      vertex 40.1467 -46.2337 2.5
    endloop
  endfacet
  facet normal -0 0 1
    outer loop
      vertex 39.6757 -41.4512 2.5
      vertex 39.8939 -45.8928 2.5
      vertex 39.8939 -41.0872 2.5
    endloop
  endfacet
  facet normal 0 0 1
    outer loop
      vertex 39.6757 -41.4512 2.5
      vertex 39.6757 -45.5288 2.5
      vertex 39.8939 -45.8928 2.5
    endloop
  endfacet
  facet normal -0 0 1
    outer loop
      vertex 39.4942 -41.8349 2.5
      vertex 39.6757 -45.5288 2.5
      vertex 39.6757 -41.4512 2.5
    endloop
  endfacet
  facet normal 0 0 1
    outer loop
      vertex 39.4942 -41.8349 2.5
      vertex 39.4942 -45.1451 2.5
      vertex 39.6757 -45.5288 2.5
    endloop
  endfacet
  facet normal -0 0 1
    outer loop
      vertex 39.3512 -42.2345 2.5
      vertex 39.4942 -45.1451 2.5
      vertex 39.4942 -41.8349 2.5
    endloop
  endfacet
  facet normal 0 0 1
    outer loop
      vertex 39.3512 -42.2345 2.5
      vertex 39.3512 -44.7455 2.5
      vertex 39.4942 -45.1451 2.5
    endloop
  endfacet
  facet normal -0 0 1
    outer loop
      vertex 39.2481 -42.6462 2.5
      vertex 39.3512 -44.7455 2.5
      vertex 39.3512 -42.2345 2.5
    endloop
  endfacet
  facet normal 0 0 1
    outer loop
      vertex 39.2481 -42.6462 2.5
      vertex 39.2481 -44.3338 2.5
      vertex 39.3512 -44.7455 2.5
    endloop
  endfacet
  facet normal -0 0 1
    outer loop
      vertex 39.1858 -43.0661 2.5
      vertex 39.2481 -44.3338 2.5
      vertex 39.2481 -42.6462 2.5
    endloop
  endfacet
  facet normal 0 0 1
    outer loop
      vertex 39.1858 -43.0661 2.5
      vertex 39.1858 -43.9139 2.5
      vertex 39.2481 -44.3338 2.5
    endloop
  endfacet
  facet normal 0 -0 1
    outer loop
      vertex 39.1858 -43.9139 2.5
      vertex 39.1858 -43.0661 2.5
      vertex 39.165 -43.49 2.5
    endloop
  endfacet
  facet normal 0.0304946 -0.0109111 -0.999475
    outer loop
      vertex 48.3385 -45.4983 0
      vertex 17.4168 -17.4168 -1.25
      vertex 48.512 -45.0134 0
    endloop
  endfacet
  facet normal -0.671499 -0.741006 0
    outer loop
      vertex 39.3355 38.6283 2.46532
      vertex 38.9645 38.9645 10
      vertex 38.9645 38.9645 2.46532
    endloop
  endfacet
  facet normal -0.671547 -0.740962 -4.29367e-06
    outer loop
      vertex 38.9645 38.9645 10
      vertex 39.3355 38.6283 2.46532
      vertex 39.4299 38.5427 10
    endloop
  endfacet
  facet normal -0.671735 -0.740792 -0
    outer loop
      vertex 39.4299 38.5427 10
      vertex 39.3355 38.6283 2.46532
      vertex 39.4299 38.5427 2.46494
    endloop
  endfacet
  facet normal -0.941547 0.336881 0
    outer loop
      vertex 37.3656 45.3478 0
      vertex 37.5772 45.9392 10
      vertex 37.5772 45.9392 0
    endloop
  endfacet
  facet normal -0.941547 0.336881 0
    outer loop
      vertex 37.5772 45.9392 10
      vertex 37.3656 45.3478 0
      vertex 37.3656 45.3478 10
    endloop
  endfacet
  facet normal 0.989158 0.146852 -0
    outer loop
      vertex 49.8336 44.29 4
      vertex 49.767 44.7386 10
      vertex 49.8336 44.29 10
    endloop
  endfacet
  facet normal 0.989158 0.146852 0
    outer loop
      vertex 49.767 44.7386 10
      vertex 49.8336 44.29 4
      vertex 49.767 44.7386 0
    endloop
  endfacet
  facet normal 0.989191 0.146632 -0
    outer loop
      vertex 49.8592 44.1173 0
      vertex 49.8336 44.29 4
      vertex 49.8592 44.1173 4
    endloop
  endfacet
  facet normal 0.989168 0.146791 -7.02909e-06
    outer loop
      vertex 49.8336 44.29 4
      vertex 49.8592 44.1173 0
      vertex 49.767 44.7386 0
    endloop
  endfacet
  facet normal 0.998797 0.0490402 0
    outer loop
      vertex 49.89 43.49 4
      vertex 49.8592 44.1173 0
      vertex 49.8592 44.1173 4
    endloop
  endfacet
  facet normal 0.998797 0.0490402 0
    outer loop
      vertex 49.8592 44.1173 0
      vertex 49.89 43.49 4
      vertex 49.89 43.49 0
    endloop
  endfacet
  facet normal -0.514249 -0.857641 0
    outer loop
      vertex 40.1387 38.0461 2.46416
      vertex 39.9344 38.1686 10
      vertex 39.9344 38.1686 2.46416
    endloop
  endfacet
  facet normal -0.514121 -0.857718 4.7074e-06
    outer loop
      vertex 39.9344 38.1686 10
      vertex 40.1387 38.0461 2.46416
      vertex 40.4731 37.8457 10
    endloop
  endfacet
  facet normal -0.514043 -0.857764 -0
    outer loop
      vertex 40.4731 37.8457 10
      vertex 40.1387 38.0461 2.46416
      vertex 40.4731 37.8457 2.46293
    endloop
  endfacet
  facet normal 0.671547 0.740962 -0
    outer loop
      vertex 48.0155 48.0155 0
      vertex 47.5501 48.4373 10
      vertex 48.0155 48.0155 10
    endloop
  endfacet
  facet normal 0.671547 0.740962 0
    outer loop
      vertex 47.5501 48.4373 10
      vertex 48.0155 48.0155 0
      vertex 47.5501 48.4373 0
    endloop
  endfacet
  facet normal -0.145888 -0.989301 0
    outer loop
      vertex 42.2631 37.2098 2.45363
      vertex 42.2414 37.213 10
      vertex 42.2414 37.213 2.45372
    endloop
  endfacet
  facet normal -0.147068 -0.989126 -3.46661e-06
    outer loop
      vertex 42.4911 37.1759 2.45211
      vertex 42.2414 37.213 10
      vertex 42.2631 37.2098 2.45363
    endloop
  endfacet
  facet normal -0.146791 -0.989168 5.8829e-06
    outer loop
      vertex 42.2414 37.213 10
      vertex 42.4911 37.1759 2.45211
      vertex 42.8627 37.1208 10
    endloop
  endfacet
  facet normal -0.146674 -0.989185 -0
    outer loop
      vertex 42.8627 37.1208 10
      vertex 42.4911 37.1759 2.45211
      vertex 42.8627 37.1208 2.44865
    endloop
  endfacet
  facet normal 0.740962 0.671547 0
    outer loop
      vertex 48.4373 47.5501 10
      vertex 48.0155 48.0155 0
      vertex 48.0155 48.0155 10
    endloop
  endfacet
  facet normal 0.740962 0.671547 0
    outer loop
      vertex 48.0155 48.0155 0
      vertex 48.4373 47.5501 10
      vertex 48.4373 47.5501 0
    endloop
  endfacet
  facet normal 0.427552 0.903991 -0
    outer loop
      vertex 46.5069 49.1343 0
      vertex 45.9392 49.4028 10
      vertex 46.5069 49.1343 10
    endloop
  endfacet
  facet normal 0.427552 0.903991 0
    outer loop
      vertex 45.9392 49.4028 10
      vertex 46.5069 49.1343 0
      vertex 45.9392 49.4028 0
    endloop
  endfacet
  facet normal 0.0492877 -0.998785 0
    outer loop
      vertex 43.6663 37.0987 2.43898
      vertex 43.49 37.09 10
      vertex 43.49 37.09 2.44108
    endloop
  endfacet
  facet normal 0.0490402 -0.998797 -5.78469e-06
    outer loop
      vertex 43.49 37.09 10
      vertex 43.6663 37.0987 2.43898
      vertex 44.1173 37.1208 10
    endloop
  endfacet
  facet normal 0.0489327 -0.998802 6.46352e-07
    outer loop
      vertex 43.9786 37.114 2.43235
      vertex 44.1173 37.1208 10
      vertex 43.6663 37.0987 2.43898
    endloop
  endfacet
  facet normal 0.0489679 -0.9988 0
    outer loop
      vertex 44.1173 37.1208 10
      vertex 43.9786 37.114 2.43235
      vertex 44.1173 37.1208 2.42743
    endloop
  endfacet
  facet normal -0.740962 0.671547 0
    outer loop
      vertex 38.5427 47.5501 0
      vertex 38.9645 48.0155 10
      vertex 38.9645 48.0155 0
    endloop
  endfacet
  facet normal -0.740962 0.671547 0
    outer loop
      vertex 38.9645 48.0155 10
      vertex 38.5427 47.5501 0
      vertex 38.5427 47.5501 10
    endloop
  endfacet
  facet normal 0.989158 -0.146852 0
    outer loop
      vertex 49.8336 42.69 10
      vertex 49.767 42.2414 10
      vertex 49.8336 42.69 4
    endloop
  endfacet
  facet normal 0.989191 -0.146632 0
    outer loop
      vertex 49.8336 42.69 4
      vertex 49.8592 42.8627 0
      vertex 49.8592 42.8627 4
    endloop
  endfacet
  facet normal 0.989158 -0.146852 0
    outer loop
      vertex 49.767 42.2414 0
      vertex 49.8336 42.69 4
      vertex 49.767 42.2414 10
    endloop
  endfacet
  facet normal 0.989168 -0.146791 -7.02909e-06
    outer loop
      vertex 49.8336 42.69 4
      vertex 49.767 42.2414 0
      vertex 49.8592 42.8627 0
    endloop
  endfacet
  facet normal 0.903991 0.427552 0
    outer loop
      vertex 49.4028 45.9392 10
      vertex 49.1343 46.5069 0
      vertex 49.1343 46.5069 10
    endloop
  endfacet
  facet normal 0.903991 0.427552 0
    outer loop
      vertex 49.1343 46.5069 0
      vertex 49.4028 45.9392 10
      vertex 49.4028 45.9392 0
    endloop
  endfacet
  facet normal -0.242985 0.97003 0
    outer loop
      vertex 42.2414 49.767 0
      vertex 41.6322 49.6144 10
      vertex 42.2414 49.767 10
    endloop
  endfacet
  facet normal -0.242985 0.97003 0
    outer loop
      vertex 41.6322 49.6144 10
      vertex 42.2414 49.767 0
      vertex 41.6322 49.6144 0
    endloop
  endfacet
  facet normal -0.803199 0.595711 0
    outer loop
      vertex 38.1686 47.0457 0
      vertex 38.5427 47.5501 10
      vertex 38.5427 47.5501 0
    endloop
  endfacet
  facet normal -0.803199 0.595711 0
    outer loop
      vertex 38.5427 47.5501 10
      vertex 38.1686 47.0457 0
      vertex 38.1686 47.0457 10
    endloop
  endfacet
  facet normal 0.242985 0.97003 -0
    outer loop
      vertex 45.3478 49.6144 0
      vertex 44.7386 49.767 10
      vertex 45.3478 49.6144 10
    endloop
  endfacet
  facet normal 0.242985 0.97003 0
    outer loop
      vertex 44.7386 49.767 10
      vertex 45.3478 49.6144 0
      vertex 44.7386 49.767 0
    endloop
  endfacet
  facet normal 0.336881 0.941547 -0
    outer loop
      vertex 45.9392 49.4028 0
      vertex 45.3478 49.6144 10
      vertex 45.9392 49.4028 10
    endloop
  endfacet
  facet normal 0.336881 0.941547 0
    outer loop
      vertex 45.3478 49.6144 10
      vertex 45.9392 49.4028 0
      vertex 45.3478 49.6144 0
    endloop
  endfacet
  facet normal 0.941547 0.336881 0
    outer loop
      vertex 49.6144 45.3478 10
      vertex 49.4028 45.9392 0
      vertex 49.4028 45.9392 10
    endloop
  endfacet
  facet normal 0.941547 0.336881 0
    outer loop
      vertex 49.4028 45.9392 0
      vertex 49.6144 45.3478 10
      vertex 49.6144 45.3478 0
    endloop
  endfacet
  facet normal 0.595711 0.803199 -0
    outer loop
      vertex 47.5501 48.4373 0
      vertex 47.0457 48.8114 10
      vertex 47.5501 48.4373 10
    endloop
  endfacet
  facet normal 0.595711 0.803199 0
    outer loop
      vertex 47.0457 48.8114 10
      vertex 47.5501 48.4373 0
      vertex 47.0457 48.8114 0
    endloop
  endfacet
  facet normal -0.857764 -0.514043 0
    outer loop
      vertex 38.0461 40.1387 2.46416
      vertex 37.8457 40.4731 10
      vertex 37.8457 40.4731 2.46293
    endloop
  endfacet
  facet normal -0.857641 -0.514249 -0
    outer loop
      vertex 38.1686 39.9344 10
      vertex 38.0461 40.1387 2.46416
      vertex 38.1686 39.9344 2.46416
    endloop
  endfacet
  facet normal -0.857718 -0.514121 4.7074e-06
    outer loop
      vertex 38.0461 40.1387 2.46416
      vertex 38.1686 39.9344 10
      vertex 37.8457 40.4731 10
    endloop
  endfacet
  facet normal 0.514051 0.85776 -0
    outer loop
      vertex 47.0457 48.8114 0
      vertex 46.5069 49.1343 10
      vertex 47.0457 48.8114 10
    endloop
  endfacet
  facet normal 0.514051 0.85776 0
    outer loop
      vertex 46.5069 49.1343 10
      vertex 47.0457 48.8114 0
      vertex 46.5069 49.1343 0
    endloop
  endfacet
  facet normal 0.941547 -0.336881 0
    outer loop
      vertex 49.4028 41.0408 10
      vertex 49.6144 41.6322 0
      vertex 49.6144 41.6322 10
    endloop
  endfacet
  facet normal 0.941547 -0.336881 0
    outer loop
      vertex 49.6144 41.6322 0
      vertex 49.4028 41.0408 10
      vertex 49.4028 41.0408 0
    endloop
  endfacet
  facet normal -0.85776 0.514051 0
    outer loop
      vertex 37.8457 46.5069 0
      vertex 38.1686 47.0457 10
      vertex 38.1686 47.0457 0
    endloop
  endfacet
  facet normal -0.85776 0.514051 0
    outer loop
      vertex 38.1686 47.0457 10
      vertex 37.8457 46.5069 0
      vertex 37.8457 46.5069 10
    endloop
  endfacet
  facet normal -0.970054 -0.242891 0
    outer loop
      vertex 37.3095 41.856 2.45701
      vertex 37.213 42.2414 10
      vertex 37.213 42.2414 2.45372
    endloop
  endfacet
  facet normal -0.969989 -0.243147 -0
    outer loop
      vertex 37.3656 41.6322 10
      vertex 37.3095 41.856 2.45701
      vertex 37.3656 41.6322 2.45789
    endloop
  endfacet
  facet normal -0.97003 -0.242985 5.11699e-06
    outer loop
      vertex 37.3095 41.856 2.45701
      vertex 37.3656 41.6322 10
      vertex 37.213 42.2414 10
    endloop
  endfacet
  facet normal 0.0490402 0.998797 -0
    outer loop
      vertex 44.1173 49.8592 0
      vertex 43.49 49.89 10
      vertex 44.1173 49.8592 10
    endloop
  endfacet
  facet normal 0.0490402 0.998797 0
    outer loop
      vertex 43.49 49.89 10
      vertex 44.1173 49.8592 0
      vertex 43.49 49.89 0
    endloop
  endfacet
  facet normal 0.85776 0.514051 0
    outer loop
      vertex 49.1343 46.5069 10
      vertex 48.8114 47.0457 0
      vertex 48.8114 47.0457 10
    endloop
  endfacet
  facet normal 0.85776 0.514051 0
    outer loop
      vertex 48.8114 47.0457 0
      vertex 49.1343 46.5069 10
      vertex 49.1343 46.5069 0
    endloop
  endfacet
  facet normal -0.941627 -0.336658 0
    outer loop
      vertex 37.4385 41.4283 2.45952
      vertex 37.3656 41.6322 10
      vertex 37.3656 41.6322 2.45789
    endloop
  endfacet
  facet normal -0.941505 -0.336998 -0
    outer loop
      vertex 37.5772 41.0408 10
      vertex 37.4385 41.4283 2.45952
      vertex 37.5772 41.0408 2.46097
    endloop
  endfacet
  facet normal -0.941547 -0.336881 6.79435e-06
    outer loop
      vertex 37.4385 41.4283 2.45952
      vertex 37.5772 41.0408 10
      vertex 37.3656 41.6322 10
    endloop
  endfacet
  facet normal -0.671547 0.740962 0
    outer loop
      vertex 39.4299 48.4373 0
      vertex 38.9645 48.0155 10
      vertex 39.4299 48.4373 10
    endloop
  endfacet
  facet normal -0.671547 0.740962 0
    outer loop
      vertex 38.9645 48.0155 10
      vertex 39.4299 48.4373 0
      vertex 38.9645 48.0155 0
    endloop
  endfacet
  facet normal 0.97003 -0.242985 0
    outer loop
      vertex 49.6144 41.6322 10
      vertex 49.767 42.2414 0
      vertex 49.767 42.2414 10
    endloop
  endfacet
  facet normal 0.97003 -0.242985 0
    outer loop
      vertex 49.767 42.2414 0
      vertex 49.6144 41.6322 10
      vertex 49.6144 41.6322 0
    endloop
  endfacet
  facet normal 0 0 -1
    outer loop
      vertex 48.738 43.49 0
      vertex 49.89 43.49 0
      vertex 49.8592 42.8627 0
    endloop
  endfacet
  facet normal 0 0 -1
    outer loop
      vertex 48.7127 42.9756 0
      vertex 49.8592 42.8627 0
      vertex 49.767 42.2414 0
    endloop
  endfacet
  facet normal 0 0 -1
    outer loop
      vertex 49.89 43.49 0
      vertex 48.738 43.49 0
      vertex 49.8592 44.1173 0
    endloop
  endfacet
  facet normal 0 0 -1
    outer loop
      vertex 48.6372 42.4662 0
      vertex 49.767 42.2414 0
      vertex 49.6144 41.6322 0
    endloop
  endfacet
  facet normal 0 0 -1
    outer loop
      vertex 48.7127 44.0044 0
      vertex 49.8592 44.1173 0
      vertex 48.738 43.49 0
    endloop
  endfacet
  facet normal 0 0 -1
    outer loop
      vertex 48.512 41.9666 0
      vertex 49.6144 41.6322 0
      vertex 49.4028 41.0408 0
    endloop
  endfacet
  facet normal -0 0 -1
    outer loop
      vertex 49.8592 44.1173 0
      vertex 48.7127 44.0044 0
      vertex 49.767 44.7386 0
    endloop
  endfacet
  facet normal 0 0 -1
    outer loop
      vertex 48.3385 41.4817 0
      vertex 49.4028 41.0408 0
      vertex 49.1343 40.4731 0
    endloop
  endfacet
  facet normal 0 0 -1
    outer loop
      vertex 48.6372 44.5138 0
      vertex 49.767 44.7386 0
      vertex 48.7127 44.0044 0
    endloop
  endfacet
  facet normal 0 0 -1
    outer loop
      vertex 48.1183 41.0161 0
      vertex 49.1343 40.4731 0
      vertex 48.8114 39.9344 0
    endloop
  endfacet
  facet normal -0 0 -1
    outer loop
      vertex 49.767 44.7386 0
      vertex 48.6372 44.5138 0
      vertex 49.6144 45.3478 0
    endloop
  endfacet
  facet normal 0 0 -1
    outer loop
      vertex 48.512 45.0134 0
      vertex 49.6144 45.3478 0
      vertex 48.6372 44.5138 0
    endloop
  endfacet
  facet normal 0 0 -1
    outer loop
      vertex 49.8592 42.8627 0
      vertex 48.7127 42.9756 0
      vertex 48.738 43.49 0
    endloop
  endfacet
  facet normal 0 0 -1
    outer loop
      vertex 49.767 42.2414 0
      vertex 48.6372 42.4662 0
      vertex 48.7127 42.9756 0
    endloop
  endfacet
  facet normal 0 0 -1
    outer loop
      vertex 49.6144 41.6322 0
      vertex 48.512 41.9666 0
      vertex 48.6372 42.4662 0
    endloop
  endfacet
  facet normal 0 0 -1
    outer loop
      vertex 47.8536 40.5744 0
      vertex 48.8114 39.9344 0
      vertex 48.4373 39.4299 0
    endloop
  endfacet
  facet normal 0 0 -1
    outer loop
      vertex 49.4028 41.0408 0
      vertex 48.3385 41.4817 0
      vertex 48.512 41.9666 0
    endloop
  endfacet
  facet normal 0 0 -1
    outer loop
      vertex 49.1343 40.4731 0
      vertex 48.1183 41.0161 0
      vertex 48.3385 41.4817 0
    endloop
  endfacet
  facet normal 0 0 -1
    outer loop
      vertex 47.5468 40.1607 0
      vertex 48.4373 39.4299 0
      vertex 48.0155 38.9645 0
    endloop
  endfacet
  facet normal 0 0 -1
    outer loop
      vertex 48.8114 39.9344 0
      vertex 47.8536 40.5744 0
      vertex 48.1183 41.0161 0
    endloop
  endfacet
  facet normal 0 0 -1
    outer loop
      vertex 47.2009 39.7791 0
      vertex 48.0155 38.9645 0
      vertex 47.5501 38.5427 0
    endloop
  endfacet
  facet normal 0 0 -1
    outer loop
      vertex 48.4373 39.4299 0
      vertex 47.5468 40.1607 0
      vertex 47.8536 40.5744 0
    endloop
  endfacet
  facet normal 0 0 -1
    outer loop
      vertex 48.0155 38.9645 0
      vertex 47.2009 39.7791 0
      vertex 47.5468 40.1607 0
    endloop
  endfacet
  facet normal 0 0 -1
    outer loop
      vertex 47.0457 38.1686 0
      vertex 47.2009 39.7791 0
      vertex 47.5501 38.5427 0
    endloop
  endfacet
  facet normal 0 0 -1
    outer loop
      vertex 46.5069 37.8457 0
      vertex 47.2009 39.7791 0
      vertex 47.0457 38.1686 0
    endloop
  endfacet
  facet normal 0 0 -1
    outer loop
      vertex 45.9392 37.5772 0
      vertex 47.2009 39.7791 0
      vertex 46.5069 37.8457 0
    endloop
  endfacet
  facet normal 0 0 -1
    outer loop
      vertex 45.3478 37.3656 0
      vertex 47.2009 39.7791 0
      vertex 45.9392 37.5772 0
    endloop
  endfacet
  facet normal 0 0 -1
    outer loop
      vertex 44.7386 37.213 0
      vertex 47.2009 39.7791 0
      vertex 45.3478 37.3656 0
    endloop
  endfacet
  facet normal 0 0 -1
    outer loop
      vertex 47.2009 39.7791 0
      vertex 44.7386 37.213 0
      vertex 44.573 37.1884 0
    endloop
  endfacet
  facet normal -0 0 -1
    outer loop
      vertex 49.6144 45.3478 0
      vertex 48.512 45.0134 0
      vertex 49.4028 45.9392 0
    endloop
  endfacet
  facet normal 0 0 -1
    outer loop
      vertex 48.3385 45.4983 0
      vertex 49.4028 45.9392 0
      vertex 48.512 45.0134 0
    endloop
  endfacet
  facet normal -0 0 -1
    outer loop
      vertex 49.4028 45.9392 0
      vertex 48.3385 45.4983 0
      vertex 49.1343 46.5069 0
    endloop
  endfacet
  facet normal 0 0 -1
    outer loop
      vertex 48.1183 45.9639 0
      vertex 49.1343 46.5069 0
      vertex 48.3385 45.4983 0
    endloop
  endfacet
  facet normal -0 0 -1
    outer loop
      vertex 49.1343 46.5069 0
      vertex 48.1183 45.9639 0
      vertex 48.8114 47.0457 0
    endloop
  endfacet
  facet normal 0 0 -1
    outer loop
      vertex 47.8536 46.4056 0
      vertex 48.8114 47.0457 0
      vertex 48.1183 45.9639 0
    endloop
  endfacet
  facet normal -0 0 -1
    outer loop
      vertex 48.8114 47.0457 0
      vertex 47.8536 46.4056 0
      vertex 48.4373 47.5501 0
    endloop
  endfacet
  facet normal 0 0 -1
    outer loop
      vertex 47.5468 46.8193 0
      vertex 48.4373 47.5501 0
      vertex 47.8536 46.4056 0
    endloop
  endfacet
  facet normal -0 0 -1
    outer loop
      vertex 48.4373 47.5501 0
      vertex 47.5468 46.8193 0
      vertex 48.0155 48.0155 0
    endloop
  endfacet
  facet normal 0 0 -1
    outer loop
      vertex 47.2009 47.2009 0
      vertex 48.0155 48.0155 0
      vertex 47.5468 46.8193 0
    endloop
  endfacet
  facet normal -0 0 -1
    outer loop
      vertex 48.0155 48.0155 0
      vertex 47.2009 47.2009 0
      vertex 47.5501 48.4373 0
    endloop
  endfacet
  facet normal 0 0 -1
    outer loop
      vertex 46.8193 47.5468 0
      vertex 47.5501 48.4373 0
      vertex 47.2009 47.2009 0
    endloop
  endfacet
  facet normal -0 0 -1
    outer loop
      vertex 47.5501 48.4373 0
      vertex 46.8193 47.5468 0
      vertex 47.0457 48.8114 0
    endloop
  endfacet
  facet normal 0 0 -1
    outer loop
      vertex 46.4056 47.8536 0
      vertex 47.0457 48.8114 0
      vertex 46.8193 47.5468 0
    endloop
  endfacet
  facet normal -0 0 -1
    outer loop
      vertex 47.0457 48.8114 0
      vertex 46.4056 47.8536 0
      vertex 46.5069 49.1343 0
    endloop
  endfacet
  facet normal 0 0 -1
    outer loop
      vertex 45.9639 48.1183 0
      vertex 46.5069 49.1343 0
      vertex 46.4056 47.8536 0
    endloop
  endfacet
  facet normal 0 0 -1
    outer loop
      vertex 45.9639 48.1183 0
      vertex 45.9392 49.4028 0
      vertex 46.5069 49.1343 0
    endloop
  endfacet
  facet normal 0 0 -1
    outer loop
      vertex 45.4983 48.3385 0
      vertex 45.9392 49.4028 0
      vertex 45.9639 48.1183 0
    endloop
  endfacet
  facet normal 0 0 -1
    outer loop
      vertex 45.4983 48.3385 0
      vertex 45.3478 49.6144 0
      vertex 45.9392 49.4028 0
    endloop
  endfacet
  facet normal 0 0 -1
    outer loop
      vertex 45.0134 48.512 0
      vertex 45.3478 49.6144 0
      vertex 45.4983 48.3385 0
    endloop
  endfacet
  facet normal 0 0 -1
    outer loop
      vertex 45.0134 48.512 0
      vertex 44.7386 49.767 0
      vertex 45.3478 49.6144 0
    endloop
  endfacet
  facet normal 0 0 -1
    outer loop
      vertex 44.5138 48.6372 0
      vertex 44.7386 49.767 0
      vertex 45.0134 48.512 0
    endloop
  endfacet
  facet normal 0 0 -1
    outer loop
      vertex 44.5138 48.6372 0
      vertex 44.1173 49.8592 0
      vertex 44.7386 49.767 0
    endloop
  endfacet
  facet normal 0 0 -1
    outer loop
      vertex 44.0044 48.7127 0
      vertex 44.1173 49.8592 0
      vertex 44.5138 48.6372 0
    endloop
  endfacet
  facet normal 0 0 -1
    outer loop
      vertex 44.0044 48.7127 0
      vertex 43.49 49.89 0
      vertex 44.1173 49.8592 0
    endloop
  endfacet
  facet normal 0 0 -1
    outer loop
      vertex 43.49 48.738 0
      vertex 43.49 49.89 0
      vertex 44.0044 48.7127 0
    endloop
  endfacet
  facet normal 0 0 -1
    outer loop
      vertex 42.9756 48.7127 0
      vertex 43.49 49.89 0
      vertex 43.49 48.738 0
    endloop
  endfacet
  facet normal 0 0 -1
    outer loop
      vertex 42.9756 48.7127 0
      vertex 42.8627 49.8592 0
      vertex 43.49 49.89 0
    endloop
  endfacet
  facet normal 0 0 -1
    outer loop
      vertex 42.4662 48.6372 0
      vertex 42.8627 49.8592 0
      vertex 42.9756 48.7127 0
    endloop
  endfacet
  facet normal 0 0 -1
    outer loop
      vertex 42.4662 48.6372 0
      vertex 42.2414 49.767 0
      vertex 42.8627 49.8592 0
    endloop
  endfacet
  facet normal 0 0 -1
    outer loop
      vertex 41.9666 48.512 0
      vertex 42.2414 49.767 0
      vertex 42.4662 48.6372 0
    endloop
  endfacet
  facet normal 0 0 -1
    outer loop
      vertex 41.9666 48.512 0
      vertex 41.6322 49.6144 0
      vertex 42.2414 49.767 0
    endloop
  endfacet
  facet normal 0 0 -1
    outer loop
      vertex 41.4817 48.3385 0
      vertex 41.6322 49.6144 0
      vertex 41.9666 48.512 0
    endloop
  endfacet
  facet normal 0 0 -1
    outer loop
      vertex 41.4817 48.3385 0
      vertex 41.0408 49.4028 0
      vertex 41.6322 49.6144 0
    endloop
  endfacet
  facet normal 0 0 -1
    outer loop
      vertex 41.0161 48.1183 0
      vertex 41.0408 49.4028 0
      vertex 41.4817 48.3385 0
    endloop
  endfacet
  facet normal 0 0 -1
    outer loop
      vertex 40.4731 49.1343 0
      vertex 41.0161 48.1183 0
      vertex 40.5744 47.8536 0
    endloop
  endfacet
  facet normal 0 0 -1
    outer loop
      vertex 41.0161 48.1183 0
      vertex 40.4731 49.1343 0
      vertex 41.0408 49.4028 0
    endloop
  endfacet
  facet normal 0 0 -1
    outer loop
      vertex 39.9344 48.8114 0
      vertex 40.5744 47.8536 0
      vertex 40.1607 47.5468 0
    endloop
  endfacet
  facet normal 0 0 -1
    outer loop
      vertex 40.5744 47.8536 0
      vertex 39.9344 48.8114 0
      vertex 40.4731 49.1343 0
    endloop
  endfacet
  facet normal 0 0 -1
    outer loop
      vertex 39.4299 48.4373 0
      vertex 40.1607 47.5468 0
      vertex 39.7791 47.2009 0
    endloop
  endfacet
  facet normal 0 0 -1
    outer loop
      vertex 40.1607 47.5468 0
      vertex 39.4299 48.4373 0
      vertex 39.9344 48.8114 0
    endloop
  endfacet
  facet normal 0 0 -1
    outer loop
      vertex 39.7791 47.2009 0
      vertex 38.9645 48.0155 0
      vertex 39.4299 48.4373 0
    endloop
  endfacet
  facet normal 0 0 -1
    outer loop
      vertex 39.7791 47.2009 0
      vertex 38.5427 47.5501 0
      vertex 38.9645 48.0155 0
    endloop
  endfacet
  facet normal -0 0 -1
    outer loop
      vertex 39.7791 47.2009 0
      vertex 38.1686 47.0457 0
      vertex 38.5427 47.5501 0
    endloop
  endfacet
  facet normal 0 0 -1
    outer loop
      vertex 39.7791 47.2009 0
      vertex 37.8457 46.5069 0
      vertex 38.1686 47.0457 0
    endloop
  endfacet
  facet normal 0 0 -1
    outer loop
      vertex 39.7791 47.2009 0
      vertex 37.5772 45.9392 0
      vertex 37.8457 46.5069 0
    endloop
  endfacet
  facet normal 0 0 -1
    outer loop
      vertex 39.7791 47.2009 0
      vertex 37.3656 45.3478 0
      vertex 37.5772 45.9392 0
    endloop
  endfacet
  facet normal 0 0 -1
    outer loop
      vertex 39.7791 47.2009 0
      vertex 37.213 44.7386 0
      vertex 37.3656 45.3478 0
    endloop
  endfacet
  facet normal 0 -0 -1
    outer loop
      vertex 37.213 44.7386 0
      vertex 39.7791 47.2009 0
      vertex 37.1884 44.573 0
    endloop
  endfacet
  facet normal -0.514121 0.857718 0
    outer loop
      vertex 40.4731 49.1343 0
      vertex 39.9344 48.8114 10
      vertex 40.4731 49.1343 10
    endloop
  endfacet
  facet normal -0.514121 0.857718 0
    outer loop
      vertex 39.9344 48.8114 10
      vertex 40.4731 49.1343 0
      vertex 39.9344 48.8114 0
    endloop
  endfacet
  facet normal -0.998794 -0.0490942 0
    outer loop
      vertex 37.099 43.3069 2.44432
      vertex 37.09 43.49 10
      vertex 37.09 43.49 2.44108
    endloop
  endfacet
  facet normal -0.998796 -0.0490514 -1.03978e-06
    outer loop
      vertex 37.1186 42.9078 2.44844
      vertex 37.09 43.49 10
      vertex 37.099 43.3069 2.44432
    endloop
  endfacet
  facet normal -0.998812 -0.0487226 -0
    outer loop
      vertex 37.1208 42.8627 10
      vertex 37.1186 42.9078 2.44844
      vertex 37.1208 42.8627 2.44865
    endloop
  endfacet
  facet normal -0.998797 -0.0490402 -1.90183e-06
    outer loop
      vertex 37.1186 42.9078 2.44844
      vertex 37.1208 42.8627 10
      vertex 37.09 43.49 10
    endloop
  endfacet
  facet normal -0.97003 0.242985 0
    outer loop
      vertex 37.213 44.7386 0
      vertex 37.3656 45.3478 10
      vertex 37.3656 45.3478 0
    endloop
  endfacet
  facet normal -0.97003 0.242985 0
    outer loop
      vertex 37.3656 45.3478 10
      vertex 37.213 44.7386 0
      vertex 37.213 44.7386 10
    endloop
  endfacet
  facet normal 0.427552 -0.903991 0
    outer loop
      vertex 45.9392 37.5772 0
      vertex 46.5069 37.8457 10
      vertex 45.9392 37.5772 10
    endloop
  endfacet
  facet normal 0.427552 -0.903991 0
    outer loop
      vertex 46.5069 37.8457 10
      vertex 45.9392 37.5772 0
      vertex 46.5069 37.8457 0
    endloop
  endfacet
  facet normal -0.336998 -0.941505 0
    outer loop
      vertex 41.4283 37.4385 2.45952
      vertex 41.0408 37.5772 10
      vertex 41.0408 37.5772 2.46097
    endloop
  endfacet
  facet normal -0.336881 -0.941547 6.79435e-06
    outer loop
      vertex 41.0408 37.5772 10
      vertex 41.4283 37.4385 2.45952
      vertex 41.6322 37.3656 10
    endloop
  endfacet
  facet normal -0.336658 -0.941627 -0
    outer loop
      vertex 41.6322 37.3656 10
      vertex 41.4283 37.4385 2.45952
      vertex 41.6322 37.3656 2.45789
    endloop
  endfacet
  facet normal -0.336881 0.941547 0
    outer loop
      vertex 41.6322 49.6144 0
      vertex 41.0408 49.4028 10
      vertex 41.6322 49.6144 10
    endloop
  endfacet
  facet normal -0.336881 0.941547 0
    outer loop
      vertex 41.0408 49.4028 10
      vertex 41.6322 49.6144 0
      vertex 41.0408 49.4028 0
    endloop
  endfacet
  facet normal 0.514051 -0.85776 0
    outer loop
      vertex 46.5069 37.8457 0
      vertex 47.0457 38.1686 10
      vertex 46.5069 37.8457 10
    endloop
  endfacet
  facet normal 0.514051 -0.85776 0
    outer loop
      vertex 47.0457 38.1686 10
      vertex 46.5069 37.8457 0
      vertex 47.0457 38.1686 0
    endloop
  endfacet
  facet normal 0.147223 -0.989103 0
    outer loop
      vertex 44.2342 37.1382 2.42426
      vertex 44.1173 37.1208 10
      vertex 44.1173 37.1208 2.42743
    endloop
  endfacet
  facet normal 0.146791 -0.989168 -6.81749e-06
    outer loop
      vertex 44.1173 37.1208 10
      vertex 44.2342 37.1382 2.42426
      vertex 44.7386 37.213 10
    endloop
  endfacet
  facet normal 0.146308 -0.989239 2.60433e-05
    outer loop
      vertex 44.4269 37.1667 2.41468
      vertex 44.7386 37.213 10
      vertex 44.2342 37.1382 2.42426
    endloop
  endfacet
  facet normal 0.147437 -0.989071 -2.13718e-05
    outer loop
      vertex 44.5396 37.1835 2.40308
      vertex 44.7386 37.213 10
      vertex 44.4269 37.1667 2.41468
    endloop
  endfacet
  facet normal 0.145168 -0.989407 3.93605e-05
    outer loop
      vertex 44.573 37.1884 2.38971
      vertex 44.7386 37.213 10
      vertex 44.5396 37.1835 2.40308
    endloop
  endfacet
  facet normal 0.146938 -0.989146 0
    outer loop
      vertex 44.7386 37.213 0
      vertex 44.573 37.1884 2.38971
      vertex 44.573 37.1884 0
    endloop
  endfacet
  facet normal 0.146938 -0.989146 0
    outer loop
      vertex 44.573 37.1884 2.38971
      vertex 44.7386 37.213 0
      vertex 44.7386 37.213 10
    endloop
  endfacet
  facet normal 0.740962 -0.671547 0
    outer loop
      vertex 48.0155 38.9645 10
      vertex 48.4373 39.4299 0
      vertex 48.4373 39.4299 10
    endloop
  endfacet
  facet normal 0.740962 -0.671547 0
    outer loop
      vertex 48.4373 39.4299 0
      vertex 48.0155 38.9645 10
      vertex 48.0155 38.9645 0
    endloop
  endfacet
  facet normal 0.803255 -0.595635 0
    outer loop
      vertex 48.4373 39.4299 10
      vertex 48.8114 39.9344 0
      vertex 48.8114 39.9344 10
    endloop
  endfacet
  facet normal 0.803255 -0.595635 0
    outer loop
      vertex 48.8114 39.9344 0
      vertex 48.4373 39.4299 10
      vertex 48.4373 39.4299 0
    endloop
  endfacet
  facet normal -0.427552 0.903991 0
    outer loop
      vertex 41.0408 49.4028 0
      vertex 40.4731 49.1343 10
      vertex 41.0408 49.4028 10
    endloop
  endfacet
  facet normal -0.427552 0.903991 0
    outer loop
      vertex 40.4731 49.1343 10
      vertex 41.0408 49.4028 0
      vertex 40.4731 49.1343 0
    endloop
  endfacet
  facet normal -0.595635 0.803255 0
    outer loop
      vertex 39.9344 48.8114 0
      vertex 39.4299 48.4373 10
      vertex 39.9344 48.8114 10
    endloop
  endfacet
  facet normal -0.595635 0.803255 0
    outer loop
      vertex 39.4299 48.4373 10
      vertex 39.9344 48.8114 0
      vertex 39.4299 48.4373 0
    endloop
  endfacet
  facet normal -0.989146 0.146938 0
    outer loop
      vertex 37.1884 44.573 2.38971
      vertex 37.213 44.7386 0
      vertex 37.1884 44.573 0
    endloop
  endfacet
  facet normal -0.989146 0.146938 0
    outer loop
      vertex 37.213 44.7386 0
      vertex 37.1884 44.573 2.38971
      vertex 37.213 44.7386 10
    endloop
  endfacet
  facet normal -0.989407 0.145168 3.93605e-05
    outer loop
      vertex 37.1835 44.5396 2.40308
      vertex 37.213 44.7386 10
      vertex 37.1884 44.573 2.38971
    endloop
  endfacet
  facet normal -0.989071 0.147437 -2.13718e-05
    outer loop
      vertex 37.1667 44.4269 2.41468
      vertex 37.213 44.7386 10
      vertex 37.1835 44.5396 2.40308
    endloop
  endfacet
  facet normal -0.989239 0.146308 2.60433e-05
    outer loop
      vertex 37.1382 44.2342 2.42426
      vertex 37.213 44.7386 10
      vertex 37.1667 44.4269 2.41468
    endloop
  endfacet
  facet normal -0.989103 0.147223 0
    outer loop
      vertex 37.1208 44.1173 10
      vertex 37.1382 44.2342 2.42426
      vertex 37.1208 44.1173 2.42743
    endloop
  endfacet
  facet normal -0.989168 0.146791 -6.81749e-06
    outer loop
      vertex 37.1382 44.2342 2.42426
      vertex 37.1208 44.1173 10
      vertex 37.213 44.7386 10
    endloop
  endfacet
  facet normal -0.243147 -0.969989 0
    outer loop
      vertex 41.856 37.3095 2.45701
      vertex 41.6322 37.3656 10
      vertex 41.6322 37.3656 2.45789
    endloop
  endfacet
  facet normal -0.242985 -0.97003 5.11699e-06
    outer loop
      vertex 41.6322 37.3656 10
      vertex 41.856 37.3095 2.45701
      vertex 42.2414 37.213 10
    endloop
  endfacet
  facet normal -0.242891 -0.970054 -0
    outer loop
      vertex 42.2414 37.213 10
      vertex 41.856 37.3095 2.45701
      vertex 42.2414 37.213 2.45372
    endloop
  endfacet
  facet normal 0.97003 0.242985 0
    outer loop
      vertex 49.767 44.7386 10
      vertex 49.6144 45.3478 0
      vertex 49.6144 45.3478 10
    endloop
  endfacet
  facet normal 0.97003 0.242985 0
    outer loop
      vertex 49.6144 45.3478 0
      vertex 49.767 44.7386 10
      vertex 49.767 44.7386 0
    endloop
  endfacet
  facet normal 0.803199 0.595711 0
    outer loop
      vertex 48.8114 47.0457 10
      vertex 48.4373 47.5501 0
      vertex 48.4373 47.5501 10
    endloop
  endfacet
  facet normal 0.803199 0.595711 0
    outer loop
      vertex 48.4373 47.5501 0
      vertex 48.8114 47.0457 10
      vertex 48.8114 47.0457 0
    endloop
  endfacet
  facet normal -0.803405 -0.595433 0
    outer loop
      vertex 38.3212 39.7285 2.46494
      vertex 38.1686 39.9344 10
      vertex 38.1686 39.9344 2.46416
    endloop
  endfacet
  facet normal -0.803152 -0.595774 -0
    outer loop
      vertex 38.5427 39.4299 10
      vertex 38.3212 39.7285 2.46494
      vertex 38.5427 39.4299 2.46494
    endloop
  endfacet
  facet normal -0.803255 -0.595635 8.55566e-06
    outer loop
      vertex 38.3212 39.7285 2.46494
      vertex 38.5427 39.4299 10
      vertex 38.1686 39.9344 10
    endloop
  endfacet
  facet normal -0.904034 -0.427461 0
    outer loop
      vertex 37.6007 40.9911 2.46135
      vertex 37.5772 41.0408 10
      vertex 37.5772 41.0408 2.46097
    endloop
  endfacet
  facet normal -0.903994 -0.427545 6.79323e-07
    outer loop
      vertex 37.8044 40.5604 2.46293
      vertex 37.5772 41.0408 10
      vertex 37.6007 40.9911 2.46135
    endloop
  endfacet
  facet normal -0.903949 -0.427641 -0
    outer loop
      vertex 37.8457 40.4731 10
      vertex 37.8044 40.5604 2.46293
      vertex 37.8457 40.4731 2.46293
    endloop
  endfacet
  facet normal -0.903991 -0.427552 1.25918e-06
    outer loop
      vertex 37.8044 40.5604 2.46293
      vertex 37.8457 40.4731 10
      vertex 37.5772 41.0408 10
    endloop
  endfacet
  facet normal 0.146791 0.989168 -0
    outer loop
      vertex 44.7386 49.767 0
      vertex 44.1173 49.8592 10
      vertex 44.7386 49.767 10
    endloop
  endfacet
  facet normal 0.146791 0.989168 0
    outer loop
      vertex 44.1173 49.8592 10
      vertex 44.7386 49.767 0
      vertex 44.1173 49.8592 0
    endloop
  endfacet
  facet normal -0.0490402 0.998797 0
    outer loop
      vertex 43.49 49.89 0
      vertex 42.8627 49.8592 10
      vertex 43.49 49.89 10
    endloop
  endfacet
  facet normal -0.0490402 0.998797 0
    outer loop
      vertex 42.8627 49.8592 10
      vertex 43.49 49.89 0
      vertex 42.8627 49.8592 0
    endloop
  endfacet
  facet normal -0.427641 -0.903949 0
    outer loop
      vertex 40.5604 37.8044 2.46293
      vertex 40.4731 37.8457 10
      vertex 40.4731 37.8457 2.46293
    endloop
  endfacet
  facet normal -0.427552 -0.903991 1.25918e-06
    outer loop
      vertex 40.4731 37.8457 10
      vertex 40.5604 37.8044 2.46293
      vertex 41.0408 37.5772 10
    endloop
  endfacet
  facet normal -0.427545 -0.903994 6.79323e-07
    outer loop
      vertex 40.9911 37.6007 2.46135
      vertex 41.0408 37.5772 10
      vertex 40.5604 37.8044 2.46293
    endloop
  endfacet
  facet normal -0.427461 -0.904034 -0
    outer loop
      vertex 41.0408 37.5772 10
      vertex 40.9911 37.6007 2.46135
      vertex 41.0408 37.5772 2.46097
    endloop
  endfacet
  facet normal 0.595711 -0.803199 0
    outer loop
      vertex 47.0457 38.1686 0
      vertex 47.5501 38.5427 10
      vertex 47.0457 38.1686 10
    endloop
  endfacet
  facet normal 0.595711 -0.803199 0
    outer loop
      vertex 47.5501 38.5427 10
      vertex 47.0457 38.1686 0
      vertex 47.5501 38.5427 0
    endloop
  endfacet
  facet normal 0.998797 -0.0490402 0
    outer loop
      vertex 49.8592 42.8627 4
      vertex 49.89 43.49 0
      vertex 49.89 43.49 4
    endloop
  endfacet
  facet normal 0.998797 -0.0490402 0
    outer loop
      vertex 49.89 43.49 0
      vertex 49.8592 42.8627 4
      vertex 49.8592 42.8627 0
    endloop
  endfacet
  facet normal -0.146791 0.989168 0
    outer loop
      vertex 42.8627 49.8592 0
      vertex 42.2414 49.767 10
      vertex 42.8627 49.8592 10
    endloop
  endfacet
  facet normal -0.146791 0.989168 0
    outer loop
      vertex 42.2414 49.767 10
      vertex 42.8627 49.8592 0
      vertex 42.2414 49.767 0
    endloop
  endfacet
  facet normal -0.989185 -0.146674 0
    outer loop
      vertex 37.1759 42.4911 2.45211
      vertex 37.1208 42.8627 10
      vertex 37.1208 42.8627 2.44865
    endloop
  endfacet
  facet normal -0.989126 -0.147068 -3.46661e-06
    outer loop
      vertex 37.213 42.2414 10
      vertex 37.1759 42.4911 2.45211
      vertex 37.2098 42.2631 2.45363
    endloop
  endfacet
  facet normal -0.989301 -0.145888 -0
    outer loop
      vertex 37.213 42.2414 10
      vertex 37.2098 42.2631 2.45363
      vertex 37.213 42.2414 2.45372
    endloop
  endfacet
  facet normal -0.989168 -0.146791 5.8829e-06
    outer loop
      vertex 37.1759 42.4911 2.45211
      vertex 37.213 42.2414 10
      vertex 37.1208 42.8627 10
    endloop
  endfacet
  facet normal 0.336881 -0.941547 0
    outer loop
      vertex 45.3478 37.3656 0
      vertex 45.9392 37.5772 10
      vertex 45.3478 37.3656 10
    endloop
  endfacet
  facet normal 0.336881 -0.941547 0
    outer loop
      vertex 45.9392 37.5772 10
      vertex 45.3478 37.3656 0
      vertex 45.9392 37.5772 0
    endloop
  endfacet
  facet normal 0.242985 -0.97003 0
    outer loop
      vertex 44.7386 37.213 0
      vertex 45.3478 37.3656 10
      vertex 44.7386 37.213 10
    endloop
  endfacet
  facet normal 0.242985 -0.97003 0
    outer loop
      vertex 45.3478 37.3656 10
      vertex 44.7386 37.213 0
      vertex 45.3478 37.3656 0
    endloop
  endfacet
  facet normal -0.903991 0.427552 0
    outer loop
      vertex 37.5772 45.9392 0
      vertex 37.8457 46.5069 10
      vertex 37.8457 46.5069 0
    endloop
  endfacet
  facet normal -0.903991 0.427552 0
    outer loop
      vertex 37.8457 46.5069 10
      vertex 37.5772 45.9392 0
      vertex 37.5772 45.9392 10
    endloop
  endfacet
  facet normal -0.740792 -0.671735 0
    outer loop
      vertex 38.6283 39.3355 2.46532
      vertex 38.5427 39.4299 10
      vertex 38.5427 39.4299 2.46494
    endloop
  endfacet
  facet normal -0.741006 -0.671499 -0
    outer loop
      vertex 38.9645 38.9645 10
      vertex 38.6283 39.3355 2.46532
      vertex 38.9645 38.9645 2.46532
    endloop
  endfacet
  facet normal -0.740962 -0.671547 -4.29367e-06
    outer loop
      vertex 38.6283 39.3355 2.46532
      vertex 38.9645 38.9645 10
      vertex 38.5427 39.4299 10
    endloop
  endfacet
  facet normal -0.595774 -0.803152 0
    outer loop
      vertex 39.7285 38.3212 2.46494
      vertex 39.4299 38.5427 10
      vertex 39.4299 38.5427 2.46494
    endloop
  endfacet
  facet normal -0.595635 -0.803255 8.55566e-06
    outer loop
      vertex 39.4299 38.5427 10
      vertex 39.7285 38.3212 2.46494
      vertex 39.9344 38.1686 10
    endloop
  endfacet
  facet normal -0.595433 -0.803405 -0
    outer loop
      vertex 39.9344 38.1686 10
      vertex 39.7285 38.3212 2.46494
      vertex 39.9344 38.1686 2.46416
    endloop
  endfacet
  facet normal 0.903991 -0.427552 0
    outer loop
      vertex 49.1343 40.4731 10
      vertex 49.4028 41.0408 0
      vertex 49.4028 41.0408 10
    endloop
  endfacet
  facet normal 0.903991 -0.427552 0
    outer loop
      vertex 49.4028 41.0408 0
      vertex 49.1343 40.4731 10
      vertex 49.1343 40.4731 0
    endloop
  endfacet
  facet normal 0.857718 -0.514121 0
    outer loop
      vertex 48.8114 39.9344 10
      vertex 49.1343 40.4731 0
      vertex 49.1343 40.4731 10
    endloop
  endfacet
  facet normal 0.857718 -0.514121 0
    outer loop
      vertex 49.1343 40.4731 0
      vertex 48.8114 39.9344 10
      vertex 48.8114 39.9344 0
    endloop
  endfacet
  facet normal -0.0487226 -0.998812 0
    outer loop
      vertex 42.9078 37.1186 2.44844
      vertex 42.8627 37.1208 10
      vertex 42.8627 37.1208 2.44865
    endloop
  endfacet
  facet normal -0.0490402 -0.998797 -1.90183e-06
    outer loop
      vertex 42.8627 37.1208 10
      vertex 42.9078 37.1186 2.44844
      vertex 43.49 37.09 10
    endloop
  endfacet
  facet normal -0.0490514 -0.998796 -1.03978e-06
    outer loop
      vertex 43.3069 37.099 2.44432
      vertex 43.49 37.09 10
      vertex 42.9078 37.1186 2.44844
    endloop
  endfacet
  facet normal -0.0490942 -0.998794 -0
    outer loop
      vertex 43.49 37.09 10
      vertex 43.3069 37.099 2.44432
      vertex 43.49 37.09 2.44108
    endloop
  endfacet
  facet normal 0 0 1
    outer loop
      vertex 47.7319 44.3338 10
      vertex 49.767 44.7386 10
      vertex 49.6144 45.3478 10
    endloop
  endfacet
  facet normal 0 0 1
    outer loop
      vertex 47.6288 44.7455 10
      vertex 49.6144 45.3478 10
      vertex 49.4028 45.9392 10
    endloop
  endfacet
  facet normal 0 0 1
    outer loop
      vertex 47.4858 45.1451 10
      vertex 49.4028 45.9392 10
      vertex 49.1343 46.5069 10
    endloop
  endfacet
  facet normal 0 0 1
    outer loop
      vertex 47.3043 45.5288 10
      vertex 49.1343 46.5069 10
      vertex 48.8114 47.0457 10
    endloop
  endfacet
  facet normal 0 0 1
    outer loop
      vertex 47.0861 45.8928 10
      vertex 48.8114 47.0457 10
      vertex 48.4373 47.5501 10
    endloop
  endfacet
  facet normal 0 0 1
    outer loop
      vertex 46.8333 46.2337 10
      vertex 48.4373 47.5501 10
      vertex 48.0155 48.0155 10
    endloop
  endfacet
  facet normal 0 0 1
    outer loop
      vertex 49.1343 46.5069 10
      vertex 47.3043 45.5288 10
      vertex 47.4858 45.1451 10
    endloop
  endfacet
  facet normal 0 0 1
    outer loop
      vertex 49.767 44.7386 10
      vertex 47.7384 44.29 10
      vertex 49.8336 44.29 10
    endloop
  endfacet
  facet normal 0 -0 1
    outer loop
      vertex 47.7384 44.29 10
      vertex 49.767 44.7386 10
      vertex 47.7319 44.3338 10
    endloop
  endfacet
  facet normal 0 0 1
    outer loop
      vertex 46.5482 46.5482 10
      vertex 48.0155 48.0155 10
      vertex 47.5501 48.4373 10
    endloop
  endfacet
  facet normal 0 -0 1
    outer loop
      vertex 47.7319 44.3338 10
      vertex 49.6144 45.3478 10
      vertex 47.6288 44.7455 10
    endloop
  endfacet
  facet normal 0 0 1
    outer loop
      vertex 49.4028 45.9392 10
      vertex 47.4858 45.1451 10
      vertex 47.6288 44.7455 10
    endloop
  endfacet
  facet normal 0 0 1
    outer loop
      vertex 48.8114 47.0457 10
      vertex 47.0861 45.8928 10
      vertex 47.3043 45.5288 10
    endloop
  endfacet
  facet normal 0 0 1
    outer loop
      vertex 46.2337 46.8333 10
      vertex 47.5501 48.4373 10
      vertex 47.0457 48.8114 10
    endloop
  endfacet
  facet normal 0 0 1
    outer loop
      vertex 48.4373 47.5501 10
      vertex 46.8333 46.2337 10
      vertex 47.0861 45.8928 10
    endloop
  endfacet
  facet normal 0 0 1
    outer loop
      vertex 48.0155 48.0155 10
      vertex 46.5482 46.5482 10
      vertex 46.8333 46.2337 10
    endloop
  endfacet
  facet normal 0 0 1
    outer loop
      vertex 45.8928 47.0861 10
      vertex 47.0457 48.8114 10
      vertex 46.5069 49.1343 10
    endloop
  endfacet
  facet normal 0 0 1
    outer loop
      vertex 47.5501 48.4373 10
      vertex 46.2337 46.8333 10
      vertex 46.5482 46.5482 10
    endloop
  endfacet
  facet normal 0 0 1
    outer loop
      vertex 45.5288 47.3043 10
      vertex 46.5069 49.1343 10
      vertex 45.9392 49.4028 10
    endloop
  endfacet
  facet normal 0 0 1
    outer loop
      vertex 47.0457 48.8114 10
      vertex 45.8928 47.0861 10
      vertex 46.2337 46.8333 10
    endloop
  endfacet
  facet normal 0 0 1
    outer loop
      vertex 46.5069 49.1343 10
      vertex 45.5288 47.3043 10
      vertex 45.8928 47.0861 10
    endloop
  endfacet
  facet normal 0 0 1
    outer loop
      vertex 45.1451 47.4858 10
      vertex 45.9392 49.4028 10
      vertex 45.3478 49.6144 10
    endloop
  endfacet
  facet normal 0 0 1
    outer loop
      vertex 45.9392 49.4028 10
      vertex 45.1451 47.4858 10
      vertex 45.5288 47.3043 10
    endloop
  endfacet
  facet normal 0 0 1
    outer loop
      vertex 45.3478 49.6144 10
      vertex 44.7455 47.6288 10
      vertex 45.1451 47.4858 10
    endloop
  endfacet
  facet normal 0 0 1
    outer loop
      vertex 44.7386 49.767 10
      vertex 44.7455 47.6288 10
      vertex 45.3478 49.6144 10
    endloop
  endfacet
  facet normal 0 0 1
    outer loop
      vertex 44.7386 49.767 10
      vertex 44.3338 47.7319 10
      vertex 44.7455 47.6288 10
    endloop
  endfacet
  facet normal 0 0 1
    outer loop
      vertex 44.1173 49.8592 10
      vertex 44.3338 47.7319 10
      vertex 44.7386 49.767 10
    endloop
  endfacet
  facet normal 0 0 1
    outer loop
      vertex 44.1173 49.8592 10
      vertex 43.9139 47.7942 10
      vertex 44.3338 47.7319 10
    endloop
  endfacet
  facet normal 0 0 1
    outer loop
      vertex 43.49 49.89 10
      vertex 43.9139 47.7942 10
      vertex 44.1173 49.8592 10
    endloop
  endfacet
  facet normal 0 0 1
    outer loop
      vertex 43.49 49.89 10
      vertex 43.49 47.815 10
      vertex 43.9139 47.7942 10
    endloop
  endfacet
  facet normal 0 0 1
    outer loop
      vertex 43.49 49.89 10
      vertex 43.0661 47.7942 10
      vertex 43.49 47.815 10
    endloop
  endfacet
  facet normal -0 0 1
    outer loop
      vertex 42.8627 49.8592 10
      vertex 43.0661 47.7942 10
      vertex 43.49 49.89 10
    endloop
  endfacet
  facet normal 0 0 1
    outer loop
      vertex 42.8627 49.8592 10
      vertex 42.6462 47.7319 10
      vertex 43.0661 47.7942 10
    endloop
  endfacet
  facet normal -0 0 1
    outer loop
      vertex 42.2414 49.767 10
      vertex 42.6462 47.7319 10
      vertex 42.8627 49.8592 10
    endloop
  endfacet
  facet normal 0 0 1
    outer loop
      vertex 42.2414 49.767 10
      vertex 42.2345 47.6288 10
      vertex 42.6462 47.7319 10
    endloop
  endfacet
  facet normal -0 0 1
    outer loop
      vertex 41.6322 49.6144 10
      vertex 42.2345 47.6288 10
      vertex 42.2414 49.767 10
    endloop
  endfacet
  facet normal 0 0 1
    outer loop
      vertex 42.2345 47.6288 10
      vertex 41.6322 49.6144 10
      vertex 41.8349 47.4858 10
    endloop
  endfacet
  facet normal -0 0 1
    outer loop
      vertex 41.0408 49.4028 10
      vertex 41.8349 47.4858 10
      vertex 41.6322 49.6144 10
    endloop
  endfacet
  facet normal 0 0 1
    outer loop
      vertex 41.8349 47.4858 10
      vertex 41.0408 49.4028 10
      vertex 41.4512 47.3043 10
    endloop
  endfacet
  facet normal -0 0 1
    outer loop
      vertex 40.4731 49.1343 10
      vertex 41.4512 47.3043 10
      vertex 41.0408 49.4028 10
    endloop
  endfacet
  facet normal 0 0 1
    outer loop
      vertex 41.4512 47.3043 10
      vertex 40.4731 49.1343 10
      vertex 41.0872 47.0861 10
    endloop
  endfacet
  facet normal -0 0 1
    outer loop
      vertex 39.9344 48.8114 10
      vertex 41.0872 47.0861 10
      vertex 40.4731 49.1343 10
    endloop
  endfacet
  facet normal 0 0 1
    outer loop
      vertex 41.0872 47.0861 10
      vertex 39.9344 48.8114 10
      vertex 40.7463 46.8333 10
    endloop
  endfacet
  facet normal -0 0 1
    outer loop
      vertex 39.4299 48.4373 10
      vertex 40.7463 46.8333 10
      vertex 39.9344 48.8114 10
    endloop
  endfacet
  facet normal 0 0 1
    outer loop
      vertex 40.7463 46.8333 10
      vertex 39.4299 48.4373 10
      vertex 40.4318 46.5482 10
    endloop
  endfacet
  facet normal -0 0 1
    outer loop
      vertex 38.9645 48.0155 10
      vertex 40.4318 46.5482 10
      vertex 39.4299 48.4373 10
    endloop
  endfacet
  facet normal 0 0 1
    outer loop
      vertex 40.4318 46.5482 10
      vertex 38.9645 48.0155 10
      vertex 40.1467 46.2337 10
    endloop
  endfacet
  facet normal -0 0 1
    outer loop
      vertex 38.5427 47.5501 10
      vertex 40.1467 46.2337 10
      vertex 38.9645 48.0155 10
    endloop
  endfacet
  facet normal 0 0 1
    outer loop
      vertex 40.1467 46.2337 10
      vertex 38.5427 47.5501 10
      vertex 39.8939 45.8928 10
    endloop
  endfacet
  facet normal -0 0 1
    outer loop
      vertex 38.1686 47.0457 10
      vertex 39.8939 45.8928 10
      vertex 38.5427 47.5501 10
    endloop
  endfacet
  facet normal 0 0 1
    outer loop
      vertex 39.8939 45.8928 10
      vertex 38.1686 47.0457 10
      vertex 39.6757 45.5288 10
    endloop
  endfacet
  facet normal -0 0 1
    outer loop
      vertex 37.8457 46.5069 10
      vertex 39.6757 45.5288 10
      vertex 38.1686 47.0457 10
    endloop
  endfacet
  facet normal -0 0 1
    outer loop
      vertex 37.5772 45.9392 10
      vertex 39.4942 45.1451 10
      vertex 37.8457 46.5069 10
    endloop
  endfacet
  facet normal 0 0 1
    outer loop
      vertex 39.6757 45.5288 10
      vertex 37.8457 46.5069 10
      vertex 39.4942 45.1451 10
    endloop
  endfacet
  facet normal -0 0 1
    outer loop
      vertex 47.7384 42.69 10
      vertex 49.767 42.2414 10
      vertex 49.8336 42.69 10
    endloop
  endfacet
  facet normal 0 0 1
    outer loop
      vertex 49.767 42.2414 10
      vertex 47.7319 42.6462 10
      vertex 49.6144 41.6322 10
    endloop
  endfacet
  facet normal 0 0 1
    outer loop
      vertex 49.6144 41.6322 10
      vertex 47.6288 42.2345 10
      vertex 49.4028 41.0408 10
    endloop
  endfacet
  facet normal -0 0 1
    outer loop
      vertex 47.4858 41.8349 10
      vertex 49.4028 41.0408 10
      vertex 47.6288 42.2345 10
    endloop
  endfacet
  facet normal -0 0 1
    outer loop
      vertex 47.3043 41.4512 10
      vertex 49.1343 40.4731 10
      vertex 47.4858 41.8349 10
    endloop
  endfacet
  facet normal 0 0 1
    outer loop
      vertex 49.1343 40.4731 10
      vertex 47.3043 41.4512 10
      vertex 48.8114 39.9344 10
    endloop
  endfacet
  facet normal 0 0 1
    outer loop
      vertex 49.767 42.2414 10
      vertex 47.7384 42.69 10
      vertex 47.7319 42.6462 10
    endloop
  endfacet
  facet normal 0 0 1
    outer loop
      vertex 49.6144 41.6322 10
      vertex 47.7319 42.6462 10
      vertex 47.6288 42.2345 10
    endloop
  endfacet
  facet normal 0 0 1
    outer loop
      vertex 49.4028 41.0408 10
      vertex 47.4858 41.8349 10
      vertex 49.1343 40.4731 10
    endloop
  endfacet
  facet normal -0 0 1
    outer loop
      vertex 47.0861 41.0872 10
      vertex 48.8114 39.9344 10
      vertex 47.3043 41.4512 10
    endloop
  endfacet
  facet normal 0 0 1
    outer loop
      vertex 48.8114 39.9344 10
      vertex 47.0861 41.0872 10
      vertex 48.4373 39.4299 10
    endloop
  endfacet
  facet normal -0 0 1
    outer loop
      vertex 46.8333 40.7463 10
      vertex 48.4373 39.4299 10
      vertex 47.0861 41.0872 10
    endloop
  endfacet
  facet normal 0 0 1
    outer loop
      vertex 48.4373 39.4299 10
      vertex 46.8333 40.7463 10
      vertex 48.0155 38.9645 10
    endloop
  endfacet
  facet normal -0 0 1
    outer loop
      vertex 46.5482 40.4318 10
      vertex 48.0155 38.9645 10
      vertex 46.8333 40.7463 10
    endloop
  endfacet
  facet normal 0 0 1
    outer loop
      vertex 48.0155 38.9645 10
      vertex 46.5482 40.4318 10
      vertex 47.5501 38.5427 10
    endloop
  endfacet
  facet normal -0 0 1
    outer loop
      vertex 46.2337 40.1467 10
      vertex 47.5501 38.5427 10
      vertex 46.5482 40.4318 10
    endloop
  endfacet
  facet normal 0 0 1
    outer loop
      vertex 47.5501 38.5427 10
      vertex 46.2337 40.1467 10
      vertex 47.0457 38.1686 10
    endloop
  endfacet
  facet normal -0 0 1
    outer loop
      vertex 45.8928 39.8939 10
      vertex 47.0457 38.1686 10
      vertex 46.2337 40.1467 10
    endloop
  endfacet
  facet normal 0 0 1
    outer loop
      vertex 47.0457 38.1686 10
      vertex 45.8928 39.8939 10
      vertex 46.5069 37.8457 10
    endloop
  endfacet
  facet normal -0 0 1
    outer loop
      vertex 45.5288 39.6757 10
      vertex 46.5069 37.8457 10
      vertex 45.8928 39.8939 10
    endloop
  endfacet
  facet normal 0 0 1
    outer loop
      vertex 46.5069 37.8457 10
      vertex 45.5288 39.6757 10
      vertex 45.9392 37.5772 10
    endloop
  endfacet
  facet normal -0 0 1
    outer loop
      vertex 45.1451 39.4942 10
      vertex 45.9392 37.5772 10
      vertex 45.5288 39.6757 10
    endloop
  endfacet
  facet normal 0 0 1
    outer loop
      vertex 45.9392 37.5772 10
      vertex 45.1451 39.4942 10
      vertex 45.3478 37.3656 10
    endloop
  endfacet
  facet normal -0 0 1
    outer loop
      vertex 44.7455 39.3512 10
      vertex 45.3478 37.3656 10
      vertex 45.1451 39.4942 10
    endloop
  endfacet
  facet normal 0 0 1
    outer loop
      vertex 44.7455 39.3512 10
      vertex 44.7386 37.213 10
      vertex 45.3478 37.3656 10
    endloop
  endfacet
  facet normal -0 0 1
    outer loop
      vertex 44.3338 39.2481 10
      vertex 44.7386 37.213 10
      vertex 44.7455 39.3512 10
    endloop
  endfacet
  facet normal 0 0 1
    outer loop
      vertex 44.3338 39.2481 10
      vertex 44.1173 37.1208 10
      vertex 44.7386 37.213 10
    endloop
  endfacet
  facet normal -0 0 1
    outer loop
      vertex 43.9139 39.1858 10
      vertex 44.1173 37.1208 10
      vertex 44.3338 39.2481 10
    endloop
  endfacet
  facet normal -0 0 1
    outer loop
      vertex 43.49 39.165 10
      vertex 44.1173 37.1208 10
      vertex 43.9139 39.1858 10
    endloop
  endfacet
  facet normal 0 0 1
    outer loop
      vertex 43.49 39.165 10
      vertex 43.49 37.09 10
      vertex 44.1173 37.1208 10
    endloop
  endfacet
  facet normal 0 0 1
    outer loop
      vertex 43.0661 39.1858 10
      vertex 43.49 37.09 10
      vertex 43.49 39.165 10
    endloop
  endfacet
  facet normal 0 0 1
    outer loop
      vertex 43.0661 39.1858 10
      vertex 42.8627 37.1208 10
      vertex 43.49 37.09 10
    endloop
  endfacet
  facet normal 0 0 1
    outer loop
      vertex 42.6462 39.2481 10
      vertex 42.8627 37.1208 10
      vertex 43.0661 39.1858 10
    endloop
  endfacet
  facet normal 0 0 1
    outer loop
      vertex 42.6462 39.2481 10
      vertex 42.2414 37.213 10
      vertex 42.8627 37.1208 10
    endloop
  endfacet
  facet normal 0 0 1
    outer loop
      vertex 42.2345 39.3512 10
      vertex 42.2414 37.213 10
      vertex 42.6462 39.2481 10
    endloop
  endfacet
  facet normal 0 0 1
    outer loop
      vertex 41.6322 37.3656 10
      vertex 42.2345 39.3512 10
      vertex 41.8349 39.4942 10
    endloop
  endfacet
  facet normal 0 0 1
    outer loop
      vertex 42.2345 39.3512 10
      vertex 41.6322 37.3656 10
      vertex 42.2414 37.213 10
    endloop
  endfacet
  facet normal 0 0 1
    outer loop
      vertex 41.0408 37.5772 10
      vertex 41.8349 39.4942 10
      vertex 41.4512 39.6757 10
    endloop
  endfacet
  facet normal 0 0 1
    outer loop
      vertex 40.4731 37.8457 10
      vertex 41.4512 39.6757 10
      vertex 41.0872 39.8939 10
    endloop
  endfacet
  facet normal 0 0 1
    outer loop
      vertex 41.8349 39.4942 10
      vertex 41.0408 37.5772 10
      vertex 41.6322 37.3656 10
    endloop
  endfacet
  facet normal 0 0 1
    outer loop
      vertex 39.9344 38.1686 10
      vertex 41.0872 39.8939 10
      vertex 40.7463 40.1467 10
    endloop
  endfacet
  facet normal 0 0 1
    outer loop
      vertex 41.4512 39.6757 10
      vertex 40.4731 37.8457 10
      vertex 41.0408 37.5772 10
    endloop
  endfacet
  facet normal 0 0 1
    outer loop
      vertex 39.4299 38.5427 10
      vertex 40.7463 40.1467 10
      vertex 40.4318 40.4318 10
    endloop
  endfacet
  facet normal 0 0 1
    outer loop
      vertex 38.9645 38.9645 10
      vertex 40.4318 40.4318 10
      vertex 40.1467 40.7463 10
    endloop
  endfacet
  facet normal 0 0 1
    outer loop
      vertex 41.0872 39.8939 10
      vertex 39.9344 38.1686 10
      vertex 40.4731 37.8457 10
    endloop
  endfacet
  facet normal 0 0 1
    outer loop
      vertex 38.5427 39.4299 10
      vertex 40.1467 40.7463 10
      vertex 39.8939 41.0872 10
    endloop
  endfacet
  facet normal 0 0 1
    outer loop
      vertex 38.1686 39.9344 10
      vertex 39.8939 41.0872 10
      vertex 39.6757 41.4512 10
    endloop
  endfacet
  facet normal 0 0 1
    outer loop
      vertex 37.8457 40.4731 10
      vertex 39.6757 41.4512 10
      vertex 39.4942 41.8349 10
    endloop
  endfacet
  facet normal 0 0 1
    outer loop
      vertex 40.7463 40.1467 10
      vertex 39.4299 38.5427 10
      vertex 39.9344 38.1686 10
    endloop
  endfacet
  facet normal 0 0 1
    outer loop
      vertex 37.5772 41.0408 10
      vertex 39.4942 41.8349 10
      vertex 39.3512 42.2345 10
    endloop
  endfacet
  facet normal 0 0 1
    outer loop
      vertex 37.3656 41.6322 10
      vertex 39.3512 42.2345 10
      vertex 39.2481 42.6462 10
    endloop
  endfacet
  facet normal 0 0 1
    outer loop
      vertex 37.213 42.2414 10
      vertex 39.2481 42.6462 10
      vertex 39.1858 43.0661 10
    endloop
  endfacet
  facet normal 0 0 1
    outer loop
      vertex 40.4318 40.4318 10
      vertex 38.9645 38.9645 10
      vertex 39.4299 38.5427 10
    endloop
  endfacet
  facet normal 0 0 1
    outer loop
      vertex 37.1208 42.8627 10
      vertex 39.1858 43.0661 10
      vertex 39.165 43.49 10
    endloop
  endfacet
  facet normal 0 0 1
    outer loop
      vertex 39.4942 45.1451 10
      vertex 37.5772 45.9392 10
      vertex 39.3512 44.7455 10
    endloop
  endfacet
  facet normal -0 0 1
    outer loop
      vertex 37.3656 45.3478 10
      vertex 39.3512 44.7455 10
      vertex 37.5772 45.9392 10
    endloop
  endfacet
  facet normal 0 0 1
    outer loop
      vertex 40.1467 40.7463 10
      vertex 38.5427 39.4299 10
      vertex 38.9645 38.9645 10
    endloop
  endfacet
  facet normal 0 0 1
    outer loop
      vertex 39.3512 44.7455 10
      vertex 37.3656 45.3478 10
      vertex 39.2481 44.3338 10
    endloop
  endfacet
  facet normal 0 0 1
    outer loop
      vertex 39.8939 41.0872 10
      vertex 38.1686 39.9344 10
      vertex 38.5427 39.4299 10
    endloop
  endfacet
  facet normal -0 0 1
    outer loop
      vertex 37.213 44.7386 10
      vertex 39.2481 44.3338 10
      vertex 37.3656 45.3478 10
    endloop
  endfacet
  facet normal 0 0 1
    outer loop
      vertex 39.6757 41.4512 10
      vertex 37.8457 40.4731 10
      vertex 38.1686 39.9344 10
    endloop
  endfacet
  facet normal 0 0 1
    outer loop
      vertex 39.2481 44.3338 10
      vertex 37.213 44.7386 10
      vertex 39.1858 43.9139 10
    endloop
  endfacet
  facet normal 0 0 1
    outer loop
      vertex 39.4942 41.8349 10
      vertex 37.5772 41.0408 10
      vertex 37.8457 40.4731 10
    endloop
  endfacet
  facet normal -0 0 1
    outer loop
      vertex 37.1208 44.1173 10
      vertex 39.1858 43.9139 10
      vertex 37.213 44.7386 10
    endloop
  endfacet
  facet normal 0 0 1
    outer loop
      vertex 39.3512 42.2345 10
      vertex 37.3656 41.6322 10
      vertex 37.5772 41.0408 10
    endloop
  endfacet
  facet normal 0 0 1
    outer loop
      vertex 39.1858 43.9139 10
      vertex 37.1208 44.1173 10
      vertex 39.165 43.49 10
    endloop
  endfacet
  facet normal 0 0 1
    outer loop
      vertex 39.2481 42.6462 10
      vertex 37.213 42.2414 10
      vertex 37.3656 41.6322 10
    endloop
  endfacet
  facet normal 0 0 1
    outer loop
      vertex 37.09 43.49 10
      vertex 39.165 43.49 10
      vertex 37.1208 44.1173 10
    endloop
  endfacet
  facet normal 0 0 1
    outer loop
      vertex 39.1858 43.0661 10
      vertex 37.1208 42.8627 10
      vertex 37.213 42.2414 10
    endloop
  endfacet
  facet normal 0 0 1
    outer loop
      vertex 39.165 43.49 10
      vertex 37.09 43.49 10
      vertex 37.1208 42.8627 10
    endloop
  endfacet
  facet normal -0.9988 0.0489679 0
    outer loop
      vertex 37.114 43.9786 2.43235
      vertex 37.1208 44.1173 10
      vertex 37.1208 44.1173 2.42743
    endloop
  endfacet
  facet normal -0.998802 0.0489327 6.46352e-07
    outer loop
      vertex 37.0987 43.6663 2.43898
      vertex 37.1208 44.1173 10
      vertex 37.114 43.9786 2.43235
    endloop
  endfacet
  facet normal -0.998785 0.0492877 0
    outer loop
      vertex 37.09 43.49 10
      vertex 37.0987 43.6663 2.43898
      vertex 37.09 43.49 2.44108
    endloop
  endfacet
  facet normal -0.998797 0.0490402 -5.78469e-06
    outer loop
      vertex 37.0987 43.6663 2.43898
      vertex 37.09 43.49 10
      vertex 37.1208 44.1173 10
    endloop
  endfacet
  facet normal 0.671547 -0.740962 0
    outer loop
      vertex 47.5501 38.5427 0
      vertex 48.0155 38.9645 10
      vertex 47.5501 38.5427 10
    endloop
  endfacet
  facet normal 0.671547 -0.740962 0
    outer loop
      vertex 48.0155 38.9645 10
      vertex 47.5501 38.5427 0
      vertex 48.0155 38.9645 0
    endloop
  endfacet
  facet normal -0.989167 -0.146794 0
    outer loop
      vertex 47.7319 44.3338 2.5
      vertex 47.7384 44.29 4
      vertex 47.7319 44.3338 10
    endloop
  endfacet
  facet normal -0.989172 -0.146762 9.57998e-07
    outer loop
      vertex 47.7942 43.9139 2.5
      vertex 47.7384 44.29 4
      vertex 47.7319 44.3338 2.5
    endloop
  endfacet
  facet normal -0.989172 -0.146758 0
    outer loop
      vertex 47.7384 44.29 4
      vertex 47.7942 43.9139 2.5
      vertex 47.7942 43.9139 4
    endloop
  endfacet
  facet normal -0.989167 -0.146794 0
    outer loop
      vertex 47.7319 44.3338 10
      vertex 47.7384 44.29 4
      vertex 47.7384 44.29 10
    endloop
  endfacet
  facet normal -0.998798 -0.0490092 0
    outer loop
      vertex 47.815 43.49 2.5
      vertex 47.7942 43.9139 4
      vertex 47.7942 43.9139 2.5
    endloop
  endfacet
  facet normal -0.998798 -0.0490092 0
    outer loop
      vertex 47.7942 43.9139 4
      vertex 47.815 43.49 2.5
      vertex 47.815 43.49 4
    endloop
  endfacet
  facet normal -0.970045 -0.242924 0
    outer loop
      vertex 47.7319 44.3338 2.5
      vertex 47.6288 44.7455 10
      vertex 47.6288 44.7455 2.5
    endloop
  endfacet
  facet normal -0.970045 -0.242924 0
    outer loop
      vertex 47.6288 44.7455 10
      vertex 47.7319 44.3338 2.5
      vertex 47.7319 44.3338 10
    endloop
  endfacet
  facet normal -0.336933 0.941528 0
    outer loop
      vertex 45.1451 39.4942 2.5
      vertex 44.7455 39.3512 10
      vertex 45.1451 39.4942 10
    endloop
  endfacet
  facet normal -0.336933 0.941528 0
    outer loop
      vertex 44.7455 39.3512 10
      vertex 45.1451 39.4942 2.5
      vertex 44.7455 39.3512 2.5
    endloop
  endfacet
  facet normal -0.740888 -0.671629 0
    outer loop
      vertex 46.8333 46.2337 2.5
      vertex 46.5482 46.5482 10
      vertex 46.5482 46.5482 2.5
    endloop
  endfacet
  facet normal -0.740888 -0.671629 0
    outer loop
      vertex 46.5482 46.5482 10
      vertex 46.8333 46.2337 2.5
      vertex 46.8333 46.2337 10
    endloop
  endfacet
  facet normal -0.514149 0.857701 0
    outer loop
      vertex 45.8928 39.8939 2.5
      vertex 45.5288 39.6757 10
      vertex 45.8928 39.8939 10
    endloop
  endfacet
  facet normal -0.514149 0.857701 0
    outer loop
      vertex 45.5288 39.6757 10
      vertex 45.8928 39.8939 2.5
      vertex 45.5288 39.6757 2.5
    endloop
  endfacet
  facet normal 0.4276 -0.903968 0
    outer loop
      vertex 41.4512 47.3043 2.5
      vertex 41.8349 47.4858 10
      vertex 41.4512 47.3043 10
    endloop
  endfacet
  facet normal 0.4276 -0.903968 0
    outer loop
      vertex 41.8349 47.4858 10
      vertex 41.4512 47.3043 2.5
      vertex 41.8349 47.4858 2.5
    endloop
  endfacet
  facet normal -0.989172 0.146758 0
    outer loop
      vertex 47.7942 43.0661 2.5
      vertex 47.7384 42.69 4
      vertex 47.7942 43.0661 4
    endloop
  endfacet
  facet normal -0.989172 0.146762 9.57998e-07
    outer loop
      vertex 47.7319 42.6462 2.5
      vertex 47.7384 42.69 4
      vertex 47.7942 43.0661 2.5
    endloop
  endfacet
  facet normal -0.989167 0.146794 0
    outer loop
      vertex 47.7319 42.6462 10
      vertex 47.7384 42.69 4
      vertex 47.7319 42.6462 2.5
    endloop
  endfacet
  facet normal -0.989167 0.146794 0
    outer loop
      vertex 47.7384 42.69 4
      vertex 47.7319 42.6462 10
      vertex 47.7384 42.69 10
    endloop
  endfacet
  facet normal -0.242924 0.970045 0
    outer loop
      vertex 44.7455 39.3512 2.5
      vertex 44.3338 39.2481 10
      vertex 44.7455 39.3512 10
    endloop
  endfacet
  facet normal -0.242924 0.970045 0
    outer loop
      vertex 44.3338 39.2481 10
      vertex 44.7455 39.3512 2.5
      vertex 44.3338 39.2481 2.5
    endloop
  endfacet
  facet normal 0.242924 -0.970045 0
    outer loop
      vertex 42.2345 47.6288 2.5
      vertex 42.6462 47.7319 10
      vertex 42.2345 47.6288 10
    endloop
  endfacet
  facet normal 0.242924 -0.970045 0
    outer loop
      vertex 42.6462 47.7319 10
      vertex 42.2345 47.6288 2.5
      vertex 42.6462 47.7319 2.5
    endloop
  endfacet
  facet normal 0.941528 0.336933 0
    outer loop
      vertex 39.4942 41.8349 10
      vertex 39.3512 42.2345 2.5
      vertex 39.3512 42.2345 10
    endloop
  endfacet
  facet normal 0.941528 0.336933 0
    outer loop
      vertex 39.3512 42.2345 2.5
      vertex 39.4942 41.8349 10
      vertex 39.4942 41.8349 2.5
    endloop
  endfacet
  facet normal -0.80324 0.595656 0
    outer loop
      vertex 46.8333 40.7463 2.5
      vertex 47.0861 41.0872 10
      vertex 47.0861 41.0872 2.5
    endloop
  endfacet
  facet normal -0.80324 0.595656 0
    outer loop
      vertex 47.0861 41.0872 10
      vertex 46.8333 40.7463 2.5
      vertex 46.8333 40.7463 10
    endloop
  endfacet
  facet normal 0.514149 -0.857701 0
    outer loop
      vertex 41.0872 47.0861 2.5
      vertex 41.4512 47.3043 10
      vertex 41.0872 47.0861 10
    endloop
  endfacet
  facet normal 0.514149 -0.857701 0
    outer loop
      vertex 41.4512 47.3043 10
      vertex 41.0872 47.0861 2.5
      vertex 41.4512 47.3043 2.5
    endloop
  endfacet
  facet normal 0.146762 0.989172 -0
    outer loop
      vertex 43.0661 39.1858 2.5
      vertex 42.6462 39.2481 10
      vertex 43.0661 39.1858 10
    endloop
  endfacet
  facet normal 0.146762 0.989172 0
    outer loop
      vertex 42.6462 39.2481 10
      vertex 43.0661 39.1858 2.5
      vertex 42.6462 39.2481 2.5
    endloop
  endfacet
  facet normal -0.595656 0.80324 0
    outer loop
      vertex 46.2337 40.1467 2.5
      vertex 45.8928 39.8939 10
      vertex 46.2337 40.1467 10
    endloop
  endfacet
  facet normal -0.595656 0.80324 0
    outer loop
      vertex 45.8928 39.8939 10
      vertex 46.2337 40.1467 2.5
      vertex 45.8928 39.8939 2.5
    endloop
  endfacet
  facet normal 0.242924 0.970045 -0
    outer loop
      vertex 42.6462 39.2481 2.5
      vertex 42.2345 39.3512 10
      vertex 42.6462 39.2481 10
    endloop
  endfacet
  facet normal 0.242924 0.970045 0
    outer loop
      vertex 42.2345 39.3512 10
      vertex 42.6462 39.2481 2.5
      vertex 42.2345 39.3512 2.5
    endloop
  endfacet
  facet normal -0.903968 0.4276 0
    outer loop
      vertex 47.3043 41.4512 2.5
      vertex 47.4858 41.8349 10
      vertex 47.4858 41.8349 2.5
    endloop
  endfacet
  facet normal -0.903968 0.4276 0
    outer loop
      vertex 47.4858 41.8349 10
      vertex 47.3043 41.4512 2.5
      vertex 47.3043 41.4512 10
    endloop
  endfacet
  facet normal -0.514149 -0.857701 0
    outer loop
      vertex 45.5288 47.3043 2.5
      vertex 45.8928 47.0861 10
      vertex 45.5288 47.3043 10
    endloop
  endfacet
  facet normal -0.514149 -0.857701 -0
    outer loop
      vertex 45.8928 47.0861 10
      vertex 45.5288 47.3043 2.5
      vertex 45.8928 47.0861 2.5
    endloop
  endfacet
  facet normal 0.857701 0.514149 0
    outer loop
      vertex 39.8939 41.0872 10
      vertex 39.6757 41.4512 2.5
      vertex 39.6757 41.4512 10
    endloop
  endfacet
  facet normal 0.857701 0.514149 0
    outer loop
      vertex 39.6757 41.4512 2.5
      vertex 39.8939 41.0872 10
      vertex 39.8939 41.0872 2.5
    endloop
  endfacet
  facet normal -0.970045 0.242924 0
    outer loop
      vertex 47.6288 42.2345 2.5
      vertex 47.7319 42.6462 10
      vertex 47.7319 42.6462 2.5
    endloop
  endfacet
  facet normal -0.970045 0.242924 0
    outer loop
      vertex 47.7319 42.6462 10
      vertex 47.6288 42.2345 2.5
      vertex 47.6288 42.2345 10
    endloop
  endfacet
  facet normal 0.857701 -0.514149 0
    outer loop
      vertex 39.6757 45.5288 10
      vertex 39.8939 45.8928 2.5
      vertex 39.8939 45.8928 10
    endloop
  endfacet
  facet normal 0.857701 -0.514149 0
    outer loop
      vertex 39.8939 45.8928 2.5
      vertex 39.6757 45.5288 10
      vertex 39.6757 45.5288 2.5
    endloop
  endfacet
  facet normal 0.595656 -0.80324 0
    outer loop
      vertex 40.7463 46.8333 2.5
      vertex 41.0872 47.0861 10
      vertex 40.7463 46.8333 10
    endloop
  endfacet
  facet normal 0.595656 -0.80324 0
    outer loop
      vertex 41.0872 47.0861 10
      vertex 40.7463 46.8333 2.5
      vertex 41.0872 47.0861 2.5
    endloop
  endfacet
  facet normal 0.80324 0.595656 0
    outer loop
      vertex 40.1467 40.7463 10
      vertex 39.8939 41.0872 2.5
      vertex 39.8939 41.0872 10
    endloop
  endfacet
  facet normal 0.80324 0.595656 0
    outer loop
      vertex 39.8939 41.0872 2.5
      vertex 40.1467 40.7463 10
      vertex 40.1467 40.7463 2.5
    endloop
  endfacet
  facet normal -0.4276 -0.903968 0
    outer loop
      vertex 45.1451 47.4858 2.5
      vertex 45.5288 47.3043 10
      vertex 45.1451 47.4858 10
    endloop
  endfacet
  facet normal -0.4276 -0.903968 -0
    outer loop
      vertex 45.5288 47.3043 10
      vertex 45.1451 47.4858 2.5
      vertex 45.5288 47.3043 2.5
    endloop
  endfacet
  facet normal -0.146762 0.989172 0
    outer loop
      vertex 44.3338 39.2481 2.5
      vertex 43.9139 39.1858 10
      vertex 44.3338 39.2481 10
    endloop
  endfacet
  facet normal -0.146762 0.989172 0
    outer loop
      vertex 43.9139 39.1858 10
      vertex 44.3338 39.2481 2.5
      vertex 43.9139 39.1858 2.5
    endloop
  endfacet
  facet normal 0.146762 -0.989172 0
    outer loop
      vertex 42.6462 47.7319 2.5
      vertex 43.0661 47.7942 10
      vertex 42.6462 47.7319 10
    endloop
  endfacet
  facet normal 0.146762 -0.989172 0
    outer loop
      vertex 43.0661 47.7942 10
      vertex 42.6462 47.7319 2.5
      vertex 43.0661 47.7942 2.5
    endloop
  endfacet
  facet normal 0.903968 0.4276 0
    outer loop
      vertex 39.6757 41.4512 10
      vertex 39.4942 41.8349 2.5
      vertex 39.4942 41.8349 10
    endloop
  endfacet
  facet normal 0.903968 0.4276 0
    outer loop
      vertex 39.4942 41.8349 2.5
      vertex 39.6757 41.4512 10
      vertex 39.6757 41.4512 2.5
    endloop
  endfacet
  facet normal -0.998798 0.0490092 0
    outer loop
      vertex 47.7942 43.0661 2.5
      vertex 47.815 43.49 4
      vertex 47.815 43.49 2.5
    endloop
  endfacet
  facet normal -0.998798 0.0490092 0
    outer loop
      vertex 47.815 43.49 4
      vertex 47.7942 43.0661 2.5
      vertex 47.7942 43.0661 4
    endloop
  endfacet
  facet normal -0.242924 -0.970045 0
    outer loop
      vertex 44.3338 47.7319 2.5
      vertex 44.7455 47.6288 10
      vertex 44.3338 47.7319 10
    endloop
  endfacet
  facet normal -0.242924 -0.970045 -0
    outer loop
      vertex 44.7455 47.6288 10
      vertex 44.3338 47.7319 2.5
      vertex 44.7455 47.6288 2.5
    endloop
  endfacet
  facet normal 0.595656 0.80324 -0
    outer loop
      vertex 41.0872 39.8939 2.5
      vertex 40.7463 40.1467 10
      vertex 41.0872 39.8939 10
    endloop
  endfacet
  facet normal 0.595656 0.80324 0
    outer loop
      vertex 40.7463 40.1467 10
      vertex 41.0872 39.8939 2.5
      vertex 40.7463 40.1467 2.5
    endloop
  endfacet
  facet normal 0.740888 -0.671629 0
    outer loop
      vertex 40.1467 46.2337 10
      vertex 40.4318 46.5482 2.5
      vertex 40.4318 46.5482 10
    endloop
  endfacet
  facet normal 0.740888 -0.671629 0
    outer loop
      vertex 40.4318 46.5482 2.5
      vertex 40.1467 46.2337 10
      vertex 40.1467 46.2337 2.5
    endloop
  endfacet
  facet normal -0.941528 -0.336933 0
    outer loop
      vertex 47.6288 44.7455 2.5
      vertex 47.4858 45.1451 10
      vertex 47.4858 45.1451 2.5
    endloop
  endfacet
  facet normal -0.941528 -0.336933 0
    outer loop
      vertex 47.4858 45.1451 10
      vertex 47.6288 44.7455 2.5
      vertex 47.6288 44.7455 10
    endloop
  endfacet
  facet normal -0.857701 0.514149 0
    outer loop
      vertex 47.0861 41.0872 2.5
      vertex 47.3043 41.4512 10
      vertex 47.3043 41.4512 2.5
    endloop
  endfacet
  facet normal -0.857701 0.514149 0
    outer loop
      vertex 47.3043 41.4512 10
      vertex 47.0861 41.0872 2.5
      vertex 47.0861 41.0872 10
    endloop
  endfacet
  facet normal -0.595656 -0.80324 0
    outer loop
      vertex 45.8928 47.0861 2.5
      vertex 46.2337 46.8333 10
      vertex 45.8928 47.0861 10
    endloop
  endfacet
  facet normal -0.595656 -0.80324 -0
    outer loop
      vertex 46.2337 46.8333 10
      vertex 45.8928 47.0861 2.5
      vertex 46.2337 46.8333 2.5
    endloop
  endfacet
  facet normal -0.336933 -0.941528 0
    outer loop
      vertex 44.7455 47.6288 2.5
      vertex 45.1451 47.4858 10
      vertex 44.7455 47.6288 10
    endloop
  endfacet
  facet normal -0.336933 -0.941528 -0
    outer loop
      vertex 45.1451 47.4858 10
      vertex 44.7455 47.6288 2.5
      vertex 45.1451 47.4858 2.5
    endloop
  endfacet
  facet normal -0.80324 -0.595656 0
    outer loop
      vertex 47.0861 45.8928 2.5
      vertex 46.8333 46.2337 10
      vertex 46.8333 46.2337 2.5
    endloop
  endfacet
  facet normal -0.80324 -0.595656 0
    outer loop
      vertex 46.8333 46.2337 10
      vertex 47.0861 45.8928 2.5
      vertex 47.0861 45.8928 10
    endloop
  endfacet
  facet normal -0.857701 -0.514149 0
    outer loop
      vertex 47.3043 45.5288 2.5
      vertex 47.0861 45.8928 10
      vertex 47.0861 45.8928 2.5
    endloop
  endfacet
  facet normal -0.857701 -0.514149 0
    outer loop
      vertex 47.0861 45.8928 10
      vertex 47.3043 45.5288 2.5
      vertex 47.3043 45.5288 10
    endloop
  endfacet
  facet normal 0.4276 0.903968 -0
    outer loop
      vertex 41.8349 39.4942 2.5
      vertex 41.4512 39.6757 10
      vertex 41.8349 39.4942 10
    endloop
  endfacet
  facet normal 0.4276 0.903968 0
    outer loop
      vertex 41.4512 39.6757 10
      vertex 41.8349 39.4942 2.5
      vertex 41.4512 39.6757 2.5
    endloop
  endfacet
  facet normal 0.970045 0.242924 0
    outer loop
      vertex 39.3512 42.2345 10
      vertex 39.2481 42.6462 2.5
      vertex 39.2481 42.6462 10
    endloop
  endfacet
  facet normal 0.970045 0.242924 0
    outer loop
      vertex 39.2481 42.6462 2.5
      vertex 39.3512 42.2345 10
      vertex 39.3512 42.2345 2.5
    endloop
  endfacet
  facet normal -0.903968 -0.4276 0
    outer loop
      vertex 47.4858 45.1451 2.5
      vertex 47.3043 45.5288 10
      vertex 47.3043 45.5288 2.5
    endloop
  endfacet
  facet normal -0.903968 -0.4276 0
    outer loop
      vertex 47.3043 45.5288 10
      vertex 47.4858 45.1451 2.5
      vertex 47.4858 45.1451 10
    endloop
  endfacet
  facet normal 0.514149 0.857701 -0
    outer loop
      vertex 41.4512 39.6757 2.5
      vertex 41.0872 39.8939 10
      vertex 41.4512 39.6757 10
    endloop
  endfacet
  facet normal 0.514149 0.857701 0
    outer loop
      vertex 41.0872 39.8939 10
      vertex 41.4512 39.6757 2.5
      vertex 41.0872 39.8939 2.5
    endloop
  endfacet
  facet normal -0.4276 0.903968 0
    outer loop
      vertex 45.5288 39.6757 2.5
      vertex 45.1451 39.4942 10
      vertex 45.5288 39.6757 10
    endloop
  endfacet
  facet normal -0.4276 0.903968 0
    outer loop
      vertex 45.1451 39.4942 10
      vertex 45.5288 39.6757 2.5
      vertex 45.1451 39.4942 2.5
    endloop
  endfacet
  facet normal -0.146762 -0.989172 0
    outer loop
      vertex 43.9139 47.7942 2.5
      vertex 44.3338 47.7319 10
      vertex 43.9139 47.7942 10
    endloop
  endfacet
  facet normal -0.146762 -0.989172 -0
    outer loop
      vertex 44.3338 47.7319 10
      vertex 43.9139 47.7942 2.5
      vertex 44.3338 47.7319 2.5
    endloop
  endfacet
  facet normal 0.671629 -0.740888 0
    outer loop
      vertex 40.4318 46.5482 2.5
      vertex 40.7463 46.8333 10
      vertex 40.4318 46.5482 10
    endloop
  endfacet
  facet normal 0.671629 -0.740888 0
    outer loop
      vertex 40.7463 46.8333 10
      vertex 40.4318 46.5482 2.5
      vertex 40.7463 46.8333 2.5
    endloop
  endfacet
  facet normal 0.989172 -0.146762 0
    outer loop
      vertex 39.1858 43.9139 10
      vertex 39.2481 44.3338 2.5
      vertex 39.2481 44.3338 10
    endloop
  endfacet
  facet normal 0.989172 -0.146762 0
    outer loop
      vertex 39.2481 44.3338 2.5
      vertex 39.1858 43.9139 10
      vertex 39.1858 43.9139 2.5
    endloop
  endfacet
  facet normal 0.941528 -0.336933 0
    outer loop
      vertex 39.3512 44.7455 10
      vertex 39.4942 45.1451 2.5
      vertex 39.4942 45.1451 10
    endloop
  endfacet
  facet normal 0.941528 -0.336933 0
    outer loop
      vertex 39.4942 45.1451 2.5
      vertex 39.3512 44.7455 10
      vertex 39.3512 44.7455 2.5
    endloop
  endfacet
  facet normal 0.336933 -0.941528 0
    outer loop
      vertex 41.8349 47.4858 2.5
      vertex 42.2345 47.6288 10
      vertex 41.8349 47.4858 10
    endloop
  endfacet
  facet normal 0.336933 -0.941528 0
    outer loop
      vertex 42.2345 47.6288 10
      vertex 41.8349 47.4858 2.5
      vertex 42.2345 47.6288 2.5
    endloop
  endfacet
  facet normal 0.998798 0.0490092 0
    outer loop
      vertex 39.1858 43.0661 10
      vertex 39.165 43.49 2.5
      vertex 39.165 43.49 10
    endloop
  endfacet
  facet normal 0.998798 0.0490092 0
    outer loop
      vertex 39.165 43.49 2.5
      vertex 39.1858 43.0661 10
      vertex 39.1858 43.0661 2.5
    endloop
  endfacet
  facet normal -0.671629 0.740888 0
    outer loop
      vertex 46.5482 40.4318 2.5
      vertex 46.2337 40.1467 10
      vertex 46.5482 40.4318 10
    endloop
  endfacet
  facet normal -0.671629 0.740888 0
    outer loop
      vertex 46.2337 40.1467 10
      vertex 46.5482 40.4318 2.5
      vertex 46.2337 40.1467 2.5
    endloop
  endfacet
  facet normal 0.0490092 -0.998798 0
    outer loop
      vertex 43.0661 47.7942 2.5
      vertex 43.49 47.815 10
      vertex 43.0661 47.7942 10
    endloop
  endfacet
  facet normal 0.0490092 -0.998798 0
    outer loop
      vertex 43.49 47.815 10
      vertex 43.0661 47.7942 2.5
      vertex 43.49 47.815 2.5
    endloop
  endfacet
  facet normal -0.671629 -0.740888 0
    outer loop
      vertex 46.2337 46.8333 2.5
      vertex 46.5482 46.5482 10
      vertex 46.2337 46.8333 10
    endloop
  endfacet
  facet normal -0.671629 -0.740888 -0
    outer loop
      vertex 46.5482 46.5482 10
      vertex 46.2337 46.8333 2.5
      vertex 46.5482 46.5482 2.5
    endloop
  endfacet
  facet normal 0.80324 -0.595656 0
    outer loop
      vertex 39.8939 45.8928 10
      vertex 40.1467 46.2337 2.5
      vertex 40.1467 46.2337 10
    endloop
  endfacet
  facet normal 0.80324 -0.595656 0
    outer loop
      vertex 40.1467 46.2337 2.5
      vertex 39.8939 45.8928 10
      vertex 39.8939 45.8928 2.5
    endloop
  endfacet
  facet normal 0.740888 0.671629 0
    outer loop
      vertex 40.4318 40.4318 10
      vertex 40.1467 40.7463 2.5
      vertex 40.1467 40.7463 10
    endloop
  endfacet
  facet normal 0.740888 0.671629 0
    outer loop
      vertex 40.1467 40.7463 2.5
      vertex 40.4318 40.4318 10
      vertex 40.4318 40.4318 2.5
    endloop
  endfacet
  facet normal -0.0490092 0.998798 0
    outer loop
      vertex 43.9139 39.1858 2.5
      vertex 43.49 39.165 10
      vertex 43.9139 39.1858 10
    endloop
  endfacet
  facet normal -0.0490092 0.998798 0
    outer loop
      vertex 43.49 39.165 10
      vertex 43.9139 39.1858 2.5
      vertex 43.49 39.165 2.5
    endloop
  endfacet
  facet normal 0.989172 0.146762 0
    outer loop
      vertex 39.2481 42.6462 10
      vertex 39.1858 43.0661 2.5
      vertex 39.1858 43.0661 10
    endloop
  endfacet
  facet normal 0.989172 0.146762 0
    outer loop
      vertex 39.1858 43.0661 2.5
      vertex 39.2481 42.6462 10
      vertex 39.2481 42.6462 2.5
    endloop
  endfacet
  facet normal -0.0490092 -0.998798 0
    outer loop
      vertex 43.49 47.815 2.5
      vertex 43.9139 47.7942 10
      vertex 43.49 47.815 10
    endloop
  endfacet
  facet normal -0.0490092 -0.998798 -0
    outer loop
      vertex 43.9139 47.7942 10
      vertex 43.49 47.815 2.5
      vertex 43.9139 47.7942 2.5
    endloop
  endfacet
  facet normal 0.970045 -0.242924 0
    outer loop
      vertex 39.2481 44.3338 10
      vertex 39.3512 44.7455 2.5
      vertex 39.3512 44.7455 10
    endloop
  endfacet
  facet normal 0.970045 -0.242924 0
    outer loop
      vertex 39.3512 44.7455 2.5
      vertex 39.2481 44.3338 10
      vertex 39.2481 44.3338 2.5
    endloop
  endfacet
  facet normal 0.903968 -0.4276 0
    outer loop
      vertex 39.4942 45.1451 10
      vertex 39.6757 45.5288 2.5
      vertex 39.6757 45.5288 10
    endloop
  endfacet
  facet normal 0.903968 -0.4276 0
    outer loop
      vertex 39.6757 45.5288 2.5
      vertex 39.4942 45.1451 10
      vertex 39.4942 45.1451 2.5
    endloop
  endfacet
  facet normal -0.941528 0.336933 0
    outer loop
      vertex 47.4858 41.8349 2.5
      vertex 47.6288 42.2345 10
      vertex 47.6288 42.2345 2.5
    endloop
  endfacet
  facet normal -0.941528 0.336933 0
    outer loop
      vertex 47.6288 42.2345 10
      vertex 47.4858 41.8349 2.5
      vertex 47.4858 41.8349 10
    endloop
  endfacet
  facet normal 0.671629 0.740888 -0
    outer loop
      vertex 40.7463 40.1467 2.5
      vertex 40.4318 40.4318 10
      vertex 40.7463 40.1467 10
    endloop
  endfacet
  facet normal 0.671629 0.740888 0
    outer loop
      vertex 40.4318 40.4318 10
      vertex 40.7463 40.1467 2.5
      vertex 40.4318 40.4318 2.5
    endloop
  endfacet
  facet normal 0.0490092 0.998798 -0
    outer loop
      vertex 43.49 39.165 2.5
      vertex 43.0661 39.1858 10
      vertex 43.49 39.165 10
    endloop
  endfacet
  facet normal 0.0490092 0.998798 0
    outer loop
      vertex 43.0661 39.1858 10
      vertex 43.49 39.165 2.5
      vertex 43.0661 39.1858 2.5
    endloop
  endfacet
  facet normal 0.998798 -0.0490092 0
    outer loop
      vertex 39.165 43.49 10
      vertex 39.1858 43.9139 2.5
      vertex 39.1858 43.9139 10
    endloop
  endfacet
  facet normal 0.998798 -0.0490092 0
    outer loop
      vertex 39.1858 43.9139 2.5
      vertex 39.165 43.49 10
      vertex 39.165 43.49 2.5
    endloop
  endfacet
  facet normal 0.336933 0.941528 -0
    outer loop
      vertex 42.2345 39.3512 2.5
      vertex 41.8349 39.4942 10
      vertex 42.2345 39.3512 10
    endloop
  endfacet
  facet normal 0.336933 0.941528 0
    outer loop
      vertex 41.8349 39.4942 10
      vertex 42.2345 39.3512 2.5
      vertex 41.8349 39.4942 2.5
    endloop
  endfacet
  facet normal -0.740888 0.671629 0
    outer loop
      vertex 46.5482 40.4318 2.5
      vertex 46.8333 40.7463 10
      vertex 46.8333 40.7463 2.5
    endloop
  endfacet
  facet normal -0.740888 0.671629 0
    outer loop
      vertex 46.8333 40.7463 10
      vertex 46.5482 40.4318 2.5
      vertex 46.5482 40.4318 10
    endloop
  endfacet
  facet normal 0 0 1
    outer loop
      vertex 47.815 43.49 4
      vertex 49.89 43.49 4
      vertex 49.8592 44.1173 4
    endloop
  endfacet
  facet normal 0 0 1
    outer loop
      vertex 47.7942 43.9139 4
      vertex 49.8592 44.1173 4
      vertex 49.8336 44.29 4
    endloop
  endfacet
  facet normal 0 0 1
    outer loop
      vertex 49.89 43.49 4
      vertex 47.815 43.49 4
      vertex 49.8592 42.8627 4
    endloop
  endfacet
  facet normal -0 0 1
    outer loop
      vertex 47.7942 43.0661 4
      vertex 49.8592 42.8627 4
      vertex 47.815 43.49 4
    endloop
  endfacet
  facet normal 0 0 1
    outer loop
      vertex 49.8592 44.1173 4
      vertex 47.7942 43.9139 4
      vertex 47.815 43.49 4
    endloop
  endfacet
  facet normal 0 -0 1
    outer loop
      vertex 47.7942 43.9139 4
      vertex 49.8336 44.29 4
      vertex 47.7384 44.29 4
    endloop
  endfacet
  facet normal 0 0 1
    outer loop
      vertex 49.8592 42.8627 4
      vertex 47.7942 43.0661 4
      vertex 49.8336 42.69 4
    endloop
  endfacet
  facet normal 0 0 1
    outer loop
      vertex 49.8336 42.69 4
      vertex 47.7942 43.0661 4
      vertex 47.7384 42.69 4
    endloop
  endfacet
  facet normal 0 -1 0
    outer loop
      vertex 47.7384 44.29 4
      vertex 49.8336 44.29 10
      vertex 47.7384 44.29 10
    endloop
  endfacet
  facet normal 0 -1 -0
    outer loop
      vertex 49.8336 44.29 10
      vertex 47.7384 44.29 4
      vertex 49.8336 44.29 4
    endloop
  endfacet
  facet normal 0 1 -0
    outer loop
      vertex 49.8336 42.69 4
      vertex 47.7384 42.69 10
      vertex 49.8336 42.69 10
    endloop
  endfacet
  facet normal 0 1 0
    outer loop
      vertex 47.7384 42.69 10
      vertex 49.8336 42.69 4
      vertex 47.7384 42.69 4
    endloop
  endfacet
  facet normal -0.671547 -0.740962 0
    outer loop
      vertex -48.0155 38.9645 0
      vertex -47.5501 38.5427 10
      vertex -48.0155 38.9645 10
    endloop
  endfacet
  facet normal -0.671547 -0.740962 -0
    outer loop
      vertex -47.5501 38.5427 10
      vertex -48.0155 38.9645 0
      vertex -47.5501 38.5427 0
    endloop
  endfacet
  facet normal -0.941547 0.336881 0
    outer loop
      vertex -49.6144 45.3478 0
      vertex -49.4028 45.9392 10
      vertex -49.4028 45.9392 0
    endloop
  endfacet
  facet normal -0.941547 0.336881 0
    outer loop
      vertex -49.4028 45.9392 10
      vertex -49.6144 45.3478 0
      vertex -49.6144 45.3478 10
    endloop
  endfacet
  facet normal 0.989146 0.146938 0
    outer loop
      vertex -37.213 44.7386 10
      vertex -37.1884 44.573 2.38971
      vertex -37.213 44.7386 0
    endloop
  endfacet
  facet normal 0.989164 0.146817 2.6973e-06
    outer loop
      vertex -37.1464 44.29 4
      vertex -37.1884 44.573 2.38971
      vertex -37.213 44.7386 10
    endloop
  endfacet
  facet normal 0.989428 0.145028 -0.000318596
    outer loop
      vertex -37.1884 44.573 2.38971
      vertex -37.1464 44.29 4
      vertex -37.1835 44.5396 2.40308
    endloop
  endfacet
  facet normal 0.989158 0.146852 -0
    outer loop
      vertex -37.1464 44.29 4
      vertex -37.213 44.7386 10
      vertex -37.1464 44.29 10
    endloop
  endfacet
  facet normal 0.98907 0.147446 6.76407e-05
    outer loop
      vertex -37.1835 44.5396 2.40308
      vertex -37.1464 44.29 4
      vertex -37.1667 44.4269 2.41468
    endloop
  endfacet
  facet normal 0.98924 0.146305 -3.30419e-05
    outer loop
      vertex -37.1464 44.29 4
      vertex -37.1382 44.2342 2.42426
      vertex -37.1667 44.4269 2.41468
    endloop
  endfacet
  facet normal 0.989191 0.146632 -4.48558e-05
    outer loop
      vertex -37.1208 44.1173 4
      vertex -37.1382 44.2342 2.42426
      vertex -37.1464 44.29 4
    endloop
  endfacet
  facet normal 0.989103 0.147223 0
    outer loop
      vertex -37.1382 44.2342 2.42426
      vertex -37.1208 44.1173 4
      vertex -37.1208 44.1173 2.42743
    endloop
  endfacet
  facet normal 0.989146 0.146938 0
    outer loop
      vertex -37.213 44.7386 0
      vertex -37.1884 44.573 2.38971
      vertex -37.1884 44.573 0
    endloop
  endfacet
  facet normal 0.9988 0.0489679 0
    outer loop
      vertex -37.1208 44.1173 4
      vertex -37.114 43.9786 2.43235
      vertex -37.1208 44.1173 2.42743
    endloop
  endfacet
  facet normal 0.998802 0.0489327 3.11555e-06
    outer loop
      vertex -37.1208 44.1173 4
      vertex -37.0987 43.6663 2.43898
      vertex -37.114 43.9786 2.43235
    endloop
  endfacet
  facet normal 0.998797 0.0490402 -2.8019e-05
    outer loop
      vertex -37.09 43.49 4
      vertex -37.0987 43.6663 2.43898
      vertex -37.1208 44.1173 4
    endloop
  endfacet
  facet normal 0.998785 0.0492877 0
    outer loop
      vertex -37.0987 43.6663 2.43898
      vertex -37.09 43.49 4
      vertex -37.09 43.49 2.44108
    endloop
  endfacet
  facet normal -0.514051 -0.85776 0
    outer loop
      vertex -47.0457 38.1686 0
      vertex -46.5069 37.8457 10
      vertex -47.0457 38.1686 10
    endloop
  endfacet
  facet normal -0.514051 -0.85776 -0
    outer loop
      vertex -46.5069 37.8457 10
      vertex -47.0457 38.1686 0
      vertex -46.5069 37.8457 0
    endloop
  endfacet
  facet normal 0.671547 0.740962 -0
    outer loop
      vertex -38.9645 48.0155 0
      vertex -39.4299 48.4373 10
      vertex -38.9645 48.0155 10
    endloop
  endfacet
  facet normal 0.671547 0.740962 0
    outer loop
      vertex -39.4299 48.4373 10
      vertex -38.9645 48.0155 0
      vertex -39.4299 48.4373 0
    endloop
  endfacet
  facet normal -0.146791 -0.989168 -6.81749e-06
    outer loop
      vertex -44.2342 37.1382 2.42426
      vertex -44.1173 37.1208 10
      vertex -44.7386 37.213 10
    endloop
  endfacet
  facet normal -0.147223 -0.989103 -0
    outer loop
      vertex -44.1173 37.1208 10
      vertex -44.2342 37.1382 2.42426
      vertex -44.1173 37.1208 2.42743
    endloop
  endfacet
  facet normal -0.146308 -0.989239 2.60433e-05
    outer loop
      vertex -44.7386 37.213 10
      vertex -44.4269 37.1667 2.41468
      vertex -44.2342 37.1382 2.42426
    endloop
  endfacet
  facet normal -0.147437 -0.989071 -2.13718e-05
    outer loop
      vertex -44.7386 37.213 10
      vertex -44.5396 37.1835 2.40308
      vertex -44.4269 37.1667 2.41468
    endloop
  endfacet
  facet normal -0.145168 -0.989407 3.93605e-05
    outer loop
      vertex -44.7386 37.213 10
      vertex -44.573 37.1884 2.38971
      vertex -44.5396 37.1835 2.40308
    endloop
  endfacet
  facet normal -0.146938 -0.989146 0
    outer loop
      vertex -44.7386 37.213 0
      vertex -44.573 37.1884 2.38971
      vertex -44.7386 37.213 10
    endloop
  endfacet
  facet normal -0.146938 -0.989146 -0
    outer loop
      vertex -44.573 37.1884 2.38971
      vertex -44.7386 37.213 0
      vertex -44.573 37.1884 0
    endloop
  endfacet
  facet normal 0.740962 0.671547 0
    outer loop
      vertex -38.5427 47.5501 10
      vertex -38.9645 48.0155 0
      vertex -38.9645 48.0155 10
    endloop
  endfacet
  facet normal 0.740962 0.671547 0
    outer loop
      vertex -38.9645 48.0155 0
      vertex -38.5427 47.5501 10
      vertex -38.5427 47.5501 0
    endloop
  endfacet
  facet normal 0.427552 0.903991 -0
    outer loop
      vertex -40.4731 49.1343 0
      vertex -41.0408 49.4028 10
      vertex -40.4731 49.1343 10
    endloop
  endfacet
  facet normal 0.427552 0.903991 0
    outer loop
      vertex -41.0408 49.4028 10
      vertex -40.4731 49.1343 0
      vertex -41.0408 49.4028 0
    endloop
  endfacet
  facet normal 0.0490402 -0.998797 -1.90183e-06
    outer loop
      vertex -42.9078 37.1186 2.44844
      vertex -42.8627 37.1208 10
      vertex -43.49 37.09 10
    endloop
  endfacet
  facet normal 0.0487226 -0.998812 0
    outer loop
      vertex -42.8627 37.1208 10
      vertex -42.9078 37.1186 2.44844
      vertex -42.8627 37.1208 2.44865
    endloop
  endfacet
  facet normal 0.0490514 -0.998796 -1.03978e-06
    outer loop
      vertex -43.49 37.09 10
      vertex -43.3069 37.099 2.44432
      vertex -42.9078 37.1186 2.44844
    endloop
  endfacet
  facet normal 0.0490942 -0.998794 0
    outer loop
      vertex -43.3069 37.099 2.44432
      vertex -43.49 37.09 10
      vertex -43.49 37.09 2.44108
    endloop
  endfacet
  facet normal -0.740962 0.671547 0
    outer loop
      vertex -48.4373 47.5501 0
      vertex -48.0155 48.0155 10
      vertex -48.0155 48.0155 0
    endloop
  endfacet
  facet normal -0.740962 0.671547 0
    outer loop
      vertex -48.0155 48.0155 10
      vertex -48.4373 47.5501 0
      vertex -48.4373 47.5501 10
    endloop
  endfacet
  facet normal 0.989158 -0.146852 0
    outer loop
      vertex -37.213 42.2414 10
      vertex -37.1464 42.69 4
      vertex -37.1464 42.69 10
    endloop
  endfacet
  facet normal 0.989158 -0.146852 0
    outer loop
      vertex -37.213 42.2414 2.45372
      vertex -37.1464 42.69 4
      vertex -37.213 42.2414 10
    endloop
  endfacet
  facet normal 0.989127 -0.147067 4.67931e-05
    outer loop
      vertex -37.1464 42.69 4
      vertex -37.2098 42.2631 2.45363
      vertex -37.1759 42.4911 2.45211
    endloop
  endfacet
  facet normal 0.989301 -0.145889 -0.000285647
    outer loop
      vertex -37.1464 42.69 4
      vertex -37.213 42.2414 2.45372
      vertex -37.2098 42.2631 2.45363
    endloop
  endfacet
  facet normal 0.989191 -0.146632 0
    outer loop
      vertex -37.1464 42.69 4
      vertex -37.1208 42.8627 2.44865
      vertex -37.1208 42.8627 4
    endloop
  endfacet
  facet normal 0.989185 -0.146674 -4.82668e-06
    outer loop
      vertex -37.1208 42.8627 2.44865
      vertex -37.1464 42.69 4
      vertex -37.1759 42.4911 2.45211
    endloop
  endfacet
  facet normal 0.903991 0.427552 0
    outer loop
      vertex -37.5772 45.9392 10
      vertex -37.8457 46.5069 0
      vertex -37.8457 46.5069 10
    endloop
  endfacet
  facet normal 0.903991 0.427552 0
    outer loop
      vertex -37.8457 46.5069 0
      vertex -37.5772 45.9392 10
      vertex -37.5772 45.9392 0
    endloop
  endfacet
  facet normal -0.242985 0.97003 0
    outer loop
      vertex -44.7386 49.767 0
      vertex -45.3478 49.6144 10
      vertex -44.7386 49.767 10
    endloop
  endfacet
  facet normal -0.242985 0.97003 0
    outer loop
      vertex -45.3478 49.6144 10
      vertex -44.7386 49.767 0
      vertex -45.3478 49.6144 0
    endloop
  endfacet
  facet normal -0.803199 0.595711 0
    outer loop
      vertex -48.8114 47.0457 0
      vertex -48.4373 47.5501 10
      vertex -48.4373 47.5501 0
    endloop
  endfacet
  facet normal -0.803199 0.595711 0
    outer loop
      vertex -48.4373 47.5501 10
      vertex -48.8114 47.0457 0
      vertex -48.8114 47.0457 10
    endloop
  endfacet
  facet normal 0.242985 0.97003 -0
    outer loop
      vertex -41.6322 49.6144 0
      vertex -42.2414 49.767 10
      vertex -41.6322 49.6144 10
    endloop
  endfacet
  facet normal 0.242985 0.97003 0
    outer loop
      vertex -42.2414 49.767 10
      vertex -41.6322 49.6144 0
      vertex -42.2414 49.767 0
    endloop
  endfacet
  facet normal 0.336881 0.941547 -0
    outer loop
      vertex -41.0408 49.4028 0
      vertex -41.6322 49.6144 10
      vertex -41.0408 49.4028 10
    endloop
  endfacet
  facet normal 0.336881 0.941547 0
    outer loop
      vertex -41.6322 49.6144 10
      vertex -41.0408 49.4028 0
      vertex -41.6322 49.6144 0
    endloop
  endfacet
  facet normal 0.941547 0.336881 0
    outer loop
      vertex -37.3656 45.3478 10
      vertex -37.5772 45.9392 0
      vertex -37.5772 45.9392 10
    endloop
  endfacet
  facet normal 0.941547 0.336881 0
    outer loop
      vertex -37.5772 45.9392 0
      vertex -37.3656 45.3478 10
      vertex -37.3656 45.3478 0
    endloop
  endfacet
  facet normal 0.595635 0.803255 -0
    outer loop
      vertex -39.4299 48.4373 0
      vertex -39.9344 48.8114 10
      vertex -39.4299 48.4373 10
    endloop
  endfacet
  facet normal 0.595635 0.803255 0
    outer loop
      vertex -39.9344 48.8114 10
      vertex -39.4299 48.4373 0
      vertex -39.9344 48.8114 0
    endloop
  endfacet
  facet normal -0.857718 -0.514121 0
    outer loop
      vertex -48.8114 39.9344 0
      vertex -49.1343 40.4731 10
      vertex -49.1343 40.4731 0
    endloop
  endfacet
  facet normal -0.857718 -0.514121 0
    outer loop
      vertex -49.1343 40.4731 10
      vertex -48.8114 39.9344 0
      vertex -48.8114 39.9344 10
    endloop
  endfacet
  facet normal 0.514121 0.857718 -0
    outer loop
      vertex -39.9344 48.8114 0
      vertex -40.4731 49.1343 10
      vertex -39.9344 48.8114 10
    endloop
  endfacet
  facet normal 0.514121 0.857718 0
    outer loop
      vertex -40.4731 49.1343 10
      vertex -39.9344 48.8114 0
      vertex -40.4731 49.1343 0
    endloop
  endfacet
  facet normal 0.941627 -0.336658 0
    outer loop
      vertex -37.3656 41.6322 10
      vertex -37.4385 41.4283 2.45952
      vertex -37.3656 41.6322 2.45789
    endloop
  endfacet
  facet normal 0.941547 -0.336881 6.79435e-06
    outer loop
      vertex -37.5772 41.0408 10
      vertex -37.4385 41.4283 2.45952
      vertex -37.3656 41.6322 10
    endloop
  endfacet
  facet normal 0.941505 -0.336998 0
    outer loop
      vertex -37.4385 41.4283 2.45952
      vertex -37.5772 41.0408 10
      vertex -37.5772 41.0408 2.46097
    endloop
  endfacet
  facet normal -0.85776 0.514051 0
    outer loop
      vertex -49.1343 46.5069 0
      vertex -48.8114 47.0457 10
      vertex -48.8114 47.0457 0
    endloop
  endfacet
  facet normal -0.85776 0.514051 0
    outer loop
      vertex -48.8114 47.0457 10
      vertex -49.1343 46.5069 0
      vertex -49.1343 46.5069 10
    endloop
  endfacet
  facet normal -0.97003 -0.242985 0
    outer loop
      vertex -49.6144 41.6322 0
      vertex -49.767 42.2414 10
      vertex -49.767 42.2414 0
    endloop
  endfacet
  facet normal -0.97003 -0.242985 0
    outer loop
      vertex -49.767 42.2414 10
      vertex -49.6144 41.6322 0
      vertex -49.6144 41.6322 10
    endloop
  endfacet
  facet normal 0.0490402 0.998797 -0
    outer loop
      vertex -42.8627 49.8592 0
      vertex -43.49 49.89 10
      vertex -42.8627 49.8592 10
    endloop
  endfacet
  facet normal 0.0490402 0.998797 0
    outer loop
      vertex -43.49 49.89 10
      vertex -42.8627 49.8592 0
      vertex -43.49 49.89 0
    endloop
  endfacet
  facet normal 0.85776 0.514051 0
    outer loop
      vertex -37.8457 46.5069 10
      vertex -38.1686 47.0457 0
      vertex -38.1686 47.0457 10
    endloop
  endfacet
  facet normal 0.85776 0.514051 0
    outer loop
      vertex -38.1686 47.0457 0
      vertex -37.8457 46.5069 10
      vertex -37.8457 46.5069 0
    endloop
  endfacet
  facet normal -0.941547 -0.336881 0
    outer loop
      vertex -49.4028 41.0408 0
      vertex -49.6144 41.6322 10
      vertex -49.6144 41.6322 0
    endloop
  endfacet
  facet normal -0.941547 -0.336881 0
    outer loop
      vertex -49.6144 41.6322 10
      vertex -49.4028 41.0408 0
      vertex -49.4028 41.0408 10
    endloop
  endfacet
  facet normal -0.671547 0.740962 0
    outer loop
      vertex -47.5501 48.4373 0
      vertex -48.0155 48.0155 10
      vertex -47.5501 48.4373 10
    endloop
  endfacet
  facet normal -0.671547 0.740962 0
    outer loop
      vertex -48.0155 48.0155 10
      vertex -47.5501 48.4373 0
      vertex -48.0155 48.0155 0
    endloop
  endfacet
  facet normal 0.970054 -0.242891 0
    outer loop
      vertex -37.213 42.2414 10
      vertex -37.3095 41.856 2.45701
      vertex -37.213 42.2414 2.45372
    endloop
  endfacet
  facet normal 0.97003 -0.242985 5.11699e-06
    outer loop
      vertex -37.3656 41.6322 10
      vertex -37.3095 41.856 2.45701
      vertex -37.213 42.2414 10
    endloop
  endfacet
  facet normal 0.969989 -0.243147 0
    outer loop
      vertex -37.3095 41.856 2.45701
      vertex -37.3656 41.6322 10
      vertex -37.3656 41.6322 2.45789
    endloop
  endfacet
  facet normal 0 0 -1
    outer loop
      vertex -47.2009 39.7791 0
      vertex -44.7386 37.213 0
      vertex -45.3478 37.3656 0
    endloop
  endfacet
  facet normal 0 0 -1
    outer loop
      vertex -47.2009 39.7791 0
      vertex -45.3478 37.3656 0
      vertex -45.9392 37.5772 0
    endloop
  endfacet
  facet normal 0 0 -1
    outer loop
      vertex -47.2009 39.7791 0
      vertex -45.9392 37.5772 0
      vertex -46.5069 37.8457 0
    endloop
  endfacet
  facet normal 0 0 -1
    outer loop
      vertex -47.2009 39.7791 0
      vertex -46.5069 37.8457 0
      vertex -47.0457 38.1686 0
    endloop
  endfacet
  facet normal 0 0 -1
    outer loop
      vertex -44.7386 37.213 0
      vertex -47.2009 39.7791 0
      vertex -44.573 37.1884 0
    endloop
  endfacet
  facet normal 0 0 -1
    outer loop
      vertex -47.5501 38.5427 0
      vertex -47.2009 39.7791 0
      vertex -47.0457 38.1686 0
    endloop
  endfacet
  facet normal 0 0 -1
    outer loop
      vertex -48.0155 38.9645 0
      vertex -47.2009 39.7791 0
      vertex -47.5501 38.5427 0
    endloop
  endfacet
  facet normal -0 0 -1
    outer loop
      vertex -47.2009 39.7791 0
      vertex -48.0155 38.9645 0
      vertex -47.5468 40.1607 0
    endloop
  endfacet
  facet normal 0 0 -1
    outer loop
      vertex -48.4373 39.4299 0
      vertex -47.5468 40.1607 0
      vertex -48.0155 38.9645 0
    endloop
  endfacet
  facet normal -0 0 -1
    outer loop
      vertex -47.5468 40.1607 0
      vertex -48.4373 39.4299 0
      vertex -47.8536 40.5744 0
    endloop
  endfacet
  facet normal 0 0 -1
    outer loop
      vertex -48.8114 39.9344 0
      vertex -47.8536 40.5744 0
      vertex -48.4373 39.4299 0
    endloop
  endfacet
  facet normal -0 0 -1
    outer loop
      vertex -47.8536 40.5744 0
      vertex -48.8114 39.9344 0
      vertex -48.1183 41.0161 0
    endloop
  endfacet
  facet normal 0 0 -1
    outer loop
      vertex -49.1343 40.4731 0
      vertex -48.1183 41.0161 0
      vertex -48.8114 39.9344 0
    endloop
  endfacet
  facet normal -0 0 -1
    outer loop
      vertex -48.1183 41.0161 0
      vertex -49.1343 40.4731 0
      vertex -48.3385 41.4817 0
    endloop
  endfacet
  facet normal 0 0 -1
    outer loop
      vertex -49.4028 41.0408 0
      vertex -48.3385 41.4817 0
      vertex -49.1343 40.4731 0
    endloop
  endfacet
  facet normal 0 0 -1
    outer loop
      vertex -49.6144 41.6322 0
      vertex -48.512 41.9666 0
      vertex -49.4028 41.0408 0
    endloop
  endfacet
  facet normal -0 0 -1
    outer loop
      vertex -48.3385 41.4817 0
      vertex -49.4028 41.0408 0
      vertex -48.512 41.9666 0
    endloop
  endfacet
  facet normal 0 0 -1
    outer loop
      vertex -39.7791 47.2009 0
      vertex -37.213 44.7386 0
      vertex -37.1884 44.573 0
    endloop
  endfacet
  facet normal 0 0 -1
    outer loop
      vertex -37.213 44.7386 0
      vertex -39.7791 47.2009 0
      vertex -37.3656 45.3478 0
    endloop
  endfacet
  facet normal 0 0 -1
    outer loop
      vertex -37.3656 45.3478 0
      vertex -39.7791 47.2009 0
      vertex -37.5772 45.9392 0
    endloop
  endfacet
  facet normal 0 0 -1
    outer loop
      vertex -37.5772 45.9392 0
      vertex -39.7791 47.2009 0
      vertex -37.8457 46.5069 0
    endloop
  endfacet
  facet normal 0 0 -1
    outer loop
      vertex -37.8457 46.5069 0
      vertex -39.7791 47.2009 0
      vertex -38.1686 47.0457 0
    endloop
  endfacet
  facet normal 0 0 -1
    outer loop
      vertex -38.1686 47.0457 0
      vertex -39.7791 47.2009 0
      vertex -38.5427 47.5501 0
    endloop
  endfacet
  facet normal -0 0 -1
    outer loop
      vertex -38.5427 47.5501 0
      vertex -39.7791 47.2009 0
      vertex -38.9645 48.0155 0
    endloop
  endfacet
  facet normal -0 0 -1
    outer loop
      vertex -38.9645 48.0155 0
      vertex -39.7791 47.2009 0
      vertex -39.4299 48.4373 0
    endloop
  endfacet
  facet normal 0 0 -1
    outer loop
      vertex -40.1607 47.5468 0
      vertex -39.4299 48.4373 0
      vertex -39.7791 47.2009 0
    endloop
  endfacet
  facet normal -0 0 -1
    outer loop
      vertex -39.4299 48.4373 0
      vertex -40.1607 47.5468 0
      vertex -39.9344 48.8114 0
    endloop
  endfacet
  facet normal 0 0 -1
    outer loop
      vertex -40.5744 47.8536 0
      vertex -39.9344 48.8114 0
      vertex -40.1607 47.5468 0
    endloop
  endfacet
  facet normal -0 0 -1
    outer loop
      vertex -39.9344 48.8114 0
      vertex -40.5744 47.8536 0
      vertex -40.4731 49.1343 0
    endloop
  endfacet
  facet normal 0 0 -1
    outer loop
      vertex -41.0161 48.1183 0
      vertex -40.4731 49.1343 0
      vertex -40.5744 47.8536 0
    endloop
  endfacet
  facet normal 0 0 -1
    outer loop
      vertex -41.0161 48.1183 0
      vertex -41.0408 49.4028 0
      vertex -40.4731 49.1343 0
    endloop
  endfacet
  facet normal 0 0 -1
    outer loop
      vertex -41.4817 48.3385 0
      vertex -41.0408 49.4028 0
      vertex -41.0161 48.1183 0
    endloop
  endfacet
  facet normal 0 0 -1
    outer loop
      vertex -41.4817 48.3385 0
      vertex -41.6322 49.6144 0
      vertex -41.0408 49.4028 0
    endloop
  endfacet
  facet normal 0 0 -1
    outer loop
      vertex -41.9666 48.512 0
      vertex -41.6322 49.6144 0
      vertex -41.4817 48.3385 0
    endloop
  endfacet
  facet normal 0 0 -1
    outer loop
      vertex -41.9666 48.512 0
      vertex -42.2414 49.767 0
      vertex -41.6322 49.6144 0
    endloop
  endfacet
  facet normal 0 0 -1
    outer loop
      vertex -42.4662 48.6372 0
      vertex -42.2414 49.767 0
      vertex -41.9666 48.512 0
    endloop
  endfacet
  facet normal 0 0 -1
    outer loop
      vertex -42.4662 48.6372 0
      vertex -42.8627 49.8592 0
      vertex -42.2414 49.767 0
    endloop
  endfacet
  facet normal 0 0 -1
    outer loop
      vertex -42.9756 48.7127 0
      vertex -42.8627 49.8592 0
      vertex -42.4662 48.6372 0
    endloop
  endfacet
  facet normal 0 0 -1
    outer loop
      vertex -43.49 48.738 0
      vertex -42.8627 49.8592 0
      vertex -42.9756 48.7127 0
    endloop
  endfacet
  facet normal 0 0 -1
    outer loop
      vertex -43.49 48.738 0
      vertex -43.49 49.89 0
      vertex -42.8627 49.8592 0
    endloop
  endfacet
  facet normal 0 0 -1
    outer loop
      vertex -44.0044 48.7127 0
      vertex -43.49 49.89 0
      vertex -43.49 48.738 0
    endloop
  endfacet
  facet normal 0 0 -1
    outer loop
      vertex -44.0044 48.7127 0
      vertex -44.1173 49.8592 0
      vertex -43.49 49.89 0
    endloop
  endfacet
  facet normal 0 0 -1
    outer loop
      vertex -44.5138 48.6372 0
      vertex -44.1173 49.8592 0
      vertex -44.0044 48.7127 0
    endloop
  endfacet
  facet normal 0 0 -1
    outer loop
      vertex -44.5138 48.6372 0
      vertex -44.7386 49.767 0
      vertex -44.1173 49.8592 0
    endloop
  endfacet
  facet normal 0 0 -1
    outer loop
      vertex -45.0134 48.512 0
      vertex -44.7386 49.767 0
      vertex -44.5138 48.6372 0
    endloop
  endfacet
  facet normal 0 0 -1
    outer loop
      vertex -45.0134 48.512 0
      vertex -45.3478 49.6144 0
      vertex -44.7386 49.767 0
    endloop
  endfacet
  facet normal 0 0 -1
    outer loop
      vertex -45.4983 48.3385 0
      vertex -45.3478 49.6144 0
      vertex -45.0134 48.512 0
    endloop
  endfacet
  facet normal 0 0 -1
    outer loop
      vertex -45.4983 48.3385 0
      vertex -45.9392 49.4028 0
      vertex -45.3478 49.6144 0
    endloop
  endfacet
  facet normal 0 0 -1
    outer loop
      vertex -45.9639 48.1183 0
      vertex -45.9392 49.4028 0
      vertex -45.4983 48.3385 0
    endloop
  endfacet
  facet normal 0 0 -1
    outer loop
      vertex -46.5069 49.1343 0
      vertex -45.9639 48.1183 0
      vertex -46.4056 47.8536 0
    endloop
  endfacet
  facet normal 0 0 -1
    outer loop
      vertex -45.9639 48.1183 0
      vertex -46.5069 49.1343 0
      vertex -45.9392 49.4028 0
    endloop
  endfacet
  facet normal 0 0 -1
    outer loop
      vertex -47.0457 48.8114 0
      vertex -46.4056 47.8536 0
      vertex -46.8193 47.5468 0
    endloop
  endfacet
  facet normal 0 0 -1
    outer loop
      vertex -46.4056 47.8536 0
      vertex -47.0457 48.8114 0
      vertex -46.5069 49.1343 0
    endloop
  endfacet
  facet normal 0 0 -1
    outer loop
      vertex -47.5501 48.4373 0
      vertex -46.8193 47.5468 0
      vertex -47.2009 47.2009 0
    endloop
  endfacet
  facet normal 0 0 -1
    outer loop
      vertex -48.0155 48.0155 0
      vertex -47.2009 47.2009 0
      vertex -47.5468 46.8193 0
    endloop
  endfacet
  facet normal 0 0 -1
    outer loop
      vertex -46.8193 47.5468 0
      vertex -47.5501 48.4373 0
      vertex -47.0457 48.8114 0
    endloop
  endfacet
  facet normal 0 0 -1
    outer loop
      vertex -48.4373 47.5501 0
      vertex -47.5468 46.8193 0
      vertex -47.8536 46.4056 0
    endloop
  endfacet
  facet normal 0 0 -1
    outer loop
      vertex -47.2009 47.2009 0
      vertex -48.0155 48.0155 0
      vertex -47.5501 48.4373 0
    endloop
  endfacet
  facet normal 0 0 -1
    outer loop
      vertex -48.8114 47.0457 0
      vertex -47.8536 46.4056 0
      vertex -48.1183 45.9639 0
    endloop
  endfacet
  facet normal 0 0 -1
    outer loop
      vertex -49.1343 46.5069 0
      vertex -48.1183 45.9639 0
      vertex -48.3385 45.4983 0
    endloop
  endfacet
  facet normal 0 0 -1
    outer loop
      vertex -47.5468 46.8193 0
      vertex -48.4373 47.5501 0
      vertex -48.0155 48.0155 0
    endloop
  endfacet
  facet normal 0 0 -1
    outer loop
      vertex -49.4028 45.9392 0
      vertex -48.3385 45.4983 0
      vertex -48.512 45.0134 0
    endloop
  endfacet
  facet normal 0 0 -1
    outer loop
      vertex -49.6144 45.3478 0
      vertex -48.512 45.0134 0
      vertex -48.6372 44.5138 0
    endloop
  endfacet
  facet normal 0 0 -1
    outer loop
      vertex -49.767 44.7386 0
      vertex -48.6372 44.5138 0
      vertex -48.7127 44.0044 0
    endloop
  endfacet
  facet normal 0 0 -1
    outer loop
      vertex -47.8536 46.4056 0
      vertex -48.8114 47.0457 0
      vertex -48.4373 47.5501 0
    endloop
  endfacet
  facet normal 0 0 -1
    outer loop
      vertex -49.8592 44.1173 0
      vertex -48.7127 44.0044 0
      vertex -48.738 43.49 0
    endloop
  endfacet
  facet normal -0 0 -1
    outer loop
      vertex -48.512 41.9666 0
      vertex -49.6144 41.6322 0
      vertex -48.6372 42.4662 0
    endloop
  endfacet
  facet normal 0 0 -1
    outer loop
      vertex -49.767 42.2414 0
      vertex -48.6372 42.4662 0
      vertex -49.6144 41.6322 0
    endloop
  endfacet
  facet normal 0 0 -1
    outer loop
      vertex -48.1183 45.9639 0
      vertex -49.1343 46.5069 0
      vertex -48.8114 47.0457 0
    endloop
  endfacet
  facet normal -0 0 -1
    outer loop
      vertex -48.6372 42.4662 0
      vertex -49.767 42.2414 0
      vertex -48.7127 42.9756 0
    endloop
  endfacet
  facet normal 0 0 -1
    outer loop
      vertex -48.3385 45.4983 0
      vertex -49.4028 45.9392 0
      vertex -49.1343 46.5069 0
    endloop
  endfacet
  facet normal 0 0 -1
    outer loop
      vertex -49.8592 42.8627 0
      vertex -48.7127 42.9756 0
      vertex -49.767 42.2414 0
    endloop
  endfacet
  facet normal 0 0 -1
    outer loop
      vertex -48.512 45.0134 0
      vertex -49.6144 45.3478 0
      vertex -49.4028 45.9392 0
    endloop
  endfacet
  facet normal -0 0 -1
    outer loop
      vertex -48.7127 42.9756 0
      vertex -49.8592 42.8627 0
      vertex -48.738 43.49 0
    endloop
  endfacet
  facet normal 0 0 -1
    outer loop
      vertex -48.6372 44.5138 0
      vertex -49.767 44.7386 0
      vertex -49.6144 45.3478 0
    endloop
  endfacet
  facet normal 0 0 -1
    outer loop
      vertex -49.89 43.49 0
      vertex -48.738 43.49 0
      vertex -49.8592 42.8627 0
    endloop
  endfacet
  facet normal 0 0 -1
    outer loop
      vertex -48.7127 44.0044 0
      vertex -49.8592 44.1173 0
      vertex -49.767 44.7386 0
    endloop
  endfacet
  facet normal 0 0 -1
    outer loop
      vertex -48.738 43.49 0
      vertex -49.89 43.49 0
      vertex -49.8592 44.1173 0
    endloop
  endfacet
  facet normal -0.514051 0.85776 0
    outer loop
      vertex -46.5069 49.1343 0
      vertex -47.0457 48.8114 10
      vertex -46.5069 49.1343 10
    endloop
  endfacet
  facet normal -0.514051 0.85776 0
    outer loop
      vertex -47.0457 48.8114 10
      vertex -46.5069 49.1343 0
      vertex -47.0457 48.8114 0
    endloop
  endfacet
  facet normal -0.998797 -0.0490402 0
    outer loop
      vertex -49.8592 42.8627 0
      vertex -49.89 43.49 10
      vertex -49.89 43.49 0
    endloop
  endfacet
  facet normal -0.998797 -0.0490402 0
    outer loop
      vertex -49.89 43.49 10
      vertex -49.8592 42.8627 0
      vertex -49.8592 42.8627 10
    endloop
  endfacet
  facet normal -0.97003 0.242985 0
    outer loop
      vertex -49.767 44.7386 0
      vertex -49.6144 45.3478 10
      vertex -49.6144 45.3478 0
    endloop
  endfacet
  facet normal -0.97003 0.242985 0
    outer loop
      vertex -49.6144 45.3478 10
      vertex -49.767 44.7386 0
      vertex -49.767 44.7386 10
    endloop
  endfacet
  facet normal 0.427552 -0.903991 1.25918e-06
    outer loop
      vertex -41.0408 37.5772 10
      vertex -40.5604 37.8044 2.46293
      vertex -40.4731 37.8457 10
    endloop
  endfacet
  facet normal 0.427545 -0.903994 6.79323e-07
    outer loop
      vertex -41.0408 37.5772 10
      vertex -40.9911 37.6007 2.46135
      vertex -40.5604 37.8044 2.46293
    endloop
  endfacet
  facet normal 0.427461 -0.904034 0
    outer loop
      vertex -40.9911 37.6007 2.46135
      vertex -41.0408 37.5772 10
      vertex -41.0408 37.5772 2.46097
    endloop
  endfacet
  facet normal 0.427641 -0.903949 0
    outer loop
      vertex -40.4731 37.8457 10
      vertex -40.5604 37.8044 2.46293
      vertex -40.4731 37.8457 2.46293
    endloop
  endfacet
  facet normal -0.336881 -0.941547 0
    outer loop
      vertex -45.9392 37.5772 0
      vertex -45.3478 37.3656 10
      vertex -45.9392 37.5772 10
    endloop
  endfacet
  facet normal -0.336881 -0.941547 -0
    outer loop
      vertex -45.3478 37.3656 10
      vertex -45.9392 37.5772 0
      vertex -45.3478 37.3656 0
    endloop
  endfacet
  facet normal -0.336881 0.941547 0
    outer loop
      vertex -45.3478 49.6144 0
      vertex -45.9392 49.4028 10
      vertex -45.3478 49.6144 10
    endloop
  endfacet
  facet normal -0.336881 0.941547 0
    outer loop
      vertex -45.9392 49.4028 10
      vertex -45.3478 49.6144 0
      vertex -45.9392 49.4028 0
    endloop
  endfacet
  facet normal 0.514121 -0.857718 4.7074e-06
    outer loop
      vertex -40.4731 37.8457 10
      vertex -40.1387 38.0461 2.46416
      vertex -39.9344 38.1686 10
    endloop
  endfacet
  facet normal 0.514043 -0.857764 0
    outer loop
      vertex -40.1387 38.0461 2.46416
      vertex -40.4731 37.8457 10
      vertex -40.4731 37.8457 2.46293
    endloop
  endfacet
  facet normal 0.514249 -0.857641 0
    outer loop
      vertex -39.9344 38.1686 10
      vertex -40.1387 38.0461 2.46416
      vertex -39.9344 38.1686 2.46416
    endloop
  endfacet
  facet normal 0.146791 -0.989168 5.8829e-06
    outer loop
      vertex -42.4911 37.1759 2.45211
      vertex -42.2414 37.213 10
      vertex -42.8627 37.1208 10
    endloop
  endfacet
  facet normal 0.145888 -0.989301 0
    outer loop
      vertex -42.2414 37.213 10
      vertex -42.2631 37.2098 2.45363
      vertex -42.2414 37.213 2.45372
    endloop
  endfacet
  facet normal 0.147068 -0.989126 -3.46661e-06
    outer loop
      vertex -42.2414 37.213 10
      vertex -42.4911 37.1759 2.45211
      vertex -42.2631 37.2098 2.45363
    endloop
  endfacet
  facet normal 0.146674 -0.989185 0
    outer loop
      vertex -42.4911 37.1759 2.45211
      vertex -42.8627 37.1208 10
      vertex -42.8627 37.1208 2.44865
    endloop
  endfacet
  facet normal 0.740792 -0.671735 0
    outer loop
      vertex -38.5427 39.4299 10
      vertex -38.6283 39.3355 2.46532
      vertex -38.5427 39.4299 2.46494
    endloop
  endfacet
  facet normal 0.740962 -0.671547 -4.29367e-06
    outer loop
      vertex -38.9645 38.9645 10
      vertex -38.6283 39.3355 2.46532
      vertex -38.5427 39.4299 10
    endloop
  endfacet
  facet normal 0.741006 -0.671499 0
    outer loop
      vertex -38.6283 39.3355 2.46532
      vertex -38.9645 38.9645 10
      vertex -38.9645 38.9645 2.46532
    endloop
  endfacet
  facet normal 0.803405 -0.595433 0
    outer loop
      vertex -38.1686 39.9344 10
      vertex -38.3212 39.7285 2.46494
      vertex -38.1686 39.9344 2.46416
    endloop
  endfacet
  facet normal 0.803255 -0.595635 8.55566e-06
    outer loop
      vertex -38.5427 39.4299 10
      vertex -38.3212 39.7285 2.46494
      vertex -38.1686 39.9344 10
    endloop
  endfacet
  facet normal 0.803152 -0.595774 0
    outer loop
      vertex -38.3212 39.7285 2.46494
      vertex -38.5427 39.4299 10
      vertex -38.5427 39.4299 2.46494
    endloop
  endfacet
  facet normal -0.427552 0.903991 0
    outer loop
      vertex -45.9392 49.4028 0
      vertex -46.5069 49.1343 10
      vertex -45.9392 49.4028 10
    endloop
  endfacet
  facet normal -0.427552 0.903991 0
    outer loop
      vertex -46.5069 49.1343 10
      vertex -45.9392 49.4028 0
      vertex -46.5069 49.1343 0
    endloop
  endfacet
  facet normal -0.595711 0.803199 0
    outer loop
      vertex -47.0457 48.8114 0
      vertex -47.5501 48.4373 10
      vertex -47.0457 48.8114 10
    endloop
  endfacet
  facet normal -0.595711 0.803199 0
    outer loop
      vertex -47.5501 48.4373 10
      vertex -47.0457 48.8114 0
      vertex -47.5501 48.4373 0
    endloop
  endfacet
  facet normal -0.989168 0.146791 0
    outer loop
      vertex -49.8592 44.1173 0
      vertex -49.767 44.7386 10
      vertex -49.767 44.7386 0
    endloop
  endfacet
  facet normal -0.989168 0.146791 0
    outer loop
      vertex -49.767 44.7386 10
      vertex -49.8592 44.1173 0
      vertex -49.8592 44.1173 10
    endloop
  endfacet
  facet normal -0.242985 -0.97003 0
    outer loop
      vertex -45.3478 37.3656 0
      vertex -44.7386 37.213 10
      vertex -45.3478 37.3656 10
    endloop
  endfacet
  facet normal -0.242985 -0.97003 -0
    outer loop
      vertex -44.7386 37.213 10
      vertex -45.3478 37.3656 0
      vertex -44.7386 37.213 0
    endloop
  endfacet
  facet normal 0.97003 0.242985 0
    outer loop
      vertex -37.213 44.7386 10
      vertex -37.3656 45.3478 0
      vertex -37.3656 45.3478 10
    endloop
  endfacet
  facet normal 0.97003 0.242985 0
    outer loop
      vertex -37.3656 45.3478 0
      vertex -37.213 44.7386 10
      vertex -37.213 44.7386 0
    endloop
  endfacet
  facet normal 0.803199 0.595711 0
    outer loop
      vertex -38.1686 47.0457 10
      vertex -38.5427 47.5501 0
      vertex -38.5427 47.5501 10
    endloop
  endfacet
  facet normal 0.803199 0.595711 0
    outer loop
      vertex -38.5427 47.5501 0
      vertex -38.1686 47.0457 10
      vertex -38.1686 47.0457 0
    endloop
  endfacet
  facet normal -0.803255 -0.595635 0
    outer loop
      vertex -48.4373 39.4299 0
      vertex -48.8114 39.9344 10
      vertex -48.8114 39.9344 0
    endloop
  endfacet
  facet normal -0.803255 -0.595635 0
    outer loop
      vertex -48.8114 39.9344 10
      vertex -48.4373 39.4299 0
      vertex -48.4373 39.4299 10
    endloop
  endfacet
  facet normal -0.903991 -0.427552 0
    outer loop
      vertex -49.1343 40.4731 0
      vertex -49.4028 41.0408 10
      vertex -49.4028 41.0408 0
    endloop
  endfacet
  facet normal -0.903991 -0.427552 0
    outer loop
      vertex -49.4028 41.0408 10
      vertex -49.1343 40.4731 0
      vertex -49.1343 40.4731 10
    endloop
  endfacet
  facet normal 0.146791 0.989168 -0
    outer loop
      vertex -42.2414 49.767 0
      vertex -42.8627 49.8592 10
      vertex -42.2414 49.767 10
    endloop
  endfacet
  facet normal 0.146791 0.989168 0
    outer loop
      vertex -42.8627 49.8592 10
      vertex -42.2414 49.767 0
      vertex -42.8627 49.8592 0
    endloop
  endfacet
  facet normal -0.0490402 0.998797 0
    outer loop
      vertex -43.49 49.89 0
      vertex -44.1173 49.8592 10
      vertex -43.49 49.89 10
    endloop
  endfacet
  facet normal -0.0490402 0.998797 0
    outer loop
      vertex -44.1173 49.8592 10
      vertex -43.49 49.89 0
      vertex -44.1173 49.8592 0
    endloop
  endfacet
  facet normal -0.427552 -0.903991 0
    outer loop
      vertex -46.5069 37.8457 0
      vertex -45.9392 37.5772 10
      vertex -46.5069 37.8457 10
    endloop
  endfacet
  facet normal -0.427552 -0.903991 -0
    outer loop
      vertex -45.9392 37.5772 10
      vertex -46.5069 37.8457 0
      vertex -45.9392 37.5772 0
    endloop
  endfacet
  facet normal 0.595635 -0.803255 8.55566e-06
    outer loop
      vertex -39.9344 38.1686 10
      vertex -39.7285 38.3212 2.46494
      vertex -39.4299 38.5427 10
    endloop
  endfacet
  facet normal 0.595433 -0.803405 0
    outer loop
      vertex -39.7285 38.3212 2.46494
      vertex -39.9344 38.1686 10
      vertex -39.9344 38.1686 2.46416
    endloop
  endfacet
  facet normal 0.595774 -0.803152 0
    outer loop
      vertex -39.4299 38.5427 10
      vertex -39.7285 38.3212 2.46494
      vertex -39.4299 38.5427 2.46494
    endloop
  endfacet
  facet normal 0.998794 -0.0490942 0
    outer loop
      vertex -37.09 43.49 4
      vertex -37.099 43.3069 2.44432
      vertex -37.09 43.49 2.44108
    endloop
  endfacet
  facet normal 0.998797 -0.0490402 -6.36608e-06
    outer loop
      vertex -37.1208 42.8627 4
      vertex -37.099 43.3069 2.44432
      vertex -37.09 43.49 4
    endloop
  endfacet
  facet normal 0.998796 -0.0490515 -9.58392e-06
    outer loop
      vertex -37.099 43.3069 2.44432
      vertex -37.1208 42.8627 4
      vertex -37.1186 42.9078 2.44844
    endloop
  endfacet
  facet normal 0.998812 -0.0487226 0
    outer loop
      vertex -37.1186 42.9078 2.44844
      vertex -37.1208 42.8627 4
      vertex -37.1208 42.8627 2.44865
    endloop
  endfacet
  facet normal -0.146791 0.989168 0
    outer loop
      vertex -44.1173 49.8592 0
      vertex -44.7386 49.767 10
      vertex -44.1173 49.8592 10
    endloop
  endfacet
  facet normal -0.146791 0.989168 0
    outer loop
      vertex -44.7386 49.767 10
      vertex -44.1173 49.8592 0
      vertex -44.7386 49.767 0
    endloop
  endfacet
  facet normal -0.989168 -0.146791 0
    outer loop
      vertex -49.767 42.2414 0
      vertex -49.8592 42.8627 10
      vertex -49.8592 42.8627 0
    endloop
  endfacet
  facet normal -0.989168 -0.146791 0
    outer loop
      vertex -49.8592 42.8627 10
      vertex -49.767 42.2414 0
      vertex -49.767 42.2414 10
    endloop
  endfacet
  facet normal 0.336881 -0.941547 6.79435e-06
    outer loop
      vertex -41.4283 37.4385 2.45952
      vertex -41.0408 37.5772 10
      vertex -41.6322 37.3656 10
    endloop
  endfacet
  facet normal 0.336998 -0.941505 0
    outer loop
      vertex -41.0408 37.5772 10
      vertex -41.4283 37.4385 2.45952
      vertex -41.0408 37.5772 2.46097
    endloop
  endfacet
  facet normal 0.336658 -0.941627 0
    outer loop
      vertex -41.4283 37.4385 2.45952
      vertex -41.6322 37.3656 10
      vertex -41.6322 37.3656 2.45789
    endloop
  endfacet
  facet normal 0.242985 -0.97003 5.11699e-06
    outer loop
      vertex -41.856 37.3095 2.45701
      vertex -41.6322 37.3656 10
      vertex -42.2414 37.213 10
    endloop
  endfacet
  facet normal 0.243147 -0.969989 0
    outer loop
      vertex -41.6322 37.3656 10
      vertex -41.856 37.3095 2.45701
      vertex -41.6322 37.3656 2.45789
    endloop
  endfacet
  facet normal 0.242891 -0.970054 0
    outer loop
      vertex -41.856 37.3095 2.45701
      vertex -42.2414 37.213 10
      vertex -42.2414 37.213 2.45372
    endloop
  endfacet
  facet normal -0.903991 0.427552 0
    outer loop
      vertex -49.4028 45.9392 0
      vertex -49.1343 46.5069 10
      vertex -49.1343 46.5069 0
    endloop
  endfacet
  facet normal -0.903991 0.427552 0
    outer loop
      vertex -49.1343 46.5069 10
      vertex -49.4028 45.9392 0
      vertex -49.4028 45.9392 10
    endloop
  endfacet
  facet normal -0.740962 -0.671547 0
    outer loop
      vertex -48.0155 38.9645 0
      vertex -48.4373 39.4299 10
      vertex -48.4373 39.4299 0
    endloop
  endfacet
  facet normal -0.740962 -0.671547 0
    outer loop
      vertex -48.4373 39.4299 10
      vertex -48.0155 38.9645 0
      vertex -48.0155 38.9645 10
    endloop
  endfacet
  facet normal -0.595711 -0.803199 0
    outer loop
      vertex -47.5501 38.5427 0
      vertex -47.0457 38.1686 10
      vertex -47.5501 38.5427 10
    endloop
  endfacet
  facet normal -0.595711 -0.803199 -0
    outer loop
      vertex -47.0457 38.1686 10
      vertex -47.5501 38.5427 0
      vertex -47.0457 38.1686 0
    endloop
  endfacet
  facet normal 0.904034 -0.427461 0
    outer loop
      vertex -37.5772 41.0408 10
      vertex -37.6007 40.9911 2.46135
      vertex -37.5772 41.0408 2.46097
    endloop
  endfacet
  facet normal 0.903994 -0.427545 6.79323e-07
    outer loop
      vertex -37.5772 41.0408 10
      vertex -37.8044 40.5604 2.46293
      vertex -37.6007 40.9911 2.46135
    endloop
  endfacet
  facet normal 0.903991 -0.427552 1.25918e-06
    outer loop
      vertex -37.8457 40.4731 10
      vertex -37.8044 40.5604 2.46293
      vertex -37.5772 41.0408 10
    endloop
  endfacet
  facet normal 0.903949 -0.427641 0
    outer loop
      vertex -37.8044 40.5604 2.46293
      vertex -37.8457 40.4731 10
      vertex -37.8457 40.4731 2.46293
    endloop
  endfacet
  facet normal 0.857764 -0.514043 0
    outer loop
      vertex -37.8457 40.4731 10
      vertex -38.0461 40.1387 2.46416
      vertex -37.8457 40.4731 2.46293
    endloop
  endfacet
  facet normal 0.857718 -0.514121 4.7074e-06
    outer loop
      vertex -38.1686 39.9344 10
      vertex -38.0461 40.1387 2.46416
      vertex -37.8457 40.4731 10
    endloop
  endfacet
  facet normal 0.857641 -0.514249 0
    outer loop
      vertex -38.0461 40.1387 2.46416
      vertex -38.1686 39.9344 10
      vertex -38.1686 39.9344 2.46416
    endloop
  endfacet
  facet normal -0.0490402 -0.998797 -5.78469e-06
    outer loop
      vertex -43.6663 37.0987 2.43898
      vertex -43.49 37.09 10
      vertex -44.1173 37.1208 10
    endloop
  endfacet
  facet normal -0.0492877 -0.998785 -0
    outer loop
      vertex -43.49 37.09 10
      vertex -43.6663 37.0987 2.43898
      vertex -43.49 37.09 2.44108
    endloop
  endfacet
  facet normal -0.0489327 -0.998802 6.46352e-07
    outer loop
      vertex -44.1173 37.1208 10
      vertex -43.9786 37.114 2.43235
      vertex -43.6663 37.0987 2.43898
    endloop
  endfacet
  facet normal -0.0489679 -0.9988 0
    outer loop
      vertex -43.9786 37.114 2.43235
      vertex -44.1173 37.1208 10
      vertex -44.1173 37.1208 2.42743
    endloop
  endfacet
  facet normal 0 0 1
    outer loop
      vertex -39.2481 44.3338 10
      vertex -37.213 44.7386 10
      vertex -37.3656 45.3478 10
    endloop
  endfacet
  facet normal 0 0 1
    outer loop
      vertex -39.3512 44.7455 10
      vertex -37.3656 45.3478 10
      vertex -37.5772 45.9392 10
    endloop
  endfacet
  facet normal 0 0 1
    outer loop
      vertex -39.4942 45.1451 10
      vertex -37.5772 45.9392 10
      vertex -37.8457 46.5069 10
    endloop
  endfacet
  facet normal 0 0 1
    outer loop
      vertex -39.6757 45.5288 10
      vertex -37.8457 46.5069 10
      vertex -38.1686 47.0457 10
    endloop
  endfacet
  facet normal 0 0 1
    outer loop
      vertex -39.8939 45.8928 10
      vertex -38.1686 47.0457 10
      vertex -38.5427 47.5501 10
    endloop
  endfacet
  facet normal 0 0 1
    outer loop
      vertex -40.1467 46.2337 10
      vertex -38.5427 47.5501 10
      vertex -38.9645 48.0155 10
    endloop
  endfacet
  facet normal 0 0 1
    outer loop
      vertex -37.8457 46.5069 10
      vertex -39.6757 45.5288 10
      vertex -39.4942 45.1451 10
    endloop
  endfacet
  facet normal 0 0 1
    outer loop
      vertex -37.213 44.7386 10
      vertex -39.2416 44.29 10
      vertex -37.1464 44.29 10
    endloop
  endfacet
  facet normal 0 -0 1
    outer loop
      vertex -39.2416 44.29 10
      vertex -37.213 44.7386 10
      vertex -39.2481 44.3338 10
    endloop
  endfacet
  facet normal 0 0 1
    outer loop
      vertex -40.4318 46.5482 10
      vertex -38.9645 48.0155 10
      vertex -39.4299 48.4373 10
    endloop
  endfacet
  facet normal 0 -0 1
    outer loop
      vertex -39.2481 44.3338 10
      vertex -37.3656 45.3478 10
      vertex -39.3512 44.7455 10
    endloop
  endfacet
  facet normal 0 0 1
    outer loop
      vertex -37.5772 45.9392 10
      vertex -39.4942 45.1451 10
      vertex -39.3512 44.7455 10
    endloop
  endfacet
  facet normal 0 0 1
    outer loop
      vertex -38.1686 47.0457 10
      vertex -39.8939 45.8928 10
      vertex -39.6757 45.5288 10
    endloop
  endfacet
  facet normal 0 0 1
    outer loop
      vertex -40.7463 46.8333 10
      vertex -39.4299 48.4373 10
      vertex -39.9344 48.8114 10
    endloop
  endfacet
  facet normal 0 0 1
    outer loop
      vertex -38.5427 47.5501 10
      vertex -40.1467 46.2337 10
      vertex -39.8939 45.8928 10
    endloop
  endfacet
  facet normal 0 0 1
    outer loop
      vertex -38.9645 48.0155 10
      vertex -40.4318 46.5482 10
      vertex -40.1467 46.2337 10
    endloop
  endfacet
  facet normal 0 0 1
    outer loop
      vertex -41.0872 47.0861 10
      vertex -39.9344 48.8114 10
      vertex -40.4731 49.1343 10
    endloop
  endfacet
  facet normal 0 0 1
    outer loop
      vertex -39.4299 48.4373 10
      vertex -40.7463 46.8333 10
      vertex -40.4318 46.5482 10
    endloop
  endfacet
  facet normal 0 0 1
    outer loop
      vertex -41.4512 47.3043 10
      vertex -40.4731 49.1343 10
      vertex -41.0408 49.4028 10
    endloop
  endfacet
  facet normal 0 0 1
    outer loop
      vertex -39.9344 48.8114 10
      vertex -41.0872 47.0861 10
      vertex -40.7463 46.8333 10
    endloop
  endfacet
  facet normal 0 0 1
    outer loop
      vertex -40.4731 49.1343 10
      vertex -41.4512 47.3043 10
      vertex -41.0872 47.0861 10
    endloop
  endfacet
  facet normal 0 0 1
    outer loop
      vertex -41.8349 47.4858 10
      vertex -41.0408 49.4028 10
      vertex -41.6322 49.6144 10
    endloop
  endfacet
  facet normal 0 0 1
    outer loop
      vertex -41.0408 49.4028 10
      vertex -41.8349 47.4858 10
      vertex -41.4512 47.3043 10
    endloop
  endfacet
  facet normal 0 0 1
    outer loop
      vertex -41.6322 49.6144 10
      vertex -42.2345 47.6288 10
      vertex -41.8349 47.4858 10
    endloop
  endfacet
  facet normal 0 0 1
    outer loop
      vertex -42.2414 49.767 10
      vertex -42.2345 47.6288 10
      vertex -41.6322 49.6144 10
    endloop
  endfacet
  facet normal 0 0 1
    outer loop
      vertex -42.2414 49.767 10
      vertex -42.6462 47.7319 10
      vertex -42.2345 47.6288 10
    endloop
  endfacet
  facet normal 0 0 1
    outer loop
      vertex -42.8627 49.8592 10
      vertex -42.6462 47.7319 10
      vertex -42.2414 49.767 10
    endloop
  endfacet
  facet normal 0 0 1
    outer loop
      vertex -42.8627 49.8592 10
      vertex -43.0661 47.7942 10
      vertex -42.6462 47.7319 10
    endloop
  endfacet
  facet normal 0 0 1
    outer loop
      vertex -43.49 49.89 10
      vertex -43.0661 47.7942 10
      vertex -42.8627 49.8592 10
    endloop
  endfacet
  facet normal 0 0 1
    outer loop
      vertex -43.49 49.89 10
      vertex -43.49 47.815 10
      vertex -43.0661 47.7942 10
    endloop
  endfacet
  facet normal 0 0 1
    outer loop
      vertex -43.49 49.89 10
      vertex -43.9139 47.7942 10
      vertex -43.49 47.815 10
    endloop
  endfacet
  facet normal -0 0 1
    outer loop
      vertex -44.1173 49.8592 10
      vertex -43.9139 47.7942 10
      vertex -43.49 49.89 10
    endloop
  endfacet
  facet normal 0 0 1
    outer loop
      vertex -44.1173 49.8592 10
      vertex -44.3338 47.7319 10
      vertex -43.9139 47.7942 10
    endloop
  endfacet
  facet normal -0 0 1
    outer loop
      vertex -44.7386 49.767 10
      vertex -44.3338 47.7319 10
      vertex -44.1173 49.8592 10
    endloop
  endfacet
  facet normal 0 0 1
    outer loop
      vertex -44.7386 49.767 10
      vertex -44.7455 47.6288 10
      vertex -44.3338 47.7319 10
    endloop
  endfacet
  facet normal -0 0 1
    outer loop
      vertex -45.3478 49.6144 10
      vertex -44.7455 47.6288 10
      vertex -44.7386 49.767 10
    endloop
  endfacet
  facet normal 0 0 1
    outer loop
      vertex -44.7455 47.6288 10
      vertex -45.3478 49.6144 10
      vertex -45.1451 47.4858 10
    endloop
  endfacet
  facet normal -0 0 1
    outer loop
      vertex -45.9392 49.4028 10
      vertex -45.1451 47.4858 10
      vertex -45.3478 49.6144 10
    endloop
  endfacet
  facet normal 0 0 1
    outer loop
      vertex -45.1451 47.4858 10
      vertex -45.9392 49.4028 10
      vertex -45.5288 47.3043 10
    endloop
  endfacet
  facet normal -0 0 1
    outer loop
      vertex -46.5069 49.1343 10
      vertex -45.5288 47.3043 10
      vertex -45.9392 49.4028 10
    endloop
  endfacet
  facet normal 0 0 1
    outer loop
      vertex -45.5288 47.3043 10
      vertex -46.5069 49.1343 10
      vertex -45.8928 47.0861 10
    endloop
  endfacet
  facet normal -0 0 1
    outer loop
      vertex -47.0457 48.8114 10
      vertex -45.8928 47.0861 10
      vertex -46.5069 49.1343 10
    endloop
  endfacet
  facet normal 0 0 1
    outer loop
      vertex -45.8928 47.0861 10
      vertex -47.0457 48.8114 10
      vertex -46.2337 46.8333 10
    endloop
  endfacet
  facet normal -0 0 1
    outer loop
      vertex -47.5501 48.4373 10
      vertex -46.2337 46.8333 10
      vertex -47.0457 48.8114 10
    endloop
  endfacet
  facet normal 0 0 1
    outer loop
      vertex -46.2337 46.8333 10
      vertex -47.5501 48.4373 10
      vertex -46.5482 46.5482 10
    endloop
  endfacet
  facet normal -0 0 1
    outer loop
      vertex -48.0155 48.0155 10
      vertex -46.5482 46.5482 10
      vertex -47.5501 48.4373 10
    endloop
  endfacet
  facet normal 0 0 1
    outer loop
      vertex -46.5482 46.5482 10
      vertex -48.0155 48.0155 10
      vertex -46.8333 46.2337 10
    endloop
  endfacet
  facet normal -0 0 1
    outer loop
      vertex -48.4373 47.5501 10
      vertex -46.8333 46.2337 10
      vertex -48.0155 48.0155 10
    endloop
  endfacet
  facet normal 0 0 1
    outer loop
      vertex -46.8333 46.2337 10
      vertex -48.4373 47.5501 10
      vertex -47.0861 45.8928 10
    endloop
  endfacet
  facet normal -0 0 1
    outer loop
      vertex -48.8114 47.0457 10
      vertex -47.0861 45.8928 10
      vertex -48.4373 47.5501 10
    endloop
  endfacet
  facet normal 0 0 1
    outer loop
      vertex -47.0861 45.8928 10
      vertex -48.8114 47.0457 10
      vertex -47.3043 45.5288 10
    endloop
  endfacet
  facet normal -0 0 1
    outer loop
      vertex -49.1343 46.5069 10
      vertex -47.3043 45.5288 10
      vertex -48.8114 47.0457 10
    endloop
  endfacet
  facet normal -0 0 1
    outer loop
      vertex -49.4028 45.9392 10
      vertex -47.4858 45.1451 10
      vertex -49.1343 46.5069 10
    endloop
  endfacet
  facet normal 0 0 1
    outer loop
      vertex -47.3043 45.5288 10
      vertex -49.1343 46.5069 10
      vertex -47.4858 45.1451 10
    endloop
  endfacet
  facet normal -0 0 1
    outer loop
      vertex -39.2416 42.69 10
      vertex -37.213 42.2414 10
      vertex -37.1464 42.69 10
    endloop
  endfacet
  facet normal 0 0 1
    outer loop
      vertex -37.213 42.2414 10
      vertex -39.2481 42.6462 10
      vertex -37.3656 41.6322 10
    endloop
  endfacet
  facet normal 0 0 1
    outer loop
      vertex -37.3656 41.6322 10
      vertex -39.3512 42.2345 10
      vertex -37.5772 41.0408 10
    endloop
  endfacet
  facet normal -0 0 1
    outer loop
      vertex -39.4942 41.8349 10
      vertex -37.5772 41.0408 10
      vertex -39.3512 42.2345 10
    endloop
  endfacet
  facet normal -0 0 1
    outer loop
      vertex -39.6757 41.4512 10
      vertex -37.8457 40.4731 10
      vertex -39.4942 41.8349 10
    endloop
  endfacet
  facet normal 0 0 1
    outer loop
      vertex -37.8457 40.4731 10
      vertex -39.6757 41.4512 10
      vertex -38.1686 39.9344 10
    endloop
  endfacet
  facet normal 0 0 1
    outer loop
      vertex -37.213 42.2414 10
      vertex -39.2416 42.69 10
      vertex -39.2481 42.6462 10
    endloop
  endfacet
  facet normal 0 0 1
    outer loop
      vertex -37.3656 41.6322 10
      vertex -39.2481 42.6462 10
      vertex -39.3512 42.2345 10
    endloop
  endfacet
  facet normal 0 0 1
    outer loop
      vertex -37.5772 41.0408 10
      vertex -39.4942 41.8349 10
      vertex -37.8457 40.4731 10
    endloop
  endfacet
  facet normal -0 0 1
    outer loop
      vertex -39.8939 41.0872 10
      vertex -38.1686 39.9344 10
      vertex -39.6757 41.4512 10
    endloop
  endfacet
  facet normal 0 0 1
    outer loop
      vertex -38.1686 39.9344 10
      vertex -39.8939 41.0872 10
      vertex -38.5427 39.4299 10
    endloop
  endfacet
  facet normal -0 0 1
    outer loop
      vertex -40.1467 40.7463 10
      vertex -38.5427 39.4299 10
      vertex -39.8939 41.0872 10
    endloop
  endfacet
  facet normal 0 0 1
    outer loop
      vertex -38.5427 39.4299 10
      vertex -40.1467 40.7463 10
      vertex -38.9645 38.9645 10
    endloop
  endfacet
  facet normal -0 0 1
    outer loop
      vertex -40.4318 40.4318 10
      vertex -38.9645 38.9645 10
      vertex -40.1467 40.7463 10
    endloop
  endfacet
  facet normal 0 0 1
    outer loop
      vertex -38.9645 38.9645 10
      vertex -40.4318 40.4318 10
      vertex -39.4299 38.5427 10
    endloop
  endfacet
  facet normal -0 0 1
    outer loop
      vertex -40.7463 40.1467 10
      vertex -39.4299 38.5427 10
      vertex -40.4318 40.4318 10
    endloop
  endfacet
  facet normal 0 0 1
    outer loop
      vertex -39.4299 38.5427 10
      vertex -40.7463 40.1467 10
      vertex -39.9344 38.1686 10
    endloop
  endfacet
  facet normal -0 0 1
    outer loop
      vertex -41.0872 39.8939 10
      vertex -39.9344 38.1686 10
      vertex -40.7463 40.1467 10
    endloop
  endfacet
  facet normal 0 0 1
    outer loop
      vertex -39.9344 38.1686 10
      vertex -41.0872 39.8939 10
      vertex -40.4731 37.8457 10
    endloop
  endfacet
  facet normal -0 0 1
    outer loop
      vertex -41.4512 39.6757 10
      vertex -40.4731 37.8457 10
      vertex -41.0872 39.8939 10
    endloop
  endfacet
  facet normal 0 0 1
    outer loop
      vertex -40.4731 37.8457 10
      vertex -41.4512 39.6757 10
      vertex -41.0408 37.5772 10
    endloop
  endfacet
  facet normal -0 0 1
    outer loop
      vertex -41.8349 39.4942 10
      vertex -41.0408 37.5772 10
      vertex -41.4512 39.6757 10
    endloop
  endfacet
  facet normal 0 0 1
    outer loop
      vertex -41.0408 37.5772 10
      vertex -41.8349 39.4942 10
      vertex -41.6322 37.3656 10
    endloop
  endfacet
  facet normal -0 0 1
    outer loop
      vertex -42.2345 39.3512 10
      vertex -41.6322 37.3656 10
      vertex -41.8349 39.4942 10
    endloop
  endfacet
  facet normal 0 0 1
    outer loop
      vertex -42.2345 39.3512 10
      vertex -42.2414 37.213 10
      vertex -41.6322 37.3656 10
    endloop
  endfacet
  facet normal -0 0 1
    outer loop
      vertex -42.6462 39.2481 10
      vertex -42.2414 37.213 10
      vertex -42.2345 39.3512 10
    endloop
  endfacet
  facet normal 0 0 1
    outer loop
      vertex -42.6462 39.2481 10
      vertex -42.8627 37.1208 10
      vertex -42.2414 37.213 10
    endloop
  endfacet
  facet normal -0 0 1
    outer loop
      vertex -43.0661 39.1858 10
      vertex -42.8627 37.1208 10
      vertex -42.6462 39.2481 10
    endloop
  endfacet
  facet normal -0 0 1
    outer loop
      vertex -43.49 39.165 10
      vertex -42.8627 37.1208 10
      vertex -43.0661 39.1858 10
    endloop
  endfacet
  facet normal 0 0 1
    outer loop
      vertex -43.49 39.165 10
      vertex -43.49 37.09 10
      vertex -42.8627 37.1208 10
    endloop
  endfacet
  facet normal 0 0 1
    outer loop
      vertex -43.9139 39.1858 10
      vertex -43.49 37.09 10
      vertex -43.49 39.165 10
    endloop
  endfacet
  facet normal 0 0 1
    outer loop
      vertex -43.9139 39.1858 10
      vertex -44.1173 37.1208 10
      vertex -43.49 37.09 10
    endloop
  endfacet
  facet normal 0 0 1
    outer loop
      vertex -44.3338 39.2481 10
      vertex -44.1173 37.1208 10
      vertex -43.9139 39.1858 10
    endloop
  endfacet
  facet normal 0 0 1
    outer loop
      vertex -44.3338 39.2481 10
      vertex -44.7386 37.213 10
      vertex -44.1173 37.1208 10
    endloop
  endfacet
  facet normal 0 0 1
    outer loop
      vertex -44.7455 39.3512 10
      vertex -44.7386 37.213 10
      vertex -44.3338 39.2481 10
    endloop
  endfacet
  facet normal 0 0 1
    outer loop
      vertex -45.3478 37.3656 10
      vertex -44.7455 39.3512 10
      vertex -45.1451 39.4942 10
    endloop
  endfacet
  facet normal 0 0 1
    outer loop
      vertex -44.7455 39.3512 10
      vertex -45.3478 37.3656 10
      vertex -44.7386 37.213 10
    endloop
  endfacet
  facet normal 0 0 1
    outer loop
      vertex -45.9392 37.5772 10
      vertex -45.1451 39.4942 10
      vertex -45.5288 39.6757 10
    endloop
  endfacet
  facet normal 0 0 1
    outer loop
      vertex -46.5069 37.8457 10
      vertex -45.5288 39.6757 10
      vertex -45.8928 39.8939 10
    endloop
  endfacet
  facet normal 0 0 1
    outer loop
      vertex -45.1451 39.4942 10
      vertex -45.9392 37.5772 10
      vertex -45.3478 37.3656 10
    endloop
  endfacet
  facet normal 0 0 1
    outer loop
      vertex -47.0457 38.1686 10
      vertex -45.8928 39.8939 10
      vertex -46.2337 40.1467 10
    endloop
  endfacet
  facet normal 0 0 1
    outer loop
      vertex -45.5288 39.6757 10
      vertex -46.5069 37.8457 10
      vertex -45.9392 37.5772 10
    endloop
  endfacet
  facet normal 0 0 1
    outer loop
      vertex -47.5501 38.5427 10
      vertex -46.2337 40.1467 10
      vertex -46.5482 40.4318 10
    endloop
  endfacet
  facet normal 0 0 1
    outer loop
      vertex -48.0155 38.9645 10
      vertex -46.5482 40.4318 10
      vertex -46.8333 40.7463 10
    endloop
  endfacet
  facet normal 0 0 1
    outer loop
      vertex -45.8928 39.8939 10
      vertex -47.0457 38.1686 10
      vertex -46.5069 37.8457 10
    endloop
  endfacet
  facet normal 0 0 1
    outer loop
      vertex -48.4373 39.4299 10
      vertex -46.8333 40.7463 10
      vertex -47.0861 41.0872 10
    endloop
  endfacet
  facet normal 0 0 1
    outer loop
      vertex -48.8114 39.9344 10
      vertex -47.0861 41.0872 10
      vertex -47.3043 41.4512 10
    endloop
  endfacet
  facet normal 0 0 1
    outer loop
      vertex -49.1343 40.4731 10
      vertex -47.3043 41.4512 10
      vertex -47.4858 41.8349 10
    endloop
  endfacet
  facet normal 0 0 1
    outer loop
      vertex -46.2337 40.1467 10
      vertex -47.5501 38.5427 10
      vertex -47.0457 38.1686 10
    endloop
  endfacet
  facet normal 0 0 1
    outer loop
      vertex -49.4028 41.0408 10
      vertex -47.4858 41.8349 10
      vertex -47.6288 42.2345 10
    endloop
  endfacet
  facet normal 0 0 1
    outer loop
      vertex -49.6144 41.6322 10
      vertex -47.6288 42.2345 10
      vertex -47.7319 42.6462 10
    endloop
  endfacet
  facet normal 0 0 1
    outer loop
      vertex -49.767 42.2414 10
      vertex -47.7319 42.6462 10
      vertex -47.7942 43.0661 10
    endloop
  endfacet
  facet normal 0 0 1
    outer loop
      vertex -46.5482 40.4318 10
      vertex -48.0155 38.9645 10
      vertex -47.5501 38.5427 10
    endloop
  endfacet
  facet normal 0 0 1
    outer loop
      vertex -49.8592 42.8627 10
      vertex -47.7942 43.0661 10
      vertex -47.815 43.49 10
    endloop
  endfacet
  facet normal 0 0 1
    outer loop
      vertex -47.4858 45.1451 10
      vertex -49.4028 45.9392 10
      vertex -47.6288 44.7455 10
    endloop
  endfacet
  facet normal -0 0 1
    outer loop
      vertex -49.6144 45.3478 10
      vertex -47.6288 44.7455 10
      vertex -49.4028 45.9392 10
    endloop
  endfacet
  facet normal 0 0 1
    outer loop
      vertex -46.8333 40.7463 10
      vertex -48.4373 39.4299 10
      vertex -48.0155 38.9645 10
    endloop
  endfacet
  facet normal 0 0 1
    outer loop
      vertex -47.6288 44.7455 10
      vertex -49.6144 45.3478 10
      vertex -47.7319 44.3338 10
    endloop
  endfacet
  facet normal 0 0 1
    outer loop
      vertex -47.0861 41.0872 10
      vertex -48.8114 39.9344 10
      vertex -48.4373 39.4299 10
    endloop
  endfacet
  facet normal -0 0 1
    outer loop
      vertex -49.767 44.7386 10
      vertex -47.7319 44.3338 10
      vertex -49.6144 45.3478 10
    endloop
  endfacet
  facet normal 0 0 1
    outer loop
      vertex -47.3043 41.4512 10
      vertex -49.1343 40.4731 10
      vertex -48.8114 39.9344 10
    endloop
  endfacet
  facet normal 0 0 1
    outer loop
      vertex -47.7319 44.3338 10
      vertex -49.767 44.7386 10
      vertex -47.7942 43.9139 10
    endloop
  endfacet
  facet normal 0 0 1
    outer loop
      vertex -47.4858 41.8349 10
      vertex -49.4028 41.0408 10
      vertex -49.1343 40.4731 10
    endloop
  endfacet
  facet normal -0 0 1
    outer loop
      vertex -49.8592 44.1173 10
      vertex -47.7942 43.9139 10
      vertex -49.767 44.7386 10
    endloop
  endfacet
  facet normal 0 0 1
    outer loop
      vertex -47.6288 42.2345 10
      vertex -49.6144 41.6322 10
      vertex -49.4028 41.0408 10
    endloop
  endfacet
  facet normal 0 0 1
    outer loop
      vertex -47.7942 43.9139 10
      vertex -49.8592 44.1173 10
      vertex -47.815 43.49 10
    endloop
  endfacet
  facet normal 0 0 1
    outer loop
      vertex -47.7319 42.6462 10
      vertex -49.767 42.2414 10
      vertex -49.6144 41.6322 10
    endloop
  endfacet
  facet normal 0 0 1
    outer loop
      vertex -49.89 43.49 10
      vertex -47.815 43.49 10
      vertex -49.8592 44.1173 10
    endloop
  endfacet
  facet normal 0 0 1
    outer loop
      vertex -47.7942 43.0661 10
      vertex -49.8592 42.8627 10
      vertex -49.767 42.2414 10
    endloop
  endfacet
  facet normal 0 0 1
    outer loop
      vertex -47.815 43.49 10
      vertex -49.89 43.49 10
      vertex -49.8592 42.8627 10
    endloop
  endfacet
  facet normal -0.998797 0.0490402 0
    outer loop
      vertex -49.89 43.49 0
      vertex -49.8592 44.1173 10
      vertex -49.8592 44.1173 0
    endloop
  endfacet
  facet normal -0.998797 0.0490402 0
    outer loop
      vertex -49.8592 44.1173 10
      vertex -49.89 43.49 0
      vertex -49.89 43.49 10
    endloop
  endfacet
  facet normal 0.671547 -0.740962 -4.29367e-06
    outer loop
      vertex -39.4299 38.5427 10
      vertex -39.3355 38.6283 2.46532
      vertex -38.9645 38.9645 10
    endloop
  endfacet
  facet normal 0.671735 -0.740792 0
    outer loop
      vertex -39.3355 38.6283 2.46532
      vertex -39.4299 38.5427 10
      vertex -39.4299 38.5427 2.46494
    endloop
  endfacet
  facet normal 0.671499 -0.741006 0
    outer loop
      vertex -38.9645 38.9645 10
      vertex -39.3355 38.6283 2.46532
      vertex -38.9645 38.9645 2.46532
    endloop
  endfacet
  facet normal -0.989167 -0.146794 0
    outer loop
      vertex -39.2481 44.3338 2.5
      vertex -39.2416 44.29 4
      vertex -39.2481 44.3338 10
    endloop
  endfacet
  facet normal -0.989172 -0.146762 9.57998e-07
    outer loop
      vertex -39.1858 43.9139 2.5
      vertex -39.2416 44.29 4
      vertex -39.2481 44.3338 2.5
    endloop
  endfacet
  facet normal -0.989172 -0.146758 0
    outer loop
      vertex -39.2416 44.29 4
      vertex -39.1858 43.9139 2.5
      vertex -39.1858 43.9139 4
    endloop
  endfacet
  facet normal -0.989167 -0.146794 0
    outer loop
      vertex -39.2481 44.3338 10
      vertex -39.2416 44.29 4
      vertex -39.2416 44.29 10
    endloop
  endfacet
  facet normal -0.998798 -0.0490092 0
    outer loop
      vertex -39.165 43.49 2.5
      vertex -39.1858 43.9139 4
      vertex -39.1858 43.9139 2.5
    endloop
  endfacet
  facet normal -0.998798 -0.0490092 0
    outer loop
      vertex -39.1858 43.9139 4
      vertex -39.165 43.49 2.5
      vertex -39.165 43.49 4
    endloop
  endfacet
  facet normal -0.970045 -0.242924 0
    outer loop
      vertex -39.2481 44.3338 2.5
      vertex -39.3512 44.7455 10
      vertex -39.3512 44.7455 2.5
    endloop
  endfacet
  facet normal -0.970045 -0.242924 0
    outer loop
      vertex -39.3512 44.7455 10
      vertex -39.2481 44.3338 2.5
      vertex -39.2481 44.3338 10
    endloop
  endfacet
  facet normal -0.336933 0.941528 0
    outer loop
      vertex -41.8349 39.4942 2.5
      vertex -42.2345 39.3512 10
      vertex -41.8349 39.4942 10
    endloop
  endfacet
  facet normal -0.336933 0.941528 0
    outer loop
      vertex -42.2345 39.3512 10
      vertex -41.8349 39.4942 2.5
      vertex -42.2345 39.3512 2.5
    endloop
  endfacet
  facet normal -0.740888 -0.671629 0
    outer loop
      vertex -40.1467 46.2337 2.5
      vertex -40.4318 46.5482 10
      vertex -40.4318 46.5482 2.5
    endloop
  endfacet
  facet normal -0.740888 -0.671629 0
    outer loop
      vertex -40.4318 46.5482 10
      vertex -40.1467 46.2337 2.5
      vertex -40.1467 46.2337 10
    endloop
  endfacet
  facet normal -0.514149 0.857701 0
    outer loop
      vertex -41.0872 39.8939 2.5
      vertex -41.4512 39.6757 10
      vertex -41.0872 39.8939 10
    endloop
  endfacet
  facet normal -0.514149 0.857701 0
    outer loop
      vertex -41.4512 39.6757 10
      vertex -41.0872 39.8939 2.5
      vertex -41.4512 39.6757 2.5
    endloop
  endfacet
  facet normal 0.4276 -0.903968 0
    outer loop
      vertex -45.5288 47.3043 2.5
      vertex -45.1451 47.4858 10
      vertex -45.5288 47.3043 10
    endloop
  endfacet
  facet normal 0.4276 -0.903968 0
    outer loop
      vertex -45.1451 47.4858 10
      vertex -45.5288 47.3043 2.5
      vertex -45.1451 47.4858 2.5
    endloop
  endfacet
  facet normal -0.989172 0.146758 0
    outer loop
      vertex -39.1858 43.0661 2.5
      vertex -39.2416 42.69 4
      vertex -39.1858 43.0661 4
    endloop
  endfacet
  facet normal -0.989172 0.146762 9.57998e-07
    outer loop
      vertex -39.2481 42.6462 2.5
      vertex -39.2416 42.69 4
      vertex -39.1858 43.0661 2.5
    endloop
  endfacet
  facet normal -0.989167 0.146794 0
    outer loop
      vertex -39.2481 42.6462 10
      vertex -39.2416 42.69 4
      vertex -39.2481 42.6462 2.5
    endloop
  endfacet
  facet normal -0.989167 0.146794 0
    outer loop
      vertex -39.2416 42.69 4
      vertex -39.2481 42.6462 10
      vertex -39.2416 42.69 10
    endloop
  endfacet
  facet normal -0.242924 0.970045 0
    outer loop
      vertex -42.2345 39.3512 2.5
      vertex -42.6462 39.2481 10
      vertex -42.2345 39.3512 10
    endloop
  endfacet
  facet normal -0.242924 0.970045 0
    outer loop
      vertex -42.6462 39.2481 10
      vertex -42.2345 39.3512 2.5
      vertex -42.6462 39.2481 2.5
    endloop
  endfacet
  facet normal 0.242924 -0.970045 0
    outer loop
      vertex -44.7455 47.6288 2.5
      vertex -44.3338 47.7319 10
      vertex -44.7455 47.6288 10
    endloop
  endfacet
  facet normal 0.242924 -0.970045 0
    outer loop
      vertex -44.3338 47.7319 10
      vertex -44.7455 47.6288 2.5
      vertex -44.3338 47.7319 2.5
    endloop
  endfacet
  facet normal 0.941528 0.336933 0
    outer loop
      vertex -47.4858 41.8349 10
      vertex -47.6288 42.2345 2.5
      vertex -47.6288 42.2345 10
    endloop
  endfacet
  facet normal 0.941528 0.336933 0
    outer loop
      vertex -47.6288 42.2345 2.5
      vertex -47.4858 41.8349 10
      vertex -47.4858 41.8349 2.5
    endloop
  endfacet
  facet normal -0.80324 0.595656 0
    outer loop
      vertex -40.1467 40.7463 2.5
      vertex -39.8939 41.0872 10
      vertex -39.8939 41.0872 2.5
    endloop
  endfacet
  facet normal -0.80324 0.595656 0
    outer loop
      vertex -39.8939 41.0872 10
      vertex -40.1467 40.7463 2.5
      vertex -40.1467 40.7463 10
    endloop
  endfacet
  facet normal 0.514149 -0.857701 0
    outer loop
      vertex -45.8928 47.0861 2.5
      vertex -45.5288 47.3043 10
      vertex -45.8928 47.0861 10
    endloop
  endfacet
  facet normal 0.514149 -0.857701 0
    outer loop
      vertex -45.5288 47.3043 10
      vertex -45.8928 47.0861 2.5
      vertex -45.5288 47.3043 2.5
    endloop
  endfacet
  facet normal 0.146762 0.989172 -0
    outer loop
      vertex -43.9139 39.1858 2.5
      vertex -44.3338 39.2481 10
      vertex -43.9139 39.1858 10
    endloop
  endfacet
  facet normal 0.146762 0.989172 0
    outer loop
      vertex -44.3338 39.2481 10
      vertex -43.9139 39.1858 2.5
      vertex -44.3338 39.2481 2.5
    endloop
  endfacet
  facet normal -0.595656 0.80324 0
    outer loop
      vertex -40.7463 40.1467 2.5
      vertex -41.0872 39.8939 10
      vertex -40.7463 40.1467 10
    endloop
  endfacet
  facet normal -0.595656 0.80324 0
    outer loop
      vertex -41.0872 39.8939 10
      vertex -40.7463 40.1467 2.5
      vertex -41.0872 39.8939 2.5
    endloop
  endfacet
  facet normal 0.242924 0.970045 -0
    outer loop
      vertex -44.3338 39.2481 2.5
      vertex -44.7455 39.3512 10
      vertex -44.3338 39.2481 10
    endloop
  endfacet
  facet normal 0.242924 0.970045 0
    outer loop
      vertex -44.7455 39.3512 10
      vertex -44.3338 39.2481 2.5
      vertex -44.7455 39.3512 2.5
    endloop
  endfacet
  facet normal -0.903968 0.4276 0
    outer loop
      vertex -39.6757 41.4512 2.5
      vertex -39.4942 41.8349 10
      vertex -39.4942 41.8349 2.5
    endloop
  endfacet
  facet normal -0.903968 0.4276 0
    outer loop
      vertex -39.4942 41.8349 10
      vertex -39.6757 41.4512 2.5
      vertex -39.6757 41.4512 10
    endloop
  endfacet
  facet normal -0.514149 -0.857701 0
    outer loop
      vertex -41.4512 47.3043 2.5
      vertex -41.0872 47.0861 10
      vertex -41.4512 47.3043 10
    endloop
  endfacet
  facet normal -0.514149 -0.857701 -0
    outer loop
      vertex -41.0872 47.0861 10
      vertex -41.4512 47.3043 2.5
      vertex -41.0872 47.0861 2.5
    endloop
  endfacet
  facet normal 0.857701 0.514149 0
    outer loop
      vertex -47.0861 41.0872 10
      vertex -47.3043 41.4512 2.5
      vertex -47.3043 41.4512 10
    endloop
  endfacet
  facet normal 0.857701 0.514149 0
    outer loop
      vertex -47.3043 41.4512 2.5
      vertex -47.0861 41.0872 10
      vertex -47.0861 41.0872 2.5
    endloop
  endfacet
  facet normal -0.970045 0.242924 0
    outer loop
      vertex -39.3512 42.2345 2.5
      vertex -39.2481 42.6462 10
      vertex -39.2481 42.6462 2.5
    endloop
  endfacet
  facet normal -0.970045 0.242924 0
    outer loop
      vertex -39.2481 42.6462 10
      vertex -39.3512 42.2345 2.5
      vertex -39.3512 42.2345 10
    endloop
  endfacet
  facet normal 0.857701 -0.514149 0
    outer loop
      vertex -47.3043 45.5288 10
      vertex -47.0861 45.8928 2.5
      vertex -47.0861 45.8928 10
    endloop
  endfacet
  facet normal 0.857701 -0.514149 0
    outer loop
      vertex -47.0861 45.8928 2.5
      vertex -47.3043 45.5288 10
      vertex -47.3043 45.5288 2.5
    endloop
  endfacet
  facet normal 0.595656 -0.80324 0
    outer loop
      vertex -46.2337 46.8333 2.5
      vertex -45.8928 47.0861 10
      vertex -46.2337 46.8333 10
    endloop
  endfacet
  facet normal 0.595656 -0.80324 0
    outer loop
      vertex -45.8928 47.0861 10
      vertex -46.2337 46.8333 2.5
      vertex -45.8928 47.0861 2.5
    endloop
  endfacet
  facet normal 0.80324 0.595656 0
    outer loop
      vertex -46.8333 40.7463 10
      vertex -47.0861 41.0872 2.5
      vertex -47.0861 41.0872 10
    endloop
  endfacet
  facet normal 0.80324 0.595656 0
    outer loop
      vertex -47.0861 41.0872 2.5
      vertex -46.8333 40.7463 10
      vertex -46.8333 40.7463 2.5
    endloop
  endfacet
  facet normal -0.4276 -0.903968 0
    outer loop
      vertex -41.8349 47.4858 2.5
      vertex -41.4512 47.3043 10
      vertex -41.8349 47.4858 10
    endloop
  endfacet
  facet normal -0.4276 -0.903968 -0
    outer loop
      vertex -41.4512 47.3043 10
      vertex -41.8349 47.4858 2.5
      vertex -41.4512 47.3043 2.5
    endloop
  endfacet
  facet normal -0.146762 0.989172 0
    outer loop
      vertex -42.6462 39.2481 2.5
      vertex -43.0661 39.1858 10
      vertex -42.6462 39.2481 10
    endloop
  endfacet
  facet normal -0.146762 0.989172 0
    outer loop
      vertex -43.0661 39.1858 10
      vertex -42.6462 39.2481 2.5
      vertex -43.0661 39.1858 2.5
    endloop
  endfacet
  facet normal 0.146762 -0.989172 0
    outer loop
      vertex -44.3338 47.7319 2.5
      vertex -43.9139 47.7942 10
      vertex -44.3338 47.7319 10
    endloop
  endfacet
  facet normal 0.146762 -0.989172 0
    outer loop
      vertex -43.9139 47.7942 10
      vertex -44.3338 47.7319 2.5
      vertex -43.9139 47.7942 2.5
    endloop
  endfacet
  facet normal 0.903968 0.4276 0
    outer loop
      vertex -47.3043 41.4512 10
      vertex -47.4858 41.8349 2.5
      vertex -47.4858 41.8349 10
    endloop
  endfacet
  facet normal 0.903968 0.4276 0
    outer loop
      vertex -47.4858 41.8349 2.5
      vertex -47.3043 41.4512 10
      vertex -47.3043 41.4512 2.5
    endloop
  endfacet
  facet normal -0.998798 0.0490092 0
    outer loop
      vertex -39.1858 43.0661 2.5
      vertex -39.165 43.49 4
      vertex -39.165 43.49 2.5
    endloop
  endfacet
  facet normal -0.998798 0.0490092 0
    outer loop
      vertex -39.165 43.49 4
      vertex -39.1858 43.0661 2.5
      vertex -39.1858 43.0661 4
    endloop
  endfacet
  facet normal -0.242924 -0.970045 0
    outer loop
      vertex -42.6462 47.7319 2.5
      vertex -42.2345 47.6288 10
      vertex -42.6462 47.7319 10
    endloop
  endfacet
  facet normal -0.242924 -0.970045 -0
    outer loop
      vertex -42.2345 47.6288 10
      vertex -42.6462 47.7319 2.5
      vertex -42.2345 47.6288 2.5
    endloop
  endfacet
  facet normal 0.595656 0.80324 -0
    outer loop
      vertex -45.8928 39.8939 2.5
      vertex -46.2337 40.1467 10
      vertex -45.8928 39.8939 10
    endloop
  endfacet
  facet normal 0.595656 0.80324 0
    outer loop
      vertex -46.2337 40.1467 10
      vertex -45.8928 39.8939 2.5
      vertex -46.2337 40.1467 2.5
    endloop
  endfacet
  facet normal 0.740888 -0.671629 0
    outer loop
      vertex -46.8333 46.2337 10
      vertex -46.5482 46.5482 2.5
      vertex -46.5482 46.5482 10
    endloop
  endfacet
  facet normal 0.740888 -0.671629 0
    outer loop
      vertex -46.5482 46.5482 2.5
      vertex -46.8333 46.2337 10
      vertex -46.8333 46.2337 2.5
    endloop
  endfacet
  facet normal -0.941528 -0.336933 0
    outer loop
      vertex -39.3512 44.7455 2.5
      vertex -39.4942 45.1451 10
      vertex -39.4942 45.1451 2.5
    endloop
  endfacet
  facet normal -0.941528 -0.336933 0
    outer loop
      vertex -39.4942 45.1451 10
      vertex -39.3512 44.7455 2.5
      vertex -39.3512 44.7455 10
    endloop
  endfacet
  facet normal -0.857701 0.514149 0
    outer loop
      vertex -39.8939 41.0872 2.5
      vertex -39.6757 41.4512 10
      vertex -39.6757 41.4512 2.5
    endloop
  endfacet
  facet normal -0.857701 0.514149 0
    outer loop
      vertex -39.6757 41.4512 10
      vertex -39.8939 41.0872 2.5
      vertex -39.8939 41.0872 10
    endloop
  endfacet
  facet normal -0.595656 -0.80324 0
    outer loop
      vertex -41.0872 47.0861 2.5
      vertex -40.7463 46.8333 10
      vertex -41.0872 47.0861 10
    endloop
  endfacet
  facet normal -0.595656 -0.80324 -0
    outer loop
      vertex -40.7463 46.8333 10
      vertex -41.0872 47.0861 2.5
      vertex -40.7463 46.8333 2.5
    endloop
  endfacet
  facet normal -0.336933 -0.941528 0
    outer loop
      vertex -42.2345 47.6288 2.5
      vertex -41.8349 47.4858 10
      vertex -42.2345 47.6288 10
    endloop
  endfacet
  facet normal -0.336933 -0.941528 -0
    outer loop
      vertex -41.8349 47.4858 10
      vertex -42.2345 47.6288 2.5
      vertex -41.8349 47.4858 2.5
    endloop
  endfacet
  facet normal -0.80324 -0.595656 0
    outer loop
      vertex -39.8939 45.8928 2.5
      vertex -40.1467 46.2337 10
      vertex -40.1467 46.2337 2.5
    endloop
  endfacet
  facet normal -0.80324 -0.595656 0
    outer loop
      vertex -40.1467 46.2337 10
      vertex -39.8939 45.8928 2.5
      vertex -39.8939 45.8928 10
    endloop
  endfacet
  facet normal -0.857701 -0.514149 0
    outer loop
      vertex -39.6757 45.5288 2.5
      vertex -39.8939 45.8928 10
      vertex -39.8939 45.8928 2.5
    endloop
  endfacet
  facet normal -0.857701 -0.514149 0
    outer loop
      vertex -39.8939 45.8928 10
      vertex -39.6757 45.5288 2.5
      vertex -39.6757 45.5288 10
    endloop
  endfacet
  facet normal 0.4276 0.903968 -0
    outer loop
      vertex -45.1451 39.4942 2.5
      vertex -45.5288 39.6757 10
      vertex -45.1451 39.4942 10
    endloop
  endfacet
  facet normal 0.4276 0.903968 0
    outer loop
      vertex -45.5288 39.6757 10
      vertex -45.1451 39.4942 2.5
      vertex -45.5288 39.6757 2.5
    endloop
  endfacet
  facet normal 0.970045 0.242924 0
    outer loop
      vertex -47.6288 42.2345 10
      vertex -47.7319 42.6462 2.5
      vertex -47.7319 42.6462 10
    endloop
  endfacet
  facet normal 0.970045 0.242924 0
    outer loop
      vertex -47.7319 42.6462 2.5
      vertex -47.6288 42.2345 10
      vertex -47.6288 42.2345 2.5
    endloop
  endfacet
  facet normal -0.903968 -0.4276 0
    outer loop
      vertex -39.4942 45.1451 2.5
      vertex -39.6757 45.5288 10
      vertex -39.6757 45.5288 2.5
    endloop
  endfacet
  facet normal -0.903968 -0.4276 0
    outer loop
      vertex -39.6757 45.5288 10
      vertex -39.4942 45.1451 2.5
      vertex -39.4942 45.1451 10
    endloop
  endfacet
  facet normal 0.514149 0.857701 -0
    outer loop
      vertex -45.5288 39.6757 2.5
      vertex -45.8928 39.8939 10
      vertex -45.5288 39.6757 10
    endloop
  endfacet
  facet normal 0.514149 0.857701 0
    outer loop
      vertex -45.8928 39.8939 10
      vertex -45.5288 39.6757 2.5
      vertex -45.8928 39.8939 2.5
    endloop
  endfacet
  facet normal -0.4276 0.903968 0
    outer loop
      vertex -41.4512 39.6757 2.5
      vertex -41.8349 39.4942 10
      vertex -41.4512 39.6757 10
    endloop
  endfacet
  facet normal -0.4276 0.903968 0
    outer loop
      vertex -41.8349 39.4942 10
      vertex -41.4512 39.6757 2.5
      vertex -41.8349 39.4942 2.5
    endloop
  endfacet
  facet normal -0.146762 -0.989172 0
    outer loop
      vertex -43.0661 47.7942 2.5
      vertex -42.6462 47.7319 10
      vertex -43.0661 47.7942 10
    endloop
  endfacet
  facet normal -0.146762 -0.989172 -0
    outer loop
      vertex -42.6462 47.7319 10
      vertex -43.0661 47.7942 2.5
      vertex -42.6462 47.7319 2.5
    endloop
  endfacet
  facet normal 0.671629 -0.740888 0
    outer loop
      vertex -46.5482 46.5482 2.5
      vertex -46.2337 46.8333 10
      vertex -46.5482 46.5482 10
    endloop
  endfacet
  facet normal 0.671629 -0.740888 0
    outer loop
      vertex -46.2337 46.8333 10
      vertex -46.5482 46.5482 2.5
      vertex -46.2337 46.8333 2.5
    endloop
  endfacet
  facet normal 0.989172 -0.146762 0
    outer loop
      vertex -47.7942 43.9139 10
      vertex -47.7319 44.3338 2.5
      vertex -47.7319 44.3338 10
    endloop
  endfacet
  facet normal 0.989172 -0.146762 0
    outer loop
      vertex -47.7319 44.3338 2.5
      vertex -47.7942 43.9139 10
      vertex -47.7942 43.9139 2.5
    endloop
  endfacet
  facet normal 0.941528 -0.336933 0
    outer loop
      vertex -47.6288 44.7455 10
      vertex -47.4858 45.1451 2.5
      vertex -47.4858 45.1451 10
    endloop
  endfacet
  facet normal 0.941528 -0.336933 0
    outer loop
      vertex -47.4858 45.1451 2.5
      vertex -47.6288 44.7455 10
      vertex -47.6288 44.7455 2.5
    endloop
  endfacet
  facet normal 0.336933 -0.941528 0
    outer loop
      vertex -45.1451 47.4858 2.5
      vertex -44.7455 47.6288 10
      vertex -45.1451 47.4858 10
    endloop
  endfacet
  facet normal 0.336933 -0.941528 0
    outer loop
      vertex -44.7455 47.6288 10
      vertex -45.1451 47.4858 2.5
      vertex -44.7455 47.6288 2.5
    endloop
  endfacet
  facet normal 0.998798 0.0490092 0
    outer loop
      vertex -47.7942 43.0661 10
      vertex -47.815 43.49 2.5
      vertex -47.815 43.49 10
    endloop
  endfacet
  facet normal 0.998798 0.0490092 0
    outer loop
      vertex -47.815 43.49 2.5
      vertex -47.7942 43.0661 10
      vertex -47.7942 43.0661 2.5
    endloop
  endfacet
  facet normal -0.671629 0.740888 0
    outer loop
      vertex -40.4318 40.4318 2.5
      vertex -40.7463 40.1467 10
      vertex -40.4318 40.4318 10
    endloop
  endfacet
  facet normal -0.671629 0.740888 0
    outer loop
      vertex -40.7463 40.1467 10
      vertex -40.4318 40.4318 2.5
      vertex -40.7463 40.1467 2.5
    endloop
  endfacet
  facet normal 0.0490092 -0.998798 0
    outer loop
      vertex -43.9139 47.7942 2.5
      vertex -43.49 47.815 10
      vertex -43.9139 47.7942 10
    endloop
  endfacet
  facet normal 0.0490092 -0.998798 0
    outer loop
      vertex -43.49 47.815 10
      vertex -43.9139 47.7942 2.5
      vertex -43.49 47.815 2.5
    endloop
  endfacet
  facet normal -0.671629 -0.740888 0
    outer loop
      vertex -40.7463 46.8333 2.5
      vertex -40.4318 46.5482 10
      vertex -40.7463 46.8333 10
    endloop
  endfacet
  facet normal -0.671629 -0.740888 -0
    outer loop
      vertex -40.4318 46.5482 10
      vertex -40.7463 46.8333 2.5
      vertex -40.4318 46.5482 2.5
    endloop
  endfacet
  facet normal 0.80324 -0.595656 0
    outer loop
      vertex -47.0861 45.8928 10
      vertex -46.8333 46.2337 2.5
      vertex -46.8333 46.2337 10
    endloop
  endfacet
  facet normal 0.80324 -0.595656 0
    outer loop
      vertex -46.8333 46.2337 2.5
      vertex -47.0861 45.8928 10
      vertex -47.0861 45.8928 2.5
    endloop
  endfacet
  facet normal 0.740888 0.671629 0
    outer loop
      vertex -46.5482 40.4318 10
      vertex -46.8333 40.7463 2.5
      vertex -46.8333 40.7463 10
    endloop
  endfacet
  facet normal 0.740888 0.671629 0
    outer loop
      vertex -46.8333 40.7463 2.5
      vertex -46.5482 40.4318 10
      vertex -46.5482 40.4318 2.5
    endloop
  endfacet
  facet normal -0.0490092 0.998798 0
    outer loop
      vertex -43.0661 39.1858 2.5
      vertex -43.49 39.165 10
      vertex -43.0661 39.1858 10
    endloop
  endfacet
  facet normal -0.0490092 0.998798 0
    outer loop
      vertex -43.49 39.165 10
      vertex -43.0661 39.1858 2.5
      vertex -43.49 39.165 2.5
    endloop
  endfacet
  facet normal 0.989172 0.146762 0
    outer loop
      vertex -47.7319 42.6462 10
      vertex -47.7942 43.0661 2.5
      vertex -47.7942 43.0661 10
    endloop
  endfacet
  facet normal 0.989172 0.146762 0
    outer loop
      vertex -47.7942 43.0661 2.5
      vertex -47.7319 42.6462 10
      vertex -47.7319 42.6462 2.5
    endloop
  endfacet
  facet normal -0.0490092 -0.998798 0
    outer loop
      vertex -43.49 47.815 2.5
      vertex -43.0661 47.7942 10
      vertex -43.49 47.815 10
    endloop
  endfacet
  facet normal -0.0490092 -0.998798 -0
    outer loop
      vertex -43.0661 47.7942 10
      vertex -43.49 47.815 2.5
      vertex -43.0661 47.7942 2.5
    endloop
  endfacet
  facet normal 0.970045 -0.242924 0
    outer loop
      vertex -47.7319 44.3338 10
      vertex -47.6288 44.7455 2.5
      vertex -47.6288 44.7455 10
    endloop
  endfacet
  facet normal 0.970045 -0.242924 0
    outer loop
      vertex -47.6288 44.7455 2.5
      vertex -47.7319 44.3338 10
      vertex -47.7319 44.3338 2.5
    endloop
  endfacet
  facet normal 0.903968 -0.4276 0
    outer loop
      vertex -47.4858 45.1451 10
      vertex -47.3043 45.5288 2.5
      vertex -47.3043 45.5288 10
    endloop
  endfacet
  facet normal 0.903968 -0.4276 0
    outer loop
      vertex -47.3043 45.5288 2.5
      vertex -47.4858 45.1451 10
      vertex -47.4858 45.1451 2.5
    endloop
  endfacet
  facet normal -0.941528 0.336933 0
    outer loop
      vertex -39.4942 41.8349 2.5
      vertex -39.3512 42.2345 10
      vertex -39.3512 42.2345 2.5
    endloop
  endfacet
  facet normal -0.941528 0.336933 0
    outer loop
      vertex -39.3512 42.2345 10
      vertex -39.4942 41.8349 2.5
      vertex -39.4942 41.8349 10
    endloop
  endfacet
  facet normal 0.671629 0.740888 -0
    outer loop
      vertex -46.2337 40.1467 2.5
      vertex -46.5482 40.4318 10
      vertex -46.2337 40.1467 10
    endloop
  endfacet
  facet normal 0.671629 0.740888 0
    outer loop
      vertex -46.5482 40.4318 10
      vertex -46.2337 40.1467 2.5
      vertex -46.5482 40.4318 2.5
    endloop
  endfacet
  facet normal 0.0490092 0.998798 -0
    outer loop
      vertex -43.49 39.165 2.5
      vertex -43.9139 39.1858 10
      vertex -43.49 39.165 10
    endloop
  endfacet
  facet normal 0.0490092 0.998798 0
    outer loop
      vertex -43.9139 39.1858 10
      vertex -43.49 39.165 2.5
      vertex -43.9139 39.1858 2.5
    endloop
  endfacet
  facet normal 0.998798 -0.0490092 0
    outer loop
      vertex -47.815 43.49 10
      vertex -47.7942 43.9139 2.5
      vertex -47.7942 43.9139 10
    endloop
  endfacet
  facet normal 0.998798 -0.0490092 0
    outer loop
      vertex -47.7942 43.9139 2.5
      vertex -47.815 43.49 10
      vertex -47.815 43.49 2.5
    endloop
  endfacet
  facet normal 0.336933 0.941528 -0
    outer loop
      vertex -44.7455 39.3512 2.5
      vertex -45.1451 39.4942 10
      vertex -44.7455 39.3512 10
    endloop
  endfacet
  facet normal 0.336933 0.941528 0
    outer loop
      vertex -45.1451 39.4942 10
      vertex -44.7455 39.3512 2.5
      vertex -45.1451 39.4942 2.5
    endloop
  endfacet
  facet normal -0.740888 0.671629 0
    outer loop
      vertex -40.4318 40.4318 2.5
      vertex -40.1467 40.7463 10
      vertex -40.1467 40.7463 2.5
    endloop
  endfacet
  facet normal -0.740888 0.671629 0
    outer loop
      vertex -40.1467 40.7463 10
      vertex -40.4318 40.4318 2.5
      vertex -40.4318 40.4318 10
    endloop
  endfacet
  facet normal 0 0 1
    outer loop
      vertex -39.165 43.49 4
      vertex -37.09 43.49 4
      vertex -37.1208 44.1173 4
    endloop
  endfacet
  facet normal 0 0 1
    outer loop
      vertex -39.1858 43.9139 4
      vertex -37.1208 44.1173 4
      vertex -37.1464 44.29 4
    endloop
  endfacet
  facet normal 0 0 1
    outer loop
      vertex -37.09 43.49 4
      vertex -39.165 43.49 4
      vertex -37.1208 42.8627 4
    endloop
  endfacet
  facet normal -0 0 1
    outer loop
      vertex -39.1858 43.0661 4
      vertex -37.1208 42.8627 4
      vertex -39.165 43.49 4
    endloop
  endfacet
  facet normal 0 0 1
    outer loop
      vertex -37.1208 44.1173 4
      vertex -39.1858 43.9139 4
      vertex -39.165 43.49 4
    endloop
  endfacet
  facet normal 0 -0 1
    outer loop
      vertex -39.1858 43.9139 4
      vertex -37.1464 44.29 4
      vertex -39.2416 44.29 4
    endloop
  endfacet
  facet normal 0 0 1
    outer loop
      vertex -37.1208 42.8627 4
      vertex -39.1858 43.0661 4
      vertex -37.1464 42.69 4
    endloop
  endfacet
  facet normal 0 0 1
    outer loop
      vertex -37.1464 42.69 4
      vertex -39.1858 43.0661 4
      vertex -39.2416 42.69 4
    endloop
  endfacet
  facet normal 0 -1 0
    outer loop
      vertex -39.2416 44.29 4
      vertex -37.1464 44.29 10
      vertex -39.2416 44.29 10
    endloop
  endfacet
  facet normal 0 -1 -0
    outer loop
      vertex -37.1464 44.29 10
      vertex -39.2416 44.29 4
      vertex -37.1464 44.29 4
    endloop
  endfacet
  facet normal 0 1 -0
    outer loop
      vertex -37.1464 42.69 4
      vertex -39.2416 42.69 10
      vertex -37.1464 42.69 10
    endloop
  endfacet
  facet normal 0 1 0
    outer loop
      vertex -39.2416 42.69 10
      vertex -37.1464 42.69 4
      vertex -39.2416 42.69 4
    endloop
  endfacet
  facet normal -0.671547 -0.740962 0
    outer loop
      vertex -48.0155 -48.0155 0
      vertex -47.5501 -48.4373 10
      vertex -48.0155 -48.0155 10
    endloop
  endfacet
  facet normal -0.671547 -0.740962 -0
    outer loop
      vertex -47.5501 -48.4373 10
      vertex -48.0155 -48.0155 0
      vertex -47.5501 -48.4373 0
    endloop
  endfacet
  facet normal -0.941547 0.336881 0
    outer loop
      vertex -49.6144 -41.6322 0
      vertex -49.4028 -41.0408 10
      vertex -49.4028 -41.0408 0
    endloop
  endfacet
  facet normal -0.941547 0.336881 0
    outer loop
      vertex -49.4028 -41.0408 10
      vertex -49.6144 -41.6322 0
      vertex -49.6144 -41.6322 10
    endloop
  endfacet
  facet normal 0.989158 0.146852 0
    outer loop
      vertex -37.1464 -42.69 4
      vertex -37.213 -42.2414 2.45372
      vertex -37.213 -42.2414 10
    endloop
  endfacet
  facet normal 0.989301 0.145889 -0.000285647
    outer loop
      vertex -37.213 -42.2414 2.45372
      vertex -37.1464 -42.69 4
      vertex -37.2098 -42.2631 2.45363
    endloop
  endfacet
  facet normal 0.989158 0.146852 -0
    outer loop
      vertex -37.1464 -42.69 4
      vertex -37.213 -42.2414 10
      vertex -37.1464 -42.69 10
    endloop
  endfacet
  facet normal 0.989127 0.147067 4.67931e-05
    outer loop
      vertex -37.2098 -42.2631 2.45363
      vertex -37.1464 -42.69 4
      vertex -37.1759 -42.4911 2.45211
    endloop
  endfacet
  facet normal 0.989191 0.146632 -0
    outer loop
      vertex -37.1208 -42.8627 2.44865
      vertex -37.1464 -42.69 4
      vertex -37.1208 -42.8627 4
    endloop
  endfacet
  facet normal 0.989185 0.146674 -4.82668e-06
    outer loop
      vertex -37.1464 -42.69 4
      vertex -37.1208 -42.8627 2.44865
      vertex -37.1759 -42.4911 2.45211
    endloop
  endfacet
  facet normal 0.998812 0.0487226 0
    outer loop
      vertex -37.1208 -42.8627 4
      vertex -37.1186 -42.9078 2.44844
      vertex -37.1208 -42.8627 2.44865
    endloop
  endfacet
  facet normal 0.998796 0.0490515 -9.58392e-06
    outer loop
      vertex -37.1208 -42.8627 4
      vertex -37.099 -43.3069 2.44432
      vertex -37.1186 -42.9078 2.44844
    endloop
  endfacet
  facet normal 0.998797 0.0490402 -6.36608e-06
    outer loop
      vertex -37.09 -43.49 4
      vertex -37.099 -43.3069 2.44432
      vertex -37.1208 -42.8627 4
    endloop
  endfacet
  facet normal 0.998794 0.0490942 0
    outer loop
      vertex -37.099 -43.3069 2.44432
      vertex -37.09 -43.49 4
      vertex -37.09 -43.49 2.44108
    endloop
  endfacet
  facet normal -0.514051 -0.85776 0
    outer loop
      vertex -47.0457 -48.8114 0
      vertex -46.5069 -49.1343 10
      vertex -47.0457 -48.8114 10
    endloop
  endfacet
  facet normal -0.514051 -0.85776 -0
    outer loop
      vertex -46.5069 -49.1343 10
      vertex -47.0457 -48.8114 0
      vertex -46.5069 -49.1343 0
    endloop
  endfacet
  facet normal 0.671499 0.741006 0
    outer loop
      vertex -39.3355 -38.6283 2.46532
      vertex -38.9645 -38.9645 10
      vertex -38.9645 -38.9645 2.46532
    endloop
  endfacet
  facet normal 0.671547 0.740962 -4.29367e-06
    outer loop
      vertex -38.9645 -38.9645 10
      vertex -39.3355 -38.6283 2.46532
      vertex -39.4299 -38.5427 10
    endloop
  endfacet
  facet normal 0.671735 0.740792 0
    outer loop
      vertex -39.4299 -38.5427 10
      vertex -39.3355 -38.6283 2.46532
      vertex -39.4299 -38.5427 2.46494
    endloop
  endfacet
  facet normal -0.146791 -0.989168 0
    outer loop
      vertex -44.7386 -49.767 0
      vertex -44.1173 -49.8592 10
      vertex -44.7386 -49.767 10
    endloop
  endfacet
  facet normal -0.146791 -0.989168 -0
    outer loop
      vertex -44.1173 -49.8592 10
      vertex -44.7386 -49.767 0
      vertex -44.1173 -49.8592 0
    endloop
  endfacet
  facet normal 0.741006 0.671499 0
    outer loop
      vertex -38.9645 -38.9645 10
      vertex -38.6283 -39.3355 2.46532
      vertex -38.9645 -38.9645 2.46532
    endloop
  endfacet
  facet normal 0.740962 0.671547 -4.29367e-06
    outer loop
      vertex -38.5427 -39.4299 10
      vertex -38.6283 -39.3355 2.46532
      vertex -38.9645 -38.9645 10
    endloop
  endfacet
  facet normal 0.740792 0.671735 0
    outer loop
      vertex -38.6283 -39.3355 2.46532
      vertex -38.5427 -39.4299 10
      vertex -38.5427 -39.4299 2.46494
    endloop
  endfacet
  facet normal 0.427641 0.903949 0
    outer loop
      vertex -40.5604 -37.8044 2.46293
      vertex -40.4731 -37.8457 10
      vertex -40.4731 -37.8457 2.46293
    endloop
  endfacet
  facet normal 0.427552 0.903991 1.25918e-06
    outer loop
      vertex -40.4731 -37.8457 10
      vertex -40.5604 -37.8044 2.46293
      vertex -41.0408 -37.5772 10
    endloop
  endfacet
  facet normal 0.427545 0.903994 6.79323e-07
    outer loop
      vertex -40.9911 -37.6007 2.46135
      vertex -41.0408 -37.5772 10
      vertex -40.5604 -37.8044 2.46293
    endloop
  endfacet
  facet normal 0.427461 0.904034 0
    outer loop
      vertex -41.0408 -37.5772 10
      vertex -40.9911 -37.6007 2.46135
      vertex -41.0408 -37.5772 2.46097
    endloop
  endfacet
  facet normal 0.0490402 -0.998797 0
    outer loop
      vertex -43.49 -49.89 0
      vertex -42.8627 -49.8592 10
      vertex -43.49 -49.89 10
    endloop
  endfacet
  facet normal 0.0490402 -0.998797 0
    outer loop
      vertex -42.8627 -49.8592 10
      vertex -43.49 -49.89 0
      vertex -42.8627 -49.8592 0
    endloop
  endfacet
  facet normal -0.740962 0.671547 0
    outer loop
      vertex -48.4373 -39.4299 0
      vertex -48.0155 -38.9645 10
      vertex -48.0155 -38.9645 0
    endloop
  endfacet
  facet normal -0.740962 0.671547 0
    outer loop
      vertex -48.0155 -38.9645 10
      vertex -48.4373 -39.4299 0
      vertex -48.4373 -39.4299 10
    endloop
  endfacet
  facet normal 0.989158 -0.146852 0
    outer loop
      vertex -37.213 -44.7386 10
      vertex -37.1464 -44.29 4
      vertex -37.1464 -44.29 10
    endloop
  endfacet
  facet normal 0.989164 -0.146817 2.6973e-06
    outer loop
      vertex -37.1884 -44.573 2.38971
      vertex -37.1464 -44.29 4
      vertex -37.213 -44.7386 10
    endloop
  endfacet
  facet normal 0.98907 -0.147446 6.76407e-05
    outer loop
      vertex -37.1464 -44.29 4
      vertex -37.1835 -44.5396 2.40308
      vertex -37.1667 -44.4269 2.41468
    endloop
  endfacet
  facet normal 0.989428 -0.145028 -0.000318596
    outer loop
      vertex -37.1464 -44.29 4
      vertex -37.1884 -44.573 2.38971
      vertex -37.1835 -44.5396 2.40308
    endloop
  endfacet
  facet normal 0.989146 -0.146938 0
    outer loop
      vertex -37.213 -44.7386 0
      vertex -37.1884 -44.573 2.38971
      vertex -37.213 -44.7386 10
    endloop
  endfacet
  facet normal 0.989146 -0.146938 0
    outer loop
      vertex -37.1884 -44.573 2.38971
      vertex -37.213 -44.7386 0
      vertex -37.1884 -44.573 0
    endloop
  endfacet
  facet normal 0.989103 -0.147223 0
    outer loop
      vertex -37.1208 -44.1173 4
      vertex -37.1382 -44.2342 2.42426
      vertex -37.1208 -44.1173 2.42743
    endloop
  endfacet
  facet normal 0.989191 -0.146632 -4.48558e-05
    outer loop
      vertex -37.1464 -44.29 4
      vertex -37.1382 -44.2342 2.42426
      vertex -37.1208 -44.1173 4
    endloop
  endfacet
  facet normal 0.98924 -0.146305 -3.30419e-05
    outer loop
      vertex -37.1382 -44.2342 2.42426
      vertex -37.1464 -44.29 4
      vertex -37.1667 -44.4269 2.41468
    endloop
  endfacet
  facet normal 0.903949 0.427641 0
    outer loop
      vertex -37.8457 -40.4731 10
      vertex -37.8044 -40.5604 2.46293
      vertex -37.8457 -40.4731 2.46293
    endloop
  endfacet
  facet normal 0.903994 0.427545 1.36459e-06
    outer loop
      vertex -37.8457 -40.4731 10
      vertex -37.6007 -40.9911 2.46135
      vertex -37.8044 -40.5604 2.46293
    endloop
  endfacet
  facet normal 0.903991 0.427552 7.39298e-07
    outer loop
      vertex -37.5772 -41.0408 10
      vertex -37.6007 -40.9911 2.46135
      vertex -37.8457 -40.4731 10
    endloop
  endfacet
  facet normal 0.904034 0.427461 0
    outer loop
      vertex -37.6007 -40.9911 2.46135
      vertex -37.5772 -41.0408 10
      vertex -37.5772 -41.0408 2.46097
    endloop
  endfacet
  facet normal -0.242985 0.97003 0
    outer loop
      vertex -44.7386 -37.213 0
      vertex -45.3478 -37.3656 10
      vertex -44.7386 -37.213 10
    endloop
  endfacet
  facet normal -0.242985 0.97003 0
    outer loop
      vertex -45.3478 -37.3656 10
      vertex -44.7386 -37.213 0
      vertex -45.3478 -37.3656 0
    endloop
  endfacet
  facet normal -0.803255 0.595635 0
    outer loop
      vertex -48.8114 -39.9344 0
      vertex -48.4373 -39.4299 10
      vertex -48.4373 -39.4299 0
    endloop
  endfacet
  facet normal -0.803255 0.595635 0
    outer loop
      vertex -48.4373 -39.4299 10
      vertex -48.8114 -39.9344 0
      vertex -48.8114 -39.9344 10
    endloop
  endfacet
  facet normal 0.243147 0.969989 0
    outer loop
      vertex -41.856 -37.3095 2.45701
      vertex -41.6322 -37.3656 10
      vertex -41.6322 -37.3656 2.45789
    endloop
  endfacet
  facet normal 0.242985 0.97003 5.11699e-06
    outer loop
      vertex -41.6322 -37.3656 10
      vertex -41.856 -37.3095 2.45701
      vertex -42.2414 -37.213 10
    endloop
  endfacet
  facet normal 0.242891 0.970054 0
    outer loop
      vertex -42.2414 -37.213 10
      vertex -41.856 -37.3095 2.45701
      vertex -42.2414 -37.213 2.45372
    endloop
  endfacet
  facet normal 0.336998 0.941505 0
    outer loop
      vertex -41.4283 -37.4385 2.45952
      vertex -41.0408 -37.5772 10
      vertex -41.0408 -37.5772 2.46097
    endloop
  endfacet
  facet normal 0.336881 0.941547 6.79435e-06
    outer loop
      vertex -41.0408 -37.5772 10
      vertex -41.4283 -37.4385 2.45952
      vertex -41.6322 -37.3656 10
    endloop
  endfacet
  facet normal 0.336658 0.941627 0
    outer loop
      vertex -41.6322 -37.3656 10
      vertex -41.4283 -37.4385 2.45952
      vertex -41.6322 -37.3656 2.45789
    endloop
  endfacet
  facet normal 0.941505 0.336998 0
    outer loop
      vertex -37.5772 -41.0408 10
      vertex -37.4385 -41.4283 2.45952
      vertex -37.5772 -41.0408 2.46097
    endloop
  endfacet
  facet normal 0.941547 0.336881 6.79435e-06
    outer loop
      vertex -37.3656 -41.6322 10
      vertex -37.4385 -41.4283 2.45952
      vertex -37.5772 -41.0408 10
    endloop
  endfacet
  facet normal 0.941627 0.336658 0
    outer loop
      vertex -37.4385 -41.4283 2.45952
      vertex -37.3656 -41.6322 10
      vertex -37.3656 -41.6322 2.45789
    endloop
  endfacet
  facet normal 0.595774 0.803152 0
    outer loop
      vertex -39.7285 -38.3212 2.46494
      vertex -39.4299 -38.5427 10
      vertex -39.4299 -38.5427 2.46494
    endloop
  endfacet
  facet normal 0.595635 0.803255 8.55566e-06
    outer loop
      vertex -39.4299 -38.5427 10
      vertex -39.7285 -38.3212 2.46494
      vertex -39.9344 -38.1686 10
    endloop
  endfacet
  facet normal 0.595433 0.803405 0
    outer loop
      vertex -39.9344 -38.1686 10
      vertex -39.7285 -38.3212 2.46494
      vertex -39.9344 -38.1686 2.46416
    endloop
  endfacet
  facet normal -0.85776 -0.514051 0
    outer loop
      vertex -48.8114 -47.0457 0
      vertex -49.1343 -46.5069 10
      vertex -49.1343 -46.5069 0
    endloop
  endfacet
  facet normal -0.85776 -0.514051 0
    outer loop
      vertex -49.1343 -46.5069 10
      vertex -48.8114 -47.0457 0
      vertex -48.8114 -47.0457 10
    endloop
  endfacet
  facet normal 0.514249 0.857641 0
    outer loop
      vertex -40.1387 -38.0461 2.46416
      vertex -39.9344 -38.1686 10
      vertex -39.9344 -38.1686 2.46416
    endloop
  endfacet
  facet normal 0.514121 0.857718 4.7074e-06
    outer loop
      vertex -39.9344 -38.1686 10
      vertex -40.1387 -38.0461 2.46416
      vertex -40.4731 -37.8457 10
    endloop
  endfacet
  facet normal 0.514043 0.857764 0
    outer loop
      vertex -40.4731 -37.8457 10
      vertex -40.1387 -38.0461 2.46416
      vertex -40.4731 -37.8457 2.46293
    endloop
  endfacet
  facet normal 0.941547 -0.336881 0
    outer loop
      vertex -37.5772 -45.9392 10
      vertex -37.3656 -45.3478 0
      vertex -37.3656 -45.3478 10
    endloop
  endfacet
  facet normal 0.941547 -0.336881 0
    outer loop
      vertex -37.3656 -45.3478 0
      vertex -37.5772 -45.9392 10
      vertex -37.5772 -45.9392 0
    endloop
  endfacet
  facet normal -0.857718 0.514121 0
    outer loop
      vertex -49.1343 -40.4731 0
      vertex -48.8114 -39.9344 10
      vertex -48.8114 -39.9344 0
    endloop
  endfacet
  facet normal -0.857718 0.514121 0
    outer loop
      vertex -48.8114 -39.9344 10
      vertex -49.1343 -40.4731 0
      vertex -49.1343 -40.4731 10
    endloop
  endfacet
  facet normal -0.97003 -0.242985 0
    outer loop
      vertex -49.6144 -45.3478 0
      vertex -49.767 -44.7386 10
      vertex -49.767 -44.7386 0
    endloop
  endfacet
  facet normal -0.97003 -0.242985 0
    outer loop
      vertex -49.767 -44.7386 10
      vertex -49.6144 -45.3478 0
      vertex -49.6144 -45.3478 10
    endloop
  endfacet
  facet normal 0.0487226 0.998812 0
    outer loop
      vertex -42.9078 -37.1186 2.44844
      vertex -42.8627 -37.1208 10
      vertex -42.8627 -37.1208 2.44865
    endloop
  endfacet
  facet normal 0.0490402 0.998797 -1.90183e-06
    outer loop
      vertex -42.8627 -37.1208 10
      vertex -42.9078 -37.1186 2.44844
      vertex -43.49 -37.09 10
    endloop
  endfacet
  facet normal 0.0490514 0.998796 -1.03978e-06
    outer loop
      vertex -43.3069 -37.099 2.44432
      vertex -43.49 -37.09 10
      vertex -42.9078 -37.1186 2.44844
    endloop
  endfacet
  facet normal 0.0490942 0.998794 0
    outer loop
      vertex -43.49 -37.09 10
      vertex -43.3069 -37.099 2.44432
      vertex -43.49 -37.09 2.44108
    endloop
  endfacet
  facet normal 0.857641 0.514249 0
    outer loop
      vertex -38.1686 -39.9344 10
      vertex -38.0461 -40.1387 2.46416
      vertex -38.1686 -39.9344 2.46416
    endloop
  endfacet
  facet normal 0.857718 0.514121 4.7074e-06
    outer loop
      vertex -37.8457 -40.4731 10
      vertex -38.0461 -40.1387 2.46416
      vertex -38.1686 -39.9344 10
    endloop
  endfacet
  facet normal 0.857764 0.514043 0
    outer loop
      vertex -38.0461 -40.1387 2.46416
      vertex -37.8457 -40.4731 10
      vertex -37.8457 -40.4731 2.46293
    endloop
  endfacet
  facet normal -0.941547 -0.336881 0
    outer loop
      vertex -49.4028 -45.9392 0
      vertex -49.6144 -45.3478 10
      vertex -49.6144 -45.3478 0
    endloop
  endfacet
  facet normal -0.941547 -0.336881 0
    outer loop
      vertex -49.6144 -45.3478 10
      vertex -49.4028 -45.9392 0
      vertex -49.4028 -45.9392 10
    endloop
  endfacet
  facet normal -0.671547 0.740962 0
    outer loop
      vertex -47.5501 -38.5427 0
      vertex -48.0155 -38.9645 10
      vertex -47.5501 -38.5427 10
    endloop
  endfacet
  facet normal -0.671547 0.740962 0
    outer loop
      vertex -48.0155 -38.9645 10
      vertex -47.5501 -38.5427 0
      vertex -48.0155 -38.9645 0
    endloop
  endfacet
  facet normal 0.97003 -0.242985 0
    outer loop
      vertex -37.3656 -45.3478 10
      vertex -37.213 -44.7386 0
      vertex -37.213 -44.7386 10
    endloop
  endfacet
  facet normal 0.97003 -0.242985 0
    outer loop
      vertex -37.213 -44.7386 0
      vertex -37.3656 -45.3478 10
      vertex -37.3656 -45.3478 0
    endloop
  endfacet
  facet normal 0 0 -1
    outer loop
      vertex -39.7791 -47.2009 0
      vertex -37.213 -44.7386 0
      vertex -37.3656 -45.3478 0
    endloop
  endfacet
  facet normal 0 0 -1
    outer loop
      vertex -39.7791 -47.2009 0
      vertex -37.3656 -45.3478 0
      vertex -37.5772 -45.9392 0
    endloop
  endfacet
  facet normal 0 0 -1
    outer loop
      vertex -39.7791 -47.2009 0
      vertex -37.5772 -45.9392 0
      vertex -37.8457 -46.5069 0
    endloop
  endfacet
  facet normal 0 0 -1
    outer loop
      vertex -39.7791 -47.2009 0
      vertex -37.8457 -46.5069 0
      vertex -38.1686 -47.0457 0
    endloop
  endfacet
  facet normal 0 0 -1
    outer loop
      vertex -39.7791 -47.2009 0
      vertex -38.1686 -47.0457 0
      vertex -38.5427 -47.5501 0
    endloop
  endfacet
  facet normal 0 0 -1
    outer loop
      vertex -39.7791 -47.2009 0
      vertex -38.5427 -47.5501 0
      vertex -38.9645 -48.0155 0
    endloop
  endfacet
  facet normal 0 0 -1
    outer loop
      vertex -39.7791 -47.2009 0
      vertex -38.9645 -48.0155 0
      vertex -39.4299 -48.4373 0
    endloop
  endfacet
  facet normal -0 0 -1
    outer loop
      vertex -37.213 -44.7386 0
      vertex -39.7791 -47.2009 0
      vertex -37.1884 -44.573 0
    endloop
  endfacet
  facet normal 0 0 -1
    outer loop
      vertex -40.1607 -47.5468 0
      vertex -39.4299 -48.4373 0
      vertex -39.9344 -48.8114 0
    endloop
  endfacet
  facet normal 0 0 -1
    outer loop
      vertex -39.4299 -48.4373 0
      vertex -40.1607 -47.5468 0
      vertex -39.7791 -47.2009 0
    endloop
  endfacet
  facet normal 0 0 -1
    outer loop
      vertex -40.5744 -47.8536 0
      vertex -39.9344 -48.8114 0
      vertex -40.4731 -49.1343 0
    endloop
  endfacet
  facet normal 0 0 -1
    outer loop
      vertex -39.9344 -48.8114 0
      vertex -40.5744 -47.8536 0
      vertex -40.1607 -47.5468 0
    endloop
  endfacet
  facet normal 0 0 -1
    outer loop
      vertex -40.4731 -49.1343 0
      vertex -41.0161 -48.1183 0
      vertex -40.5744 -47.8536 0
    endloop
  endfacet
  facet normal 0 0 -1
    outer loop
      vertex -41.0408 -49.4028 0
      vertex -41.0161 -48.1183 0
      vertex -40.4731 -49.1343 0
    endloop
  endfacet
  facet normal 0 0 -1
    outer loop
      vertex -41.0408 -49.4028 0
      vertex -41.4817 -48.3385 0
      vertex -41.0161 -48.1183 0
    endloop
  endfacet
  facet normal 0 0 -1
    outer loop
      vertex -41.6322 -49.6144 0
      vertex -41.4817 -48.3385 0
      vertex -41.0408 -49.4028 0
    endloop
  endfacet
  facet normal 0 0 -1
    outer loop
      vertex -41.6322 -49.6144 0
      vertex -41.9666 -48.512 0
      vertex -41.4817 -48.3385 0
    endloop
  endfacet
  facet normal 0 0 -1
    outer loop
      vertex -42.2414 -49.767 0
      vertex -41.9666 -48.512 0
      vertex -41.6322 -49.6144 0
    endloop
  endfacet
  facet normal 0 0 -1
    outer loop
      vertex -42.2414 -49.767 0
      vertex -42.4662 -48.6372 0
      vertex -41.9666 -48.512 0
    endloop
  endfacet
  facet normal 0 0 -1
    outer loop
      vertex -42.8627 -49.8592 0
      vertex -42.4662 -48.6372 0
      vertex -42.2414 -49.767 0
    endloop
  endfacet
  facet normal 0 0 -1
    outer loop
      vertex -42.8627 -49.8592 0
      vertex -42.9756 -48.7127 0
      vertex -42.4662 -48.6372 0
    endloop
  endfacet
  facet normal 0 0 -1
    outer loop
      vertex -42.8627 -49.8592 0
      vertex -43.49 -48.738 0
      vertex -42.9756 -48.7127 0
    endloop
  endfacet
  facet normal 0 0 -1
    outer loop
      vertex -43.49 -49.89 0
      vertex -43.49 -48.738 0
      vertex -42.8627 -49.8592 0
    endloop
  endfacet
  facet normal 0 0 -1
    outer loop
      vertex -43.49 -49.89 0
      vertex -44.0044 -48.7127 0
      vertex -43.49 -48.738 0
    endloop
  endfacet
  facet normal 0 0 -1
    outer loop
      vertex -44.1173 -49.8592 0
      vertex -44.0044 -48.7127 0
      vertex -43.49 -49.89 0
    endloop
  endfacet
  facet normal 0 0 -1
    outer loop
      vertex -44.1173 -49.8592 0
      vertex -44.5138 -48.6372 0
      vertex -44.0044 -48.7127 0
    endloop
  endfacet
  facet normal 0 0 -1
    outer loop
      vertex -44.7386 -49.767 0
      vertex -44.5138 -48.6372 0
      vertex -44.1173 -49.8592 0
    endloop
  endfacet
  facet normal 0 0 -1
    outer loop
      vertex -44.7386 -49.767 0
      vertex -45.0134 -48.512 0
      vertex -44.5138 -48.6372 0
    endloop
  endfacet
  facet normal 0 0 -1
    outer loop
      vertex -45.3478 -49.6144 0
      vertex -45.0134 -48.512 0
      vertex -44.7386 -49.767 0
    endloop
  endfacet
  facet normal 0 0 -1
    outer loop
      vertex -45.3478 -49.6144 0
      vertex -45.4983 -48.3385 0
      vertex -45.0134 -48.512 0
    endloop
  endfacet
  facet normal 0 0 -1
    outer loop
      vertex -45.9392 -49.4028 0
      vertex -45.4983 -48.3385 0
      vertex -45.3478 -49.6144 0
    endloop
  endfacet
  facet normal 0 0 -1
    outer loop
      vertex -45.9392 -49.4028 0
      vertex -45.9639 -48.1183 0
      vertex -45.4983 -48.3385 0
    endloop
  endfacet
  facet normal 0 0 -1
    outer loop
      vertex -46.5069 -49.1343 0
      vertex -45.9639 -48.1183 0
      vertex -45.9392 -49.4028 0
    endloop
  endfacet
  facet normal -0 0 -1
    outer loop
      vertex -45.9639 -48.1183 0
      vertex -46.5069 -49.1343 0
      vertex -46.4056 -47.8536 0
    endloop
  endfacet
  facet normal 0 0 -1
    outer loop
      vertex -47.0457 -48.8114 0
      vertex -46.4056 -47.8536 0
      vertex -46.5069 -49.1343 0
    endloop
  endfacet
  facet normal -0 0 -1
    outer loop
      vertex -46.4056 -47.8536 0
      vertex -47.0457 -48.8114 0
      vertex -46.8193 -47.5468 0
    endloop
  endfacet
  facet normal 0 0 -1
    outer loop
      vertex -47.5501 -48.4373 0
      vertex -46.8193 -47.5468 0
      vertex -47.0457 -48.8114 0
    endloop
  endfacet
  facet normal -0 0 -1
    outer loop
      vertex -46.8193 -47.5468 0
      vertex -47.5501 -48.4373 0
      vertex -47.2009 -47.2009 0
    endloop
  endfacet
  facet normal 0 0 -1
    outer loop
      vertex -48.0155 -48.0155 0
      vertex -47.2009 -47.2009 0
      vertex -47.5501 -48.4373 0
    endloop
  endfacet
  facet normal -0 0 -1
    outer loop
      vertex -47.2009 -47.2009 0
      vertex -48.0155 -48.0155 0
      vertex -47.5468 -46.8193 0
    endloop
  endfacet
  facet normal 0 0 -1
    outer loop
      vertex -48.4373 -47.5501 0
      vertex -47.5468 -46.8193 0
      vertex -48.0155 -48.0155 0
    endloop
  endfacet
  facet normal -0 0 -1
    outer loop
      vertex -47.5468 -46.8193 0
      vertex -48.4373 -47.5501 0
      vertex -47.8536 -46.4056 0
    endloop
  endfacet
  facet normal 0 0 -1
    outer loop
      vertex -48.8114 -47.0457 0
      vertex -47.8536 -46.4056 0
      vertex -48.4373 -47.5501 0
    endloop
  endfacet
  facet normal -0 0 -1
    outer loop
      vertex -47.8536 -46.4056 0
      vertex -48.8114 -47.0457 0
      vertex -48.1183 -45.9639 0
    endloop
  endfacet
  facet normal 0 0 -1
    outer loop
      vertex -49.1343 -46.5069 0
      vertex -48.1183 -45.9639 0
      vertex -48.8114 -47.0457 0
    endloop
  endfacet
  facet normal -0 0 -1
    outer loop
      vertex -48.1183 -45.9639 0
      vertex -49.1343 -46.5069 0
      vertex -48.3385 -45.4983 0
    endloop
  endfacet
  facet normal 0 0 -1
    outer loop
      vertex -49.4028 -45.9392 0
      vertex -48.3385 -45.4983 0
      vertex -49.1343 -46.5069 0
    endloop
  endfacet
  facet normal 0 0 -1
    outer loop
      vertex -49.6144 -45.3478 0
      vertex -48.512 -45.0134 0
      vertex -49.4028 -45.9392 0
    endloop
  endfacet
  facet normal -0 0 -1
    outer loop
      vertex -48.3385 -45.4983 0
      vertex -49.4028 -45.9392 0
      vertex -48.512 -45.0134 0
    endloop
  endfacet
  facet normal 0 0 -1
    outer loop
      vertex -47.2009 -39.7791 0
      vertex -44.7386 -37.213 0
      vertex -44.573 -37.1884 0
    endloop
  endfacet
  facet normal 0 0 -1
    outer loop
      vertex -44.7386 -37.213 0
      vertex -47.2009 -39.7791 0
      vertex -45.3478 -37.3656 0
    endloop
  endfacet
  facet normal 0 0 -1
    outer loop
      vertex -45.3478 -37.3656 0
      vertex -47.2009 -39.7791 0
      vertex -45.9392 -37.5772 0
    endloop
  endfacet
  facet normal 0 0 -1
    outer loop
      vertex -45.9392 -37.5772 0
      vertex -47.2009 -39.7791 0
      vertex -46.5069 -37.8457 0
    endloop
  endfacet
  facet normal 0 0 -1
    outer loop
      vertex -46.5069 -37.8457 0
      vertex -47.2009 -39.7791 0
      vertex -47.0457 -38.1686 0
    endloop
  endfacet
  facet normal 0 0 -1
    outer loop
      vertex -48.0155 -38.9645 0
      vertex -47.2009 -39.7791 0
      vertex -47.5468 -40.1607 0
    endloop
  endfacet
  facet normal 0 0 -1
    outer loop
      vertex -47.2009 -39.7791 0
      vertex -47.5501 -38.5427 0
      vertex -47.0457 -38.1686 0
    endloop
  endfacet
  facet normal 0 0 -1
    outer loop
      vertex -48.4373 -39.4299 0
      vertex -47.5468 -40.1607 0
      vertex -47.8536 -40.5744 0
    endloop
  endfacet
  facet normal 0 0 -1
    outer loop
      vertex -47.2009 -39.7791 0
      vertex -48.0155 -38.9645 0
      vertex -47.5501 -38.5427 0
    endloop
  endfacet
  facet normal 0 0 -1
    outer loop
      vertex -48.8114 -39.9344 0
      vertex -47.8536 -40.5744 0
      vertex -48.1183 -41.0161 0
    endloop
  endfacet
  facet normal 0 0 -1
    outer loop
      vertex -49.1343 -40.4731 0
      vertex -48.1183 -41.0161 0
      vertex -48.3385 -41.4817 0
    endloop
  endfacet
  facet normal 0 0 -1
    outer loop
      vertex -47.5468 -40.1607 0
      vertex -48.4373 -39.4299 0
      vertex -48.0155 -38.9645 0
    endloop
  endfacet
  facet normal 0 0 -1
    outer loop
      vertex -49.4028 -41.0408 0
      vertex -48.3385 -41.4817 0
      vertex -48.512 -41.9666 0
    endloop
  endfacet
  facet normal 0 0 -1
    outer loop
      vertex -49.6144 -41.6322 0
      vertex -48.512 -41.9666 0
      vertex -48.6372 -42.4662 0
    endloop
  endfacet
  facet normal 0 0 -1
    outer loop
      vertex -49.767 -42.2414 0
      vertex -48.6372 -42.4662 0
      vertex -48.7127 -42.9756 0
    endloop
  endfacet
  facet normal 0 0 -1
    outer loop
      vertex -47.8536 -40.5744 0
      vertex -48.8114 -39.9344 0
      vertex -48.4373 -39.4299 0
    endloop
  endfacet
  facet normal 0 0 -1
    outer loop
      vertex -49.8592 -42.8627 0
      vertex -48.7127 -42.9756 0
      vertex -48.738 -43.49 0
    endloop
  endfacet
  facet normal -0 0 -1
    outer loop
      vertex -48.512 -45.0134 0
      vertex -49.6144 -45.3478 0
      vertex -48.6372 -44.5138 0
    endloop
  endfacet
  facet normal 0 0 -1
    outer loop
      vertex -49.767 -44.7386 0
      vertex -48.6372 -44.5138 0
      vertex -49.6144 -45.3478 0
    endloop
  endfacet
  facet normal 0 0 -1
    outer loop
      vertex -48.1183 -41.0161 0
      vertex -49.1343 -40.4731 0
      vertex -48.8114 -39.9344 0
    endloop
  endfacet
  facet normal -0 0 -1
    outer loop
      vertex -48.6372 -44.5138 0
      vertex -49.767 -44.7386 0
      vertex -48.7127 -44.0044 0
    endloop
  endfacet
  facet normal 0 0 -1
    outer loop
      vertex -48.3385 -41.4817 0
      vertex -49.4028 -41.0408 0
      vertex -49.1343 -40.4731 0
    endloop
  endfacet
  facet normal 0 0 -1
    outer loop
      vertex -49.8592 -44.1173 0
      vertex -48.7127 -44.0044 0
      vertex -49.767 -44.7386 0
    endloop
  endfacet
  facet normal 0 0 -1
    outer loop
      vertex -48.512 -41.9666 0
      vertex -49.6144 -41.6322 0
      vertex -49.4028 -41.0408 0
    endloop
  endfacet
  facet normal -0 0 -1
    outer loop
      vertex -48.7127 -44.0044 0
      vertex -49.8592 -44.1173 0
      vertex -48.738 -43.49 0
    endloop
  endfacet
  facet normal 0 0 -1
    outer loop
      vertex -48.6372 -42.4662 0
      vertex -49.767 -42.2414 0
      vertex -49.6144 -41.6322 0
    endloop
  endfacet
  facet normal 0 0 -1
    outer loop
      vertex -49.89 -43.49 0
      vertex -48.738 -43.49 0
      vertex -49.8592 -44.1173 0
    endloop
  endfacet
  facet normal 0 0 -1
    outer loop
      vertex -48.7127 -42.9756 0
      vertex -49.8592 -42.8627 0
      vertex -49.767 -42.2414 0
    endloop
  endfacet
  facet normal 0 0 -1
    outer loop
      vertex -48.738 -43.49 0
      vertex -49.89 -43.49 0
      vertex -49.8592 -42.8627 0
    endloop
  endfacet
  facet normal -0.514051 0.85776 0
    outer loop
      vertex -46.5069 -37.8457 0
      vertex -47.0457 -38.1686 10
      vertex -46.5069 -37.8457 10
    endloop
  endfacet
  facet normal -0.514051 0.85776 0
    outer loop
      vertex -47.0457 -38.1686 10
      vertex -46.5069 -37.8457 0
      vertex -47.0457 -38.1686 0
    endloop
  endfacet
  facet normal -0.998797 -0.0490402 0
    outer loop
      vertex -49.8592 -44.1173 0
      vertex -49.89 -43.49 10
      vertex -49.89 -43.49 0
    endloop
  endfacet
  facet normal -0.998797 -0.0490402 0
    outer loop
      vertex -49.89 -43.49 10
      vertex -49.8592 -44.1173 0
      vertex -49.8592 -44.1173 10
    endloop
  endfacet
  facet normal -0.97003 0.242985 0
    outer loop
      vertex -49.767 -42.2414 0
      vertex -49.6144 -41.6322 10
      vertex -49.6144 -41.6322 0
    endloop
  endfacet
  facet normal -0.97003 0.242985 0
    outer loop
      vertex -49.6144 -41.6322 10
      vertex -49.767 -42.2414 0
      vertex -49.767 -42.2414 10
    endloop
  endfacet
  facet normal 0.427552 -0.903991 0
    outer loop
      vertex -41.0408 -49.4028 0
      vertex -40.4731 -49.1343 10
      vertex -41.0408 -49.4028 10
    endloop
  endfacet
  facet normal 0.427552 -0.903991 0
    outer loop
      vertex -40.4731 -49.1343 10
      vertex -41.0408 -49.4028 0
      vertex -40.4731 -49.1343 0
    endloop
  endfacet
  facet normal -0.336881 -0.941547 0
    outer loop
      vertex -45.9392 -49.4028 0
      vertex -45.3478 -49.6144 10
      vertex -45.9392 -49.4028 10
    endloop
  endfacet
  facet normal -0.336881 -0.941547 -0
    outer loop
      vertex -45.3478 -49.6144 10
      vertex -45.9392 -49.4028 0
      vertex -45.3478 -49.6144 0
    endloop
  endfacet
  facet normal -0.336881 0.941547 0
    outer loop
      vertex -45.3478 -37.3656 0
      vertex -45.9392 -37.5772 10
      vertex -45.3478 -37.3656 10
    endloop
  endfacet
  facet normal -0.336881 0.941547 0
    outer loop
      vertex -45.9392 -37.5772 10
      vertex -45.3478 -37.3656 0
      vertex -45.9392 -37.5772 0
    endloop
  endfacet
  facet normal 0.514121 -0.857718 0
    outer loop
      vertex -40.4731 -49.1343 0
      vertex -39.9344 -48.8114 10
      vertex -40.4731 -49.1343 10
    endloop
  endfacet
  facet normal 0.514121 -0.857718 0
    outer loop
      vertex -39.9344 -48.8114 10
      vertex -40.4731 -49.1343 0
      vertex -39.9344 -48.8114 0
    endloop
  endfacet
  facet normal 0.146791 -0.989168 0
    outer loop
      vertex -42.8627 -49.8592 0
      vertex -42.2414 -49.767 10
      vertex -42.8627 -49.8592 10
    endloop
  endfacet
  facet normal 0.146791 -0.989168 0
    outer loop
      vertex -42.2414 -49.767 10
      vertex -42.8627 -49.8592 0
      vertex -42.2414 -49.767 0
    endloop
  endfacet
  facet normal 0.740962 -0.671547 0
    outer loop
      vertex -38.9645 -48.0155 10
      vertex -38.5427 -47.5501 0
      vertex -38.5427 -47.5501 10
    endloop
  endfacet
  facet normal 0.740962 -0.671547 0
    outer loop
      vertex -38.5427 -47.5501 0
      vertex -38.9645 -48.0155 10
      vertex -38.9645 -48.0155 0
    endloop
  endfacet
  facet normal 0.803199 -0.595711 0
    outer loop
      vertex -38.5427 -47.5501 10
      vertex -38.1686 -47.0457 0
      vertex -38.1686 -47.0457 10
    endloop
  endfacet
  facet normal 0.803199 -0.595711 0
    outer loop
      vertex -38.1686 -47.0457 0
      vertex -38.5427 -47.5501 10
      vertex -38.5427 -47.5501 0
    endloop
  endfacet
  facet normal -0.427552 0.903991 0
    outer loop
      vertex -45.9392 -37.5772 0
      vertex -46.5069 -37.8457 10
      vertex -45.9392 -37.5772 10
    endloop
  endfacet
  facet normal -0.427552 0.903991 0
    outer loop
      vertex -46.5069 -37.8457 10
      vertex -45.9392 -37.5772 0
      vertex -46.5069 -37.8457 0
    endloop
  endfacet
  facet normal -0.595711 0.803199 0
    outer loop
      vertex -47.0457 -38.1686 0
      vertex -47.5501 -38.5427 10
      vertex -47.0457 -38.1686 10
    endloop
  endfacet
  facet normal -0.595711 0.803199 0
    outer loop
      vertex -47.5501 -38.5427 10
      vertex -47.0457 -38.1686 0
      vertex -47.5501 -38.5427 0
    endloop
  endfacet
  facet normal -0.989168 0.146791 0
    outer loop
      vertex -49.8592 -42.8627 0
      vertex -49.767 -42.2414 10
      vertex -49.767 -42.2414 0
    endloop
  endfacet
  facet normal -0.989168 0.146791 0
    outer loop
      vertex -49.767 -42.2414 10
      vertex -49.8592 -42.8627 0
      vertex -49.8592 -42.8627 10
    endloop
  endfacet
  facet normal -0.242985 -0.97003 0
    outer loop
      vertex -45.3478 -49.6144 0
      vertex -44.7386 -49.767 10
      vertex -45.3478 -49.6144 10
    endloop
  endfacet
  facet normal -0.242985 -0.97003 -0
    outer loop
      vertex -44.7386 -49.767 10
      vertex -45.3478 -49.6144 0
      vertex -44.7386 -49.767 0
    endloop
  endfacet
  facet normal 0.969989 0.243147 0
    outer loop
      vertex -37.3656 -41.6322 10
      vertex -37.3095 -41.856 2.45701
      vertex -37.3656 -41.6322 2.45789
    endloop
  endfacet
  facet normal 0.97003 0.242985 5.11699e-06
    outer loop
      vertex -37.213 -42.2414 10
      vertex -37.3095 -41.856 2.45701
      vertex -37.3656 -41.6322 10
    endloop
  endfacet
  facet normal 0.970054 0.242891 0
    outer loop
      vertex -37.3095 -41.856 2.45701
      vertex -37.213 -42.2414 10
      vertex -37.213 -42.2414 2.45372
    endloop
  endfacet
  facet normal 0.803152 0.595774 0
    outer loop
      vertex -38.5427 -39.4299 10
      vertex -38.3212 -39.7285 2.46494
      vertex -38.5427 -39.4299 2.46494
    endloop
  endfacet
  facet normal 0.803255 0.595635 8.55566e-06
    outer loop
      vertex -38.1686 -39.9344 10
      vertex -38.3212 -39.7285 2.46494
      vertex -38.5427 -39.4299 10
    endloop
  endfacet
  facet normal 0.803405 0.595433 0
    outer loop
      vertex -38.3212 -39.7285 2.46494
      vertex -38.1686 -39.9344 10
      vertex -38.1686 -39.9344 2.46416
    endloop
  endfacet
  facet normal -0.803199 -0.595711 0
    outer loop
      vertex -48.4373 -47.5501 0
      vertex -48.8114 -47.0457 10
      vertex -48.8114 -47.0457 0
    endloop
  endfacet
  facet normal -0.803199 -0.595711 0
    outer loop
      vertex -48.8114 -47.0457 10
      vertex -48.4373 -47.5501 0
      vertex -48.4373 -47.5501 10
    endloop
  endfacet
  facet normal -0.903991 -0.427552 0
    outer loop
      vertex -49.1343 -46.5069 0
      vertex -49.4028 -45.9392 10
      vertex -49.4028 -45.9392 0
    endloop
  endfacet
  facet normal -0.903991 -0.427552 0
    outer loop
      vertex -49.4028 -45.9392 10
      vertex -49.1343 -46.5069 0
      vertex -49.1343 -46.5069 10
    endloop
  endfacet
  facet normal 0.145888 0.989301 0
    outer loop
      vertex -42.2631 -37.2098 2.45363
      vertex -42.2414 -37.213 10
      vertex -42.2414 -37.213 2.45372
    endloop
  endfacet
  facet normal 0.147068 0.989126 -3.46661e-06
    outer loop
      vertex -42.4911 -37.1759 2.45211
      vertex -42.2414 -37.213 10
      vertex -42.2631 -37.2098 2.45363
    endloop
  endfacet
  facet normal 0.146791 0.989168 5.8829e-06
    outer loop
      vertex -42.2414 -37.213 10
      vertex -42.4911 -37.1759 2.45211
      vertex -42.8627 -37.1208 10
    endloop
  endfacet
  facet normal 0.146674 0.989185 0
    outer loop
      vertex -42.8627 -37.1208 10
      vertex -42.4911 -37.1759 2.45211
      vertex -42.8627 -37.1208 2.44865
    endloop
  endfacet
  facet normal -0.0492877 0.998785 0
    outer loop
      vertex -43.6663 -37.0987 2.43898
      vertex -43.49 -37.09 10
      vertex -43.49 -37.09 2.44108
    endloop
  endfacet
  facet normal -0.0490402 0.998797 -5.78469e-06
    outer loop
      vertex -43.49 -37.09 10
      vertex -43.6663 -37.0987 2.43898
      vertex -44.1173 -37.1208 10
    endloop
  endfacet
  facet normal -0.0489327 0.998802 6.46352e-07
    outer loop
      vertex -43.9786 -37.114 2.43235
      vertex -44.1173 -37.1208 10
      vertex -43.6663 -37.0987 2.43898
    endloop
  endfacet
  facet normal -0.0489679 0.9988 0
    outer loop
      vertex -44.1173 -37.1208 10
      vertex -43.9786 -37.114 2.43235
      vertex -44.1173 -37.1208 2.42743
    endloop
  endfacet
  facet normal -0.427552 -0.903991 0
    outer loop
      vertex -46.5069 -49.1343 0
      vertex -45.9392 -49.4028 10
      vertex -46.5069 -49.1343 10
    endloop
  endfacet
  facet normal -0.427552 -0.903991 -0
    outer loop
      vertex -45.9392 -49.4028 10
      vertex -46.5069 -49.1343 0
      vertex -45.9392 -49.4028 0
    endloop
  endfacet
  facet normal 0.595635 -0.803255 0
    outer loop
      vertex -39.9344 -48.8114 0
      vertex -39.4299 -48.4373 10
      vertex -39.9344 -48.8114 10
    endloop
  endfacet
  facet normal 0.595635 -0.803255 0
    outer loop
      vertex -39.4299 -48.4373 10
      vertex -39.9344 -48.8114 0
      vertex -39.4299 -48.4373 0
    endloop
  endfacet
  facet normal 0.998785 -0.0492877 0
    outer loop
      vertex -37.09 -43.49 4
      vertex -37.0987 -43.6663 2.43898
      vertex -37.09 -43.49 2.44108
    endloop
  endfacet
  facet normal 0.998797 -0.0490402 -2.8019e-05
    outer loop
      vertex -37.1208 -44.1173 4
      vertex -37.0987 -43.6663 2.43898
      vertex -37.09 -43.49 4
    endloop
  endfacet
  facet normal 0.998802 -0.0489327 3.11555e-06
    outer loop
      vertex -37.0987 -43.6663 2.43898
      vertex -37.1208 -44.1173 4
      vertex -37.114 -43.9786 2.43235
    endloop
  endfacet
  facet normal 0.9988 -0.0489679 0
    outer loop
      vertex -37.114 -43.9786 2.43235
      vertex -37.1208 -44.1173 4
      vertex -37.1208 -44.1173 2.42743
    endloop
  endfacet
  facet normal -0.147223 0.989103 0
    outer loop
      vertex -44.2342 -37.1382 2.42426
      vertex -44.1173 -37.1208 10
      vertex -44.1173 -37.1208 2.42743
    endloop
  endfacet
  facet normal -0.146791 0.989168 -6.81749e-06
    outer loop
      vertex -44.1173 -37.1208 10
      vertex -44.2342 -37.1382 2.42426
      vertex -44.7386 -37.213 10
    endloop
  endfacet
  facet normal -0.146308 0.989239 2.60433e-05
    outer loop
      vertex -44.4269 -37.1667 2.41468
      vertex -44.7386 -37.213 10
      vertex -44.2342 -37.1382 2.42426
    endloop
  endfacet
  facet normal -0.147437 0.989071 -2.13718e-05
    outer loop
      vertex -44.5396 -37.1835 2.40308
      vertex -44.7386 -37.213 10
      vertex -44.4269 -37.1667 2.41468
    endloop
  endfacet
  facet normal -0.145168 0.989407 3.93605e-05
    outer loop
      vertex -44.573 -37.1884 2.38971
      vertex -44.7386 -37.213 10
      vertex -44.5396 -37.1835 2.40308
    endloop
  endfacet
  facet normal -0.146938 0.989146 0
    outer loop
      vertex -44.7386 -37.213 0
      vertex -44.573 -37.1884 2.38971
      vertex -44.573 -37.1884 0
    endloop
  endfacet
  facet normal -0.146938 0.989146 0
    outer loop
      vertex -44.573 -37.1884 2.38971
      vertex -44.7386 -37.213 0
      vertex -44.7386 -37.213 10
    endloop
  endfacet
  facet normal -0.989168 -0.146791 0
    outer loop
      vertex -49.767 -44.7386 0
      vertex -49.8592 -44.1173 10
      vertex -49.8592 -44.1173 0
    endloop
  endfacet
  facet normal -0.989168 -0.146791 0
    outer loop
      vertex -49.8592 -44.1173 10
      vertex -49.767 -44.7386 0
      vertex -49.767 -44.7386 10
    endloop
  endfacet
  facet normal 0.336881 -0.941547 0
    outer loop
      vertex -41.6322 -49.6144 0
      vertex -41.0408 -49.4028 10
      vertex -41.6322 -49.6144 10
    endloop
  endfacet
  facet normal 0.336881 -0.941547 0
    outer loop
      vertex -41.0408 -49.4028 10
      vertex -41.6322 -49.6144 0
      vertex -41.0408 -49.4028 0
    endloop
  endfacet
  facet normal 0.242985 -0.97003 0
    outer loop
      vertex -42.2414 -49.767 0
      vertex -41.6322 -49.6144 10
      vertex -42.2414 -49.767 10
    endloop
  endfacet
  facet normal 0.242985 -0.97003 0
    outer loop
      vertex -41.6322 -49.6144 10
      vertex -42.2414 -49.767 0
      vertex -41.6322 -49.6144 0
    endloop
  endfacet
  facet normal -0.903991 0.427552 0
    outer loop
      vertex -49.4028 -41.0408 0
      vertex -49.1343 -40.4731 10
      vertex -49.1343 -40.4731 0
    endloop
  endfacet
  facet normal -0.903991 0.427552 0
    outer loop
      vertex -49.1343 -40.4731 10
      vertex -49.4028 -41.0408 0
      vertex -49.4028 -41.0408 10
    endloop
  endfacet
  facet normal -0.740962 -0.671547 0
    outer loop
      vertex -48.0155 -48.0155 0
      vertex -48.4373 -47.5501 10
      vertex -48.4373 -47.5501 0
    endloop
  endfacet
  facet normal -0.740962 -0.671547 0
    outer loop
      vertex -48.4373 -47.5501 10
      vertex -48.0155 -48.0155 0
      vertex -48.0155 -48.0155 10
    endloop
  endfacet
  facet normal -0.595711 -0.803199 0
    outer loop
      vertex -47.5501 -48.4373 0
      vertex -47.0457 -48.8114 10
      vertex -47.5501 -48.4373 10
    endloop
  endfacet
  facet normal -0.595711 -0.803199 -0
    outer loop
      vertex -47.0457 -48.8114 10
      vertex -47.5501 -48.4373 0
      vertex -47.0457 -48.8114 0
    endloop
  endfacet
  facet normal 0.903991 -0.427552 0
    outer loop
      vertex -37.8457 -46.5069 10
      vertex -37.5772 -45.9392 0
      vertex -37.5772 -45.9392 10
    endloop
  endfacet
  facet normal 0.903991 -0.427552 0
    outer loop
      vertex -37.5772 -45.9392 0
      vertex -37.8457 -46.5069 10
      vertex -37.8457 -46.5069 0
    endloop
  endfacet
  facet normal 0.85776 -0.514051 0
    outer loop
      vertex -38.1686 -47.0457 10
      vertex -37.8457 -46.5069 0
      vertex -37.8457 -46.5069 10
    endloop
  endfacet
  facet normal 0.85776 -0.514051 0
    outer loop
      vertex -37.8457 -46.5069 0
      vertex -38.1686 -47.0457 10
      vertex -38.1686 -47.0457 0
    endloop
  endfacet
  facet normal -0.0490402 -0.998797 0
    outer loop
      vertex -44.1173 -49.8592 0
      vertex -43.49 -49.89 10
      vertex -44.1173 -49.8592 10
    endloop
  endfacet
  facet normal -0.0490402 -0.998797 -0
    outer loop
      vertex -43.49 -49.89 10
      vertex -44.1173 -49.8592 0
      vertex -43.49 -49.89 0
    endloop
  endfacet
  facet normal 0 0 1
    outer loop
      vertex -39.2481 -42.6462 10
      vertex -37.213 -42.2414 10
      vertex -37.3656 -41.6322 10
    endloop
  endfacet
  facet normal 0 0 1
    outer loop
      vertex -39.3512 -42.2345 10
      vertex -37.3656 -41.6322 10
      vertex -37.5772 -41.0408 10
    endloop
  endfacet
  facet normal 0 0 1
    outer loop
      vertex -39.4942 -41.8349 10
      vertex -37.5772 -41.0408 10
      vertex -37.8457 -40.4731 10
    endloop
  endfacet
  facet normal 0 0 1
    outer loop
      vertex -39.6757 -41.4512 10
      vertex -37.8457 -40.4731 10
      vertex -38.1686 -39.9344 10
    endloop
  endfacet
  facet normal 0 0 1
    outer loop
      vertex -39.8939 -41.0872 10
      vertex -38.1686 -39.9344 10
      vertex -38.5427 -39.4299 10
    endloop
  endfacet
  facet normal 0 0 1
    outer loop
      vertex -40.1467 -40.7463 10
      vertex -38.5427 -39.4299 10
      vertex -38.9645 -38.9645 10
    endloop
  endfacet
  facet normal 0 0 1
    outer loop
      vertex -37.8457 -40.4731 10
      vertex -39.6757 -41.4512 10
      vertex -39.4942 -41.8349 10
    endloop
  endfacet
  facet normal 0 0 1
    outer loop
      vertex -37.213 -42.2414 10
      vertex -39.2416 -42.69 10
      vertex -37.1464 -42.69 10
    endloop
  endfacet
  facet normal 0 -0 1
    outer loop
      vertex -39.2416 -42.69 10
      vertex -37.213 -42.2414 10
      vertex -39.2481 -42.6462 10
    endloop
  endfacet
  facet normal 0 0 1
    outer loop
      vertex -40.4318 -40.4318 10
      vertex -38.9645 -38.9645 10
      vertex -39.4299 -38.5427 10
    endloop
  endfacet
  facet normal 0 -0 1
    outer loop
      vertex -39.2481 -42.6462 10
      vertex -37.3656 -41.6322 10
      vertex -39.3512 -42.2345 10
    endloop
  endfacet
  facet normal 0 0 1
    outer loop
      vertex -37.5772 -41.0408 10
      vertex -39.4942 -41.8349 10
      vertex -39.3512 -42.2345 10
    endloop
  endfacet
  facet normal 0 0 1
    outer loop
      vertex -38.1686 -39.9344 10
      vertex -39.8939 -41.0872 10
      vertex -39.6757 -41.4512 10
    endloop
  endfacet
  facet normal 0 0 1
    outer loop
      vertex -40.7463 -40.1467 10
      vertex -39.4299 -38.5427 10
      vertex -39.9344 -38.1686 10
    endloop
  endfacet
  facet normal 0 0 1
    outer loop
      vertex -38.5427 -39.4299 10
      vertex -40.1467 -40.7463 10
      vertex -39.8939 -41.0872 10
    endloop
  endfacet
  facet normal 0 0 1
    outer loop
      vertex -38.9645 -38.9645 10
      vertex -40.4318 -40.4318 10
      vertex -40.1467 -40.7463 10
    endloop
  endfacet
  facet normal 0 0 1
    outer loop
      vertex -41.0872 -39.8939 10
      vertex -39.9344 -38.1686 10
      vertex -40.4731 -37.8457 10
    endloop
  endfacet
  facet normal 0 0 1
    outer loop
      vertex -39.4299 -38.5427 10
      vertex -40.7463 -40.1467 10
      vertex -40.4318 -40.4318 10
    endloop
  endfacet
  facet normal 0 0 1
    outer loop
      vertex -41.4512 -39.6757 10
      vertex -40.4731 -37.8457 10
      vertex -41.0408 -37.5772 10
    endloop
  endfacet
  facet normal 0 0 1
    outer loop
      vertex -39.9344 -38.1686 10
      vertex -41.0872 -39.8939 10
      vertex -40.7463 -40.1467 10
    endloop
  endfacet
  facet normal 0 0 1
    outer loop
      vertex -40.4731 -37.8457 10
      vertex -41.4512 -39.6757 10
      vertex -41.0872 -39.8939 10
    endloop
  endfacet
  facet normal 0 0 1
    outer loop
      vertex -41.8349 -39.4942 10
      vertex -41.0408 -37.5772 10
      vertex -41.6322 -37.3656 10
    endloop
  endfacet
  facet normal 0 0 1
    outer loop
      vertex -41.0408 -37.5772 10
      vertex -41.8349 -39.4942 10
      vertex -41.4512 -39.6757 10
    endloop
  endfacet
  facet normal 0 0 1
    outer loop
      vertex -41.6322 -37.3656 10
      vertex -42.2345 -39.3512 10
      vertex -41.8349 -39.4942 10
    endloop
  endfacet
  facet normal 0 0 1
    outer loop
      vertex -42.2414 -37.213 10
      vertex -42.2345 -39.3512 10
      vertex -41.6322 -37.3656 10
    endloop
  endfacet
  facet normal 0 0 1
    outer loop
      vertex -42.2414 -37.213 10
      vertex -42.6462 -39.2481 10
      vertex -42.2345 -39.3512 10
    endloop
  endfacet
  facet normal 0 0 1
    outer loop
      vertex -42.8627 -37.1208 10
      vertex -42.6462 -39.2481 10
      vertex -42.2414 -37.213 10
    endloop
  endfacet
  facet normal 0 0 1
    outer loop
      vertex -42.8627 -37.1208 10
      vertex -43.0661 -39.1858 10
      vertex -42.6462 -39.2481 10
    endloop
  endfacet
  facet normal 0 0 1
    outer loop
      vertex -43.49 -37.09 10
      vertex -43.0661 -39.1858 10
      vertex -42.8627 -37.1208 10
    endloop
  endfacet
  facet normal 0 0 1
    outer loop
      vertex -43.49 -37.09 10
      vertex -43.49 -39.165 10
      vertex -43.0661 -39.1858 10
    endloop
  endfacet
  facet normal 0 0 1
    outer loop
      vertex -43.49 -37.09 10
      vertex -43.9139 -39.1858 10
      vertex -43.49 -39.165 10
    endloop
  endfacet
  facet normal -0 0 1
    outer loop
      vertex -44.1173 -37.1208 10
      vertex -43.9139 -39.1858 10
      vertex -43.49 -37.09 10
    endloop
  endfacet
  facet normal 0 0 1
    outer loop
      vertex -44.1173 -37.1208 10
      vertex -44.3338 -39.2481 10
      vertex -43.9139 -39.1858 10
    endloop
  endfacet
  facet normal -0 0 1
    outer loop
      vertex -44.7386 -37.213 10
      vertex -44.3338 -39.2481 10
      vertex -44.1173 -37.1208 10
    endloop
  endfacet
  facet normal 0 0 1
    outer loop
      vertex -44.7386 -37.213 10
      vertex -44.7455 -39.3512 10
      vertex -44.3338 -39.2481 10
    endloop
  endfacet
  facet normal -0 0 1
    outer loop
      vertex -45.3478 -37.3656 10
      vertex -44.7455 -39.3512 10
      vertex -44.7386 -37.213 10
    endloop
  endfacet
  facet normal 0 0 1
    outer loop
      vertex -44.7455 -39.3512 10
      vertex -45.3478 -37.3656 10
      vertex -45.1451 -39.4942 10
    endloop
  endfacet
  facet normal -0 0 1
    outer loop
      vertex -45.9392 -37.5772 10
      vertex -45.1451 -39.4942 10
      vertex -45.3478 -37.3656 10
    endloop
  endfacet
  facet normal 0 0 1
    outer loop
      vertex -45.1451 -39.4942 10
      vertex -45.9392 -37.5772 10
      vertex -45.5288 -39.6757 10
    endloop
  endfacet
  facet normal -0 0 1
    outer loop
      vertex -46.5069 -37.8457 10
      vertex -45.5288 -39.6757 10
      vertex -45.9392 -37.5772 10
    endloop
  endfacet
  facet normal 0 0 1
    outer loop
      vertex -45.5288 -39.6757 10
      vertex -46.5069 -37.8457 10
      vertex -45.8928 -39.8939 10
    endloop
  endfacet
  facet normal -0 0 1
    outer loop
      vertex -47.0457 -38.1686 10
      vertex -45.8928 -39.8939 10
      vertex -46.5069 -37.8457 10
    endloop
  endfacet
  facet normal 0 0 1
    outer loop
      vertex -45.8928 -39.8939 10
      vertex -47.0457 -38.1686 10
      vertex -46.2337 -40.1467 10
    endloop
  endfacet
  facet normal -0 0 1
    outer loop
      vertex -47.5501 -38.5427 10
      vertex -46.2337 -40.1467 10
      vertex -47.0457 -38.1686 10
    endloop
  endfacet
  facet normal 0 0 1
    outer loop
      vertex -46.2337 -40.1467 10
      vertex -47.5501 -38.5427 10
      vertex -46.5482 -40.4318 10
    endloop
  endfacet
  facet normal -0 0 1
    outer loop
      vertex -48.0155 -38.9645 10
      vertex -46.5482 -40.4318 10
      vertex -47.5501 -38.5427 10
    endloop
  endfacet
  facet normal 0 0 1
    outer loop
      vertex -46.5482 -40.4318 10
      vertex -48.0155 -38.9645 10
      vertex -46.8333 -40.7463 10
    endloop
  endfacet
  facet normal -0 0 1
    outer loop
      vertex -48.4373 -39.4299 10
      vertex -46.8333 -40.7463 10
      vertex -48.0155 -38.9645 10
    endloop
  endfacet
  facet normal 0 0 1
    outer loop
      vertex -46.8333 -40.7463 10
      vertex -48.4373 -39.4299 10
      vertex -47.0861 -41.0872 10
    endloop
  endfacet
  facet normal -0 0 1
    outer loop
      vertex -48.8114 -39.9344 10
      vertex -47.0861 -41.0872 10
      vertex -48.4373 -39.4299 10
    endloop
  endfacet
  facet normal 0 0 1
    outer loop
      vertex -47.0861 -41.0872 10
      vertex -48.8114 -39.9344 10
      vertex -47.3043 -41.4512 10
    endloop
  endfacet
  facet normal -0 0 1
    outer loop
      vertex -49.1343 -40.4731 10
      vertex -47.3043 -41.4512 10
      vertex -48.8114 -39.9344 10
    endloop
  endfacet
  facet normal -0 0 1
    outer loop
      vertex -49.4028 -41.0408 10
      vertex -47.4858 -41.8349 10
      vertex -49.1343 -40.4731 10
    endloop
  endfacet
  facet normal 0 0 1
    outer loop
      vertex -47.3043 -41.4512 10
      vertex -49.1343 -40.4731 10
      vertex -47.4858 -41.8349 10
    endloop
  endfacet
  facet normal -0 0 1
    outer loop
      vertex -39.2416 -44.29 10
      vertex -37.213 -44.7386 10
      vertex -37.1464 -44.29 10
    endloop
  endfacet
  facet normal 0 0 1
    outer loop
      vertex -37.213 -44.7386 10
      vertex -39.2481 -44.3338 10
      vertex -37.3656 -45.3478 10
    endloop
  endfacet
  facet normal 0 0 1
    outer loop
      vertex -37.3656 -45.3478 10
      vertex -39.3512 -44.7455 10
      vertex -37.5772 -45.9392 10
    endloop
  endfacet
  facet normal -0 0 1
    outer loop
      vertex -39.4942 -45.1451 10
      vertex -37.5772 -45.9392 10
      vertex -39.3512 -44.7455 10
    endloop
  endfacet
  facet normal -0 0 1
    outer loop
      vertex -39.6757 -45.5288 10
      vertex -37.8457 -46.5069 10
      vertex -39.4942 -45.1451 10
    endloop
  endfacet
  facet normal 0 0 1
    outer loop
      vertex -37.8457 -46.5069 10
      vertex -39.6757 -45.5288 10
      vertex -38.1686 -47.0457 10
    endloop
  endfacet
  facet normal 0 0 1
    outer loop
      vertex -37.213 -44.7386 10
      vertex -39.2416 -44.29 10
      vertex -39.2481 -44.3338 10
    endloop
  endfacet
  facet normal 0 0 1
    outer loop
      vertex -37.3656 -45.3478 10
      vertex -39.2481 -44.3338 10
      vertex -39.3512 -44.7455 10
    endloop
  endfacet
  facet normal 0 0 1
    outer loop
      vertex -37.5772 -45.9392 10
      vertex -39.4942 -45.1451 10
      vertex -37.8457 -46.5069 10
    endloop
  endfacet
  facet normal -0 0 1
    outer loop
      vertex -39.8939 -45.8928 10
      vertex -38.1686 -47.0457 10
      vertex -39.6757 -45.5288 10
    endloop
  endfacet
  facet normal 0 0 1
    outer loop
      vertex -38.1686 -47.0457 10
      vertex -39.8939 -45.8928 10
      vertex -38.5427 -47.5501 10
    endloop
  endfacet
  facet normal -0 0 1
    outer loop
      vertex -40.1467 -46.2337 10
      vertex -38.5427 -47.5501 10
      vertex -39.8939 -45.8928 10
    endloop
  endfacet
  facet normal 0 0 1
    outer loop
      vertex -38.5427 -47.5501 10
      vertex -40.1467 -46.2337 10
      vertex -38.9645 -48.0155 10
    endloop
  endfacet
  facet normal -0 0 1
    outer loop
      vertex -40.4318 -46.5482 10
      vertex -38.9645 -48.0155 10
      vertex -40.1467 -46.2337 10
    endloop
  endfacet
  facet normal 0 0 1
    outer loop
      vertex -38.9645 -48.0155 10
      vertex -40.4318 -46.5482 10
      vertex -39.4299 -48.4373 10
    endloop
  endfacet
  facet normal -0 0 1
    outer loop
      vertex -40.7463 -46.8333 10
      vertex -39.4299 -48.4373 10
      vertex -40.4318 -46.5482 10
    endloop
  endfacet
  facet normal 0 0 1
    outer loop
      vertex -39.4299 -48.4373 10
      vertex -40.7463 -46.8333 10
      vertex -39.9344 -48.8114 10
    endloop
  endfacet
  facet normal -0 0 1
    outer loop
      vertex -41.0872 -47.0861 10
      vertex -39.9344 -48.8114 10
      vertex -40.7463 -46.8333 10
    endloop
  endfacet
  facet normal 0 0 1
    outer loop
      vertex -39.9344 -48.8114 10
      vertex -41.0872 -47.0861 10
      vertex -40.4731 -49.1343 10
    endloop
  endfacet
  facet normal -0 0 1
    outer loop
      vertex -41.4512 -47.3043 10
      vertex -40.4731 -49.1343 10
      vertex -41.0872 -47.0861 10
    endloop
  endfacet
  facet normal 0 0 1
    outer loop
      vertex -40.4731 -49.1343 10
      vertex -41.4512 -47.3043 10
      vertex -41.0408 -49.4028 10
    endloop
  endfacet
  facet normal -0 0 1
    outer loop
      vertex -41.8349 -47.4858 10
      vertex -41.0408 -49.4028 10
      vertex -41.4512 -47.3043 10
    endloop
  endfacet
  facet normal 0 0 1
    outer loop
      vertex -41.0408 -49.4028 10
      vertex -41.8349 -47.4858 10
      vertex -41.6322 -49.6144 10
    endloop
  endfacet
  facet normal -0 0 1
    outer loop
      vertex -42.2345 -47.6288 10
      vertex -41.6322 -49.6144 10
      vertex -41.8349 -47.4858 10
    endloop
  endfacet
  facet normal 0 0 1
    outer loop
      vertex -42.2345 -47.6288 10
      vertex -42.2414 -49.767 10
      vertex -41.6322 -49.6144 10
    endloop
  endfacet
  facet normal -0 0 1
    outer loop
      vertex -42.6462 -47.7319 10
      vertex -42.2414 -49.767 10
      vertex -42.2345 -47.6288 10
    endloop
  endfacet
  facet normal 0 0 1
    outer loop
      vertex -42.6462 -47.7319 10
      vertex -42.8627 -49.8592 10
      vertex -42.2414 -49.767 10
    endloop
  endfacet
  facet normal -0 0 1
    outer loop
      vertex -43.0661 -47.7942 10
      vertex -42.8627 -49.8592 10
      vertex -42.6462 -47.7319 10
    endloop
  endfacet
  facet normal -0 0 1
    outer loop
      vertex -43.49 -47.815 10
      vertex -42.8627 -49.8592 10
      vertex -43.0661 -47.7942 10
    endloop
  endfacet
  facet normal 0 0 1
    outer loop
      vertex -43.49 -47.815 10
      vertex -43.49 -49.89 10
      vertex -42.8627 -49.8592 10
    endloop
  endfacet
  facet normal 0 0 1
    outer loop
      vertex -43.9139 -47.7942 10
      vertex -43.49 -49.89 10
      vertex -43.49 -47.815 10
    endloop
  endfacet
  facet normal 0 0 1
    outer loop
      vertex -43.9139 -47.7942 10
      vertex -44.1173 -49.8592 10
      vertex -43.49 -49.89 10
    endloop
  endfacet
  facet normal 0 0 1
    outer loop
      vertex -44.3338 -47.7319 10
      vertex -44.1173 -49.8592 10
      vertex -43.9139 -47.7942 10
    endloop
  endfacet
  facet normal 0 0 1
    outer loop
      vertex -44.3338 -47.7319 10
      vertex -44.7386 -49.767 10
      vertex -44.1173 -49.8592 10
    endloop
  endfacet
  facet normal 0 0 1
    outer loop
      vertex -44.7455 -47.6288 10
      vertex -44.7386 -49.767 10
      vertex -44.3338 -47.7319 10
    endloop
  endfacet
  facet normal 0 0 1
    outer loop
      vertex -45.3478 -49.6144 10
      vertex -44.7455 -47.6288 10
      vertex -45.1451 -47.4858 10
    endloop
  endfacet
  facet normal 0 0 1
    outer loop
      vertex -44.7455 -47.6288 10
      vertex -45.3478 -49.6144 10
      vertex -44.7386 -49.767 10
    endloop
  endfacet
  facet normal 0 0 1
    outer loop
      vertex -45.9392 -49.4028 10
      vertex -45.1451 -47.4858 10
      vertex -45.5288 -47.3043 10
    endloop
  endfacet
  facet normal 0 0 1
    outer loop
      vertex -46.5069 -49.1343 10
      vertex -45.5288 -47.3043 10
      vertex -45.8928 -47.0861 10
    endloop
  endfacet
  facet normal 0 0 1
    outer loop
      vertex -45.1451 -47.4858 10
      vertex -45.9392 -49.4028 10
      vertex -45.3478 -49.6144 10
    endloop
  endfacet
  facet normal 0 0 1
    outer loop
      vertex -47.0457 -48.8114 10
      vertex -45.8928 -47.0861 10
      vertex -46.2337 -46.8333 10
    endloop
  endfacet
  facet normal 0 0 1
    outer loop
      vertex -45.5288 -47.3043 10
      vertex -46.5069 -49.1343 10
      vertex -45.9392 -49.4028 10
    endloop
  endfacet
  facet normal 0 0 1
    outer loop
      vertex -47.5501 -48.4373 10
      vertex -46.2337 -46.8333 10
      vertex -46.5482 -46.5482 10
    endloop
  endfacet
  facet normal 0 0 1
    outer loop
      vertex -48.0155 -48.0155 10
      vertex -46.5482 -46.5482 10
      vertex -46.8333 -46.2337 10
    endloop
  endfacet
  facet normal 0 0 1
    outer loop
      vertex -45.8928 -47.0861 10
      vertex -47.0457 -48.8114 10
      vertex -46.5069 -49.1343 10
    endloop
  endfacet
  facet normal 0 0 1
    outer loop
      vertex -48.4373 -47.5501 10
      vertex -46.8333 -46.2337 10
      vertex -47.0861 -45.8928 10
    endloop
  endfacet
  facet normal 0 0 1
    outer loop
      vertex -48.8114 -47.0457 10
      vertex -47.0861 -45.8928 10
      vertex -47.3043 -45.5288 10
    endloop
  endfacet
  facet normal 0 0 1
    outer loop
      vertex -49.1343 -46.5069 10
      vertex -47.3043 -45.5288 10
      vertex -47.4858 -45.1451 10
    endloop
  endfacet
  facet normal 0 0 1
    outer loop
      vertex -46.2337 -46.8333 10
      vertex -47.5501 -48.4373 10
      vertex -47.0457 -48.8114 10
    endloop
  endfacet
  facet normal 0 0 1
    outer loop
      vertex -49.4028 -45.9392 10
      vertex -47.4858 -45.1451 10
      vertex -47.6288 -44.7455 10
    endloop
  endfacet
  facet normal 0 0 1
    outer loop
      vertex -49.6144 -45.3478 10
      vertex -47.6288 -44.7455 10
      vertex -47.7319 -44.3338 10
    endloop
  endfacet
  facet normal 0 0 1
    outer loop
      vertex -49.767 -44.7386 10
      vertex -47.7319 -44.3338 10
      vertex -47.7942 -43.9139 10
    endloop
  endfacet
  facet normal 0 0 1
    outer loop
      vertex -46.5482 -46.5482 10
      vertex -48.0155 -48.0155 10
      vertex -47.5501 -48.4373 10
    endloop
  endfacet
  facet normal 0 0 1
    outer loop
      vertex -49.8592 -44.1173 10
      vertex -47.7942 -43.9139 10
      vertex -47.815 -43.49 10
    endloop
  endfacet
  facet normal 0 0 1
    outer loop
      vertex -47.4858 -41.8349 10
      vertex -49.4028 -41.0408 10
      vertex -47.6288 -42.2345 10
    endloop
  endfacet
  facet normal -0 0 1
    outer loop
      vertex -49.6144 -41.6322 10
      vertex -47.6288 -42.2345 10
      vertex -49.4028 -41.0408 10
    endloop
  endfacet
  facet normal 0 0 1
    outer loop
      vertex -46.8333 -46.2337 10
      vertex -48.4373 -47.5501 10
      vertex -48.0155 -48.0155 10
    endloop
  endfacet
  facet normal 0 0 1
    outer loop
      vertex -47.6288 -42.2345 10
      vertex -49.6144 -41.6322 10
      vertex -47.7319 -42.6462 10
    endloop
  endfacet
  facet normal 0 0 1
    outer loop
      vertex -47.0861 -45.8928 10
      vertex -48.8114 -47.0457 10
      vertex -48.4373 -47.5501 10
    endloop
  endfacet
  facet normal -0 0 1
    outer loop
      vertex -49.767 -42.2414 10
      vertex -47.7319 -42.6462 10
      vertex -49.6144 -41.6322 10
    endloop
  endfacet
  facet normal 0 0 1
    outer loop
      vertex -47.3043 -45.5288 10
      vertex -49.1343 -46.5069 10
      vertex -48.8114 -47.0457 10
    endloop
  endfacet
  facet normal 0 0 1
    outer loop
      vertex -47.7319 -42.6462 10
      vertex -49.767 -42.2414 10
      vertex -47.7942 -43.0661 10
    endloop
  endfacet
  facet normal 0 0 1
    outer loop
      vertex -47.4858 -45.1451 10
      vertex -49.4028 -45.9392 10
      vertex -49.1343 -46.5069 10
    endloop
  endfacet
  facet normal -0 0 1
    outer loop
      vertex -49.8592 -42.8627 10
      vertex -47.7942 -43.0661 10
      vertex -49.767 -42.2414 10
    endloop
  endfacet
  facet normal 0 0 1
    outer loop
      vertex -47.6288 -44.7455 10
      vertex -49.6144 -45.3478 10
      vertex -49.4028 -45.9392 10
    endloop
  endfacet
  facet normal 0 0 1
    outer loop
      vertex -47.7942 -43.0661 10
      vertex -49.8592 -42.8627 10
      vertex -47.815 -43.49 10
    endloop
  endfacet
  facet normal 0 0 1
    outer loop
      vertex -47.7319 -44.3338 10
      vertex -49.767 -44.7386 10
      vertex -49.6144 -45.3478 10
    endloop
  endfacet
  facet normal 0 0 1
    outer loop
      vertex -49.89 -43.49 10
      vertex -47.815 -43.49 10
      vertex -49.8592 -42.8627 10
    endloop
  endfacet
  facet normal 0 0 1
    outer loop
      vertex -47.7942 -43.9139 10
      vertex -49.8592 -44.1173 10
      vertex -49.767 -44.7386 10
    endloop
  endfacet
  facet normal 0 0 1
    outer loop
      vertex -47.815 -43.49 10
      vertex -49.89 -43.49 10
      vertex -49.8592 -44.1173 10
    endloop
  endfacet
  facet normal -0.998797 0.0490402 0
    outer loop
      vertex -49.89 -43.49 0
      vertex -49.8592 -42.8627 10
      vertex -49.8592 -42.8627 0
    endloop
  endfacet
  facet normal -0.998797 0.0490402 0
    outer loop
      vertex -49.8592 -42.8627 10
      vertex -49.89 -43.49 0
      vertex -49.89 -43.49 10
    endloop
  endfacet
  facet normal 0.671547 -0.740962 0
    outer loop
      vertex -39.4299 -48.4373 0
      vertex -38.9645 -48.0155 10
      vertex -39.4299 -48.4373 10
    endloop
  endfacet
  facet normal 0.671547 -0.740962 0
    outer loop
      vertex -38.9645 -48.0155 10
      vertex -39.4299 -48.4373 0
      vertex -38.9645 -48.0155 0
    endloop
  endfacet
  facet normal -0.989167 -0.146794 0
    outer loop
      vertex -39.2481 -42.6462 2.5
      vertex -39.2416 -42.69 4
      vertex -39.2481 -42.6462 10
    endloop
  endfacet
  facet normal -0.989172 -0.146762 9.57998e-07
    outer loop
      vertex -39.1858 -43.0661 2.5
      vertex -39.2416 -42.69 4
      vertex -39.2481 -42.6462 2.5
    endloop
  endfacet
  facet normal -0.989172 -0.146758 0
    outer loop
      vertex -39.2416 -42.69 4
      vertex -39.1858 -43.0661 2.5
      vertex -39.1858 -43.0661 4
    endloop
  endfacet
  facet normal -0.989167 -0.146794 0
    outer loop
      vertex -39.2481 -42.6462 10
      vertex -39.2416 -42.69 4
      vertex -39.2416 -42.69 10
    endloop
  endfacet
  facet normal -0.998798 -0.0490092 0
    outer loop
      vertex -39.165 -43.49 2.5
      vertex -39.1858 -43.0661 4
      vertex -39.1858 -43.0661 2.5
    endloop
  endfacet
  facet normal -0.998798 -0.0490092 0
    outer loop
      vertex -39.1858 -43.0661 4
      vertex -39.165 -43.49 2.5
      vertex -39.165 -43.49 4
    endloop
  endfacet
  facet normal -0.970045 -0.242924 0
    outer loop
      vertex -39.2481 -42.6462 2.5
      vertex -39.3512 -42.2345 10
      vertex -39.3512 -42.2345 2.5
    endloop
  endfacet
  facet normal -0.970045 -0.242924 0
    outer loop
      vertex -39.3512 -42.2345 10
      vertex -39.2481 -42.6462 2.5
      vertex -39.2481 -42.6462 10
    endloop
  endfacet
  facet normal -0.336933 0.941528 0
    outer loop
      vertex -41.8349 -47.4858 2.5
      vertex -42.2345 -47.6288 10
      vertex -41.8349 -47.4858 10
    endloop
  endfacet
  facet normal -0.336933 0.941528 0
    outer loop
      vertex -42.2345 -47.6288 10
      vertex -41.8349 -47.4858 2.5
      vertex -42.2345 -47.6288 2.5
    endloop
  endfacet
  facet normal -0.740888 -0.671629 0
    outer loop
      vertex -40.1467 -40.7463 2.5
      vertex -40.4318 -40.4318 10
      vertex -40.4318 -40.4318 2.5
    endloop
  endfacet
  facet normal -0.740888 -0.671629 0
    outer loop
      vertex -40.4318 -40.4318 10
      vertex -40.1467 -40.7463 2.5
      vertex -40.1467 -40.7463 10
    endloop
  endfacet
  facet normal -0.514149 0.857701 0
    outer loop
      vertex -41.0872 -47.0861 2.5
      vertex -41.4512 -47.3043 10
      vertex -41.0872 -47.0861 10
    endloop
  endfacet
  facet normal -0.514149 0.857701 0
    outer loop
      vertex -41.4512 -47.3043 10
      vertex -41.0872 -47.0861 2.5
      vertex -41.4512 -47.3043 2.5
    endloop
  endfacet
  facet normal 0.4276 -0.903968 0
    outer loop
      vertex -45.5288 -39.6757 2.5
      vertex -45.1451 -39.4942 10
      vertex -45.5288 -39.6757 10
    endloop
  endfacet
  facet normal 0.4276 -0.903968 0
    outer loop
      vertex -45.1451 -39.4942 10
      vertex -45.5288 -39.6757 2.5
      vertex -45.1451 -39.4942 2.5
    endloop
  endfacet
  facet normal -0.989172 0.146758 0
    outer loop
      vertex -39.1858 -43.9139 2.5
      vertex -39.2416 -44.29 4
      vertex -39.1858 -43.9139 4
    endloop
  endfacet
  facet normal -0.989172 0.146762 9.57998e-07
    outer loop
      vertex -39.2481 -44.3338 2.5
      vertex -39.2416 -44.29 4
      vertex -39.1858 -43.9139 2.5
    endloop
  endfacet
  facet normal -0.989167 0.146794 0
    outer loop
      vertex -39.2481 -44.3338 10
      vertex -39.2416 -44.29 4
      vertex -39.2481 -44.3338 2.5
    endloop
  endfacet
  facet normal -0.989167 0.146794 0
    outer loop
      vertex -39.2416 -44.29 4
      vertex -39.2481 -44.3338 10
      vertex -39.2416 -44.29 10
    endloop
  endfacet
  facet normal -0.242924 0.970045 0
    outer loop
      vertex -42.2345 -47.6288 2.5
      vertex -42.6462 -47.7319 10
      vertex -42.2345 -47.6288 10
    endloop
  endfacet
  facet normal -0.242924 0.970045 0
    outer loop
      vertex -42.6462 -47.7319 10
      vertex -42.2345 -47.6288 2.5
      vertex -42.6462 -47.7319 2.5
    endloop
  endfacet
  facet normal 0.242924 -0.970045 0
    outer loop
      vertex -44.7455 -39.3512 2.5
      vertex -44.3338 -39.2481 10
      vertex -44.7455 -39.3512 10
    endloop
  endfacet
  facet normal 0.242924 -0.970045 0
    outer loop
      vertex -44.3338 -39.2481 10
      vertex -44.7455 -39.3512 2.5
      vertex -44.3338 -39.2481 2.5
    endloop
  endfacet
  facet normal 0.941528 0.336933 0
    outer loop
      vertex -47.4858 -45.1451 10
      vertex -47.6288 -44.7455 2.5
      vertex -47.6288 -44.7455 10
    endloop
  endfacet
  facet normal 0.941528 0.336933 0
    outer loop
      vertex -47.6288 -44.7455 2.5
      vertex -47.4858 -45.1451 10
      vertex -47.4858 -45.1451 2.5
    endloop
  endfacet
  facet normal -0.80324 0.595656 0
    outer loop
      vertex -40.1467 -46.2337 2.5
      vertex -39.8939 -45.8928 10
      vertex -39.8939 -45.8928 2.5
    endloop
  endfacet
  facet normal -0.80324 0.595656 0
    outer loop
      vertex -39.8939 -45.8928 10
      vertex -40.1467 -46.2337 2.5
      vertex -40.1467 -46.2337 10
    endloop
  endfacet
  facet normal 0.514149 -0.857701 0
    outer loop
      vertex -45.8928 -39.8939 2.5
      vertex -45.5288 -39.6757 10
      vertex -45.8928 -39.8939 10
    endloop
  endfacet
  facet normal 0.514149 -0.857701 0
    outer loop
      vertex -45.5288 -39.6757 10
      vertex -45.8928 -39.8939 2.5
      vertex -45.5288 -39.6757 2.5
    endloop
  endfacet
  facet normal 0.146762 0.989172 -0
    outer loop
      vertex -43.9139 -47.7942 2.5
      vertex -44.3338 -47.7319 10
      vertex -43.9139 -47.7942 10
    endloop
  endfacet
  facet normal 0.146762 0.989172 0
    outer loop
      vertex -44.3338 -47.7319 10
      vertex -43.9139 -47.7942 2.5
      vertex -44.3338 -47.7319 2.5
    endloop
  endfacet
  facet normal -0.595656 0.80324 0
    outer loop
      vertex -40.7463 -46.8333 2.5
      vertex -41.0872 -47.0861 10
      vertex -40.7463 -46.8333 10
    endloop
  endfacet
  facet normal -0.595656 0.80324 0
    outer loop
      vertex -41.0872 -47.0861 10
      vertex -40.7463 -46.8333 2.5
      vertex -41.0872 -47.0861 2.5
    endloop
  endfacet
  facet normal 0.242924 0.970045 -0
    outer loop
      vertex -44.3338 -47.7319 2.5
      vertex -44.7455 -47.6288 10
      vertex -44.3338 -47.7319 10
    endloop
  endfacet
  facet normal 0.242924 0.970045 0
    outer loop
      vertex -44.7455 -47.6288 10
      vertex -44.3338 -47.7319 2.5
      vertex -44.7455 -47.6288 2.5
    endloop
  endfacet
  facet normal -0.903968 0.4276 0
    outer loop
      vertex -39.6757 -45.5288 2.5
      vertex -39.4942 -45.1451 10
      vertex -39.4942 -45.1451 2.5
    endloop
  endfacet
  facet normal -0.903968 0.4276 0
    outer loop
      vertex -39.4942 -45.1451 10
      vertex -39.6757 -45.5288 2.5
      vertex -39.6757 -45.5288 10
    endloop
  endfacet
  facet normal -0.514149 -0.857701 0
    outer loop
      vertex -41.4512 -39.6757 2.5
      vertex -41.0872 -39.8939 10
      vertex -41.4512 -39.6757 10
    endloop
  endfacet
  facet normal -0.514149 -0.857701 -0
    outer loop
      vertex -41.0872 -39.8939 10
      vertex -41.4512 -39.6757 2.5
      vertex -41.0872 -39.8939 2.5
    endloop
  endfacet
  facet normal 0.857701 0.514149 0
    outer loop
      vertex -47.0861 -45.8928 10
      vertex -47.3043 -45.5288 2.5
      vertex -47.3043 -45.5288 10
    endloop
  endfacet
  facet normal 0.857701 0.514149 0
    outer loop
      vertex -47.3043 -45.5288 2.5
      vertex -47.0861 -45.8928 10
      vertex -47.0861 -45.8928 2.5
    endloop
  endfacet
  facet normal -0.970045 0.242924 0
    outer loop
      vertex -39.3512 -44.7455 2.5
      vertex -39.2481 -44.3338 10
      vertex -39.2481 -44.3338 2.5
    endloop
  endfacet
  facet normal -0.970045 0.242924 0
    outer loop
      vertex -39.2481 -44.3338 10
      vertex -39.3512 -44.7455 2.5
      vertex -39.3512 -44.7455 10
    endloop
  endfacet
  facet normal 0.857701 -0.514149 0
    outer loop
      vertex -47.3043 -41.4512 10
      vertex -47.0861 -41.0872 2.5
      vertex -47.0861 -41.0872 10
    endloop
  endfacet
  facet normal 0.857701 -0.514149 0
    outer loop
      vertex -47.0861 -41.0872 2.5
      vertex -47.3043 -41.4512 10
      vertex -47.3043 -41.4512 2.5
    endloop
  endfacet
  facet normal 0.595656 -0.80324 0
    outer loop
      vertex -46.2337 -40.1467 2.5
      vertex -45.8928 -39.8939 10
      vertex -46.2337 -40.1467 10
    endloop
  endfacet
  facet normal 0.595656 -0.80324 0
    outer loop
      vertex -45.8928 -39.8939 10
      vertex -46.2337 -40.1467 2.5
      vertex -45.8928 -39.8939 2.5
    endloop
  endfacet
  facet normal 0.80324 0.595656 0
    outer loop
      vertex -46.8333 -46.2337 10
      vertex -47.0861 -45.8928 2.5
      vertex -47.0861 -45.8928 10
    endloop
  endfacet
  facet normal 0.80324 0.595656 0
    outer loop
      vertex -47.0861 -45.8928 2.5
      vertex -46.8333 -46.2337 10
      vertex -46.8333 -46.2337 2.5
    endloop
  endfacet
  facet normal -0.4276 -0.903968 0
    outer loop
      vertex -41.8349 -39.4942 2.5
      vertex -41.4512 -39.6757 10
      vertex -41.8349 -39.4942 10
    endloop
  endfacet
  facet normal -0.4276 -0.903968 -0
    outer loop
      vertex -41.4512 -39.6757 10
      vertex -41.8349 -39.4942 2.5
      vertex -41.4512 -39.6757 2.5
    endloop
  endfacet
  facet normal -0.146762 0.989172 0
    outer loop
      vertex -42.6462 -47.7319 2.5
      vertex -43.0661 -47.7942 10
      vertex -42.6462 -47.7319 10
    endloop
  endfacet
  facet normal -0.146762 0.989172 0
    outer loop
      vertex -43.0661 -47.7942 10
      vertex -42.6462 -47.7319 2.5
      vertex -43.0661 -47.7942 2.5
    endloop
  endfacet
  facet normal 0.146762 -0.989172 0
    outer loop
      vertex -44.3338 -39.2481 2.5
      vertex -43.9139 -39.1858 10
      vertex -44.3338 -39.2481 10
    endloop
  endfacet
  facet normal 0.146762 -0.989172 0
    outer loop
      vertex -43.9139 -39.1858 10
      vertex -44.3338 -39.2481 2.5
      vertex -43.9139 -39.1858 2.5
    endloop
  endfacet
  facet normal 0.903968 0.4276 0
    outer loop
      vertex -47.3043 -45.5288 10
      vertex -47.4858 -45.1451 2.5
      vertex -47.4858 -45.1451 10
    endloop
  endfacet
  facet normal 0.903968 0.4276 0
    outer loop
      vertex -47.4858 -45.1451 2.5
      vertex -47.3043 -45.5288 10
      vertex -47.3043 -45.5288 2.5
    endloop
  endfacet
  facet normal -0.998798 0.0490092 0
    outer loop
      vertex -39.1858 -43.9139 2.5
      vertex -39.165 -43.49 4
      vertex -39.165 -43.49 2.5
    endloop
  endfacet
  facet normal -0.998798 0.0490092 0
    outer loop
      vertex -39.165 -43.49 4
      vertex -39.1858 -43.9139 2.5
      vertex -39.1858 -43.9139 4
    endloop
  endfacet
  facet normal -0.242924 -0.970045 0
    outer loop
      vertex -42.6462 -39.2481 2.5
      vertex -42.2345 -39.3512 10
      vertex -42.6462 -39.2481 10
    endloop
  endfacet
  facet normal -0.242924 -0.970045 -0
    outer loop
      vertex -42.2345 -39.3512 10
      vertex -42.6462 -39.2481 2.5
      vertex -42.2345 -39.3512 2.5
    endloop
  endfacet
  facet normal 0.595656 0.80324 -0
    outer loop
      vertex -45.8928 -47.0861 2.5
      vertex -46.2337 -46.8333 10
      vertex -45.8928 -47.0861 10
    endloop
  endfacet
  facet normal 0.595656 0.80324 0
    outer loop
      vertex -46.2337 -46.8333 10
      vertex -45.8928 -47.0861 2.5
      vertex -46.2337 -46.8333 2.5
    endloop
  endfacet
  facet normal 0.740888 -0.671629 0
    outer loop
      vertex -46.8333 -40.7463 10
      vertex -46.5482 -40.4318 2.5
      vertex -46.5482 -40.4318 10
    endloop
  endfacet
  facet normal 0.740888 -0.671629 0
    outer loop
      vertex -46.5482 -40.4318 2.5
      vertex -46.8333 -40.7463 10
      vertex -46.8333 -40.7463 2.5
    endloop
  endfacet
  facet normal -0.941528 -0.336933 0
    outer loop
      vertex -39.3512 -42.2345 2.5
      vertex -39.4942 -41.8349 10
      vertex -39.4942 -41.8349 2.5
    endloop
  endfacet
  facet normal -0.941528 -0.336933 0
    outer loop
      vertex -39.4942 -41.8349 10
      vertex -39.3512 -42.2345 2.5
      vertex -39.3512 -42.2345 10
    endloop
  endfacet
  facet normal -0.857701 0.514149 0
    outer loop
      vertex -39.8939 -45.8928 2.5
      vertex -39.6757 -45.5288 10
      vertex -39.6757 -45.5288 2.5
    endloop
  endfacet
  facet normal -0.857701 0.514149 0
    outer loop
      vertex -39.6757 -45.5288 10
      vertex -39.8939 -45.8928 2.5
      vertex -39.8939 -45.8928 10
    endloop
  endfacet
  facet normal -0.595656 -0.80324 0
    outer loop
      vertex -41.0872 -39.8939 2.5
      vertex -40.7463 -40.1467 10
      vertex -41.0872 -39.8939 10
    endloop
  endfacet
  facet normal -0.595656 -0.80324 -0
    outer loop
      vertex -40.7463 -40.1467 10
      vertex -41.0872 -39.8939 2.5
      vertex -40.7463 -40.1467 2.5
    endloop
  endfacet
  facet normal -0.336933 -0.941528 0
    outer loop
      vertex -42.2345 -39.3512 2.5
      vertex -41.8349 -39.4942 10
      vertex -42.2345 -39.3512 10
    endloop
  endfacet
  facet normal -0.336933 -0.941528 -0
    outer loop
      vertex -41.8349 -39.4942 10
      vertex -42.2345 -39.3512 2.5
      vertex -41.8349 -39.4942 2.5
    endloop
  endfacet
  facet normal -0.80324 -0.595656 0
    outer loop
      vertex -39.8939 -41.0872 2.5
      vertex -40.1467 -40.7463 10
      vertex -40.1467 -40.7463 2.5
    endloop
  endfacet
  facet normal -0.80324 -0.595656 0
    outer loop
      vertex -40.1467 -40.7463 10
      vertex -39.8939 -41.0872 2.5
      vertex -39.8939 -41.0872 10
    endloop
  endfacet
  facet normal -0.857701 -0.514149 0
    outer loop
      vertex -39.6757 -41.4512 2.5
      vertex -39.8939 -41.0872 10
      vertex -39.8939 -41.0872 2.5
    endloop
  endfacet
  facet normal -0.857701 -0.514149 0
    outer loop
      vertex -39.8939 -41.0872 10
      vertex -39.6757 -41.4512 2.5
      vertex -39.6757 -41.4512 10
    endloop
  endfacet
  facet normal 0.4276 0.903968 -0
    outer loop
      vertex -45.1451 -47.4858 2.5
      vertex -45.5288 -47.3043 10
      vertex -45.1451 -47.4858 10
    endloop
  endfacet
  facet normal 0.4276 0.903968 0
    outer loop
      vertex -45.5288 -47.3043 10
      vertex -45.1451 -47.4858 2.5
      vertex -45.5288 -47.3043 2.5
    endloop
  endfacet
  facet normal 0.970045 0.242924 0
    outer loop
      vertex -47.6288 -44.7455 10
      vertex -47.7319 -44.3338 2.5
      vertex -47.7319 -44.3338 10
    endloop
  endfacet
  facet normal 0.970045 0.242924 0
    outer loop
      vertex -47.7319 -44.3338 2.5
      vertex -47.6288 -44.7455 10
      vertex -47.6288 -44.7455 2.5
    endloop
  endfacet
  facet normal -0.903968 -0.4276 0
    outer loop
      vertex -39.4942 -41.8349 2.5
      vertex -39.6757 -41.4512 10
      vertex -39.6757 -41.4512 2.5
    endloop
  endfacet
  facet normal -0.903968 -0.4276 0
    outer loop
      vertex -39.6757 -41.4512 10
      vertex -39.4942 -41.8349 2.5
      vertex -39.4942 -41.8349 10
    endloop
  endfacet
  facet normal 0.514149 0.857701 -0
    outer loop
      vertex -45.5288 -47.3043 2.5
      vertex -45.8928 -47.0861 10
      vertex -45.5288 -47.3043 10
    endloop
  endfacet
  facet normal 0.514149 0.857701 0
    outer loop
      vertex -45.8928 -47.0861 10
      vertex -45.5288 -47.3043 2.5
      vertex -45.8928 -47.0861 2.5
    endloop
  endfacet
  facet normal -0.4276 0.903968 0
    outer loop
      vertex -41.4512 -47.3043 2.5
      vertex -41.8349 -47.4858 10
      vertex -41.4512 -47.3043 10
    endloop
  endfacet
  facet normal -0.4276 0.903968 0
    outer loop
      vertex -41.8349 -47.4858 10
      vertex -41.4512 -47.3043 2.5
      vertex -41.8349 -47.4858 2.5
    endloop
  endfacet
  facet normal -0.146762 -0.989172 0
    outer loop
      vertex -43.0661 -39.1858 2.5
      vertex -42.6462 -39.2481 10
      vertex -43.0661 -39.1858 10
    endloop
  endfacet
  facet normal -0.146762 -0.989172 -0
    outer loop
      vertex -42.6462 -39.2481 10
      vertex -43.0661 -39.1858 2.5
      vertex -42.6462 -39.2481 2.5
    endloop
  endfacet
  facet normal 0.671629 -0.740888 0
    outer loop
      vertex -46.5482 -40.4318 2.5
      vertex -46.2337 -40.1467 10
      vertex -46.5482 -40.4318 10
    endloop
  endfacet
  facet normal 0.671629 -0.740888 0
    outer loop
      vertex -46.2337 -40.1467 10
      vertex -46.5482 -40.4318 2.5
      vertex -46.2337 -40.1467 2.5
    endloop
  endfacet
  facet normal 0.989172 -0.146762 0
    outer loop
      vertex -47.7942 -43.0661 10
      vertex -47.7319 -42.6462 2.5
      vertex -47.7319 -42.6462 10
    endloop
  endfacet
  facet normal 0.989172 -0.146762 0
    outer loop
      vertex -47.7319 -42.6462 2.5
      vertex -47.7942 -43.0661 10
      vertex -47.7942 -43.0661 2.5
    endloop
  endfacet
  facet normal 0.941528 -0.336933 0
    outer loop
      vertex -47.6288 -42.2345 10
      vertex -47.4858 -41.8349 2.5
      vertex -47.4858 -41.8349 10
    endloop
  endfacet
  facet normal 0.941528 -0.336933 0
    outer loop
      vertex -47.4858 -41.8349 2.5
      vertex -47.6288 -42.2345 10
      vertex -47.6288 -42.2345 2.5
    endloop
  endfacet
  facet normal 0.336933 -0.941528 0
    outer loop
      vertex -45.1451 -39.4942 2.5
      vertex -44.7455 -39.3512 10
      vertex -45.1451 -39.4942 10
    endloop
  endfacet
  facet normal 0.336933 -0.941528 0
    outer loop
      vertex -44.7455 -39.3512 10
      vertex -45.1451 -39.4942 2.5
      vertex -44.7455 -39.3512 2.5
    endloop
  endfacet
  facet normal 0.998798 0.0490092 0
    outer loop
      vertex -47.7942 -43.9139 10
      vertex -47.815 -43.49 2.5
      vertex -47.815 -43.49 10
    endloop
  endfacet
  facet normal 0.998798 0.0490092 0
    outer loop
      vertex -47.815 -43.49 2.5
      vertex -47.7942 -43.9139 10
      vertex -47.7942 -43.9139 2.5
    endloop
  endfacet
  facet normal -0.671629 0.740888 0
    outer loop
      vertex -40.4318 -46.5482 2.5
      vertex -40.7463 -46.8333 10
      vertex -40.4318 -46.5482 10
    endloop
  endfacet
  facet normal -0.671629 0.740888 0
    outer loop
      vertex -40.7463 -46.8333 10
      vertex -40.4318 -46.5482 2.5
      vertex -40.7463 -46.8333 2.5
    endloop
  endfacet
  facet normal 0.0490092 -0.998798 0
    outer loop
      vertex -43.9139 -39.1858 2.5
      vertex -43.49 -39.165 10
      vertex -43.9139 -39.1858 10
    endloop
  endfacet
  facet normal 0.0490092 -0.998798 0
    outer loop
      vertex -43.49 -39.165 10
      vertex -43.9139 -39.1858 2.5
      vertex -43.49 -39.165 2.5
    endloop
  endfacet
  facet normal -0.671629 -0.740888 0
    outer loop
      vertex -40.7463 -40.1467 2.5
      vertex -40.4318 -40.4318 10
      vertex -40.7463 -40.1467 10
    endloop
  endfacet
  facet normal -0.671629 -0.740888 -0
    outer loop
      vertex -40.4318 -40.4318 10
      vertex -40.7463 -40.1467 2.5
      vertex -40.4318 -40.4318 2.5
    endloop
  endfacet
  facet normal 0.80324 -0.595656 0
    outer loop
      vertex -47.0861 -41.0872 10
      vertex -46.8333 -40.7463 2.5
      vertex -46.8333 -40.7463 10
    endloop
  endfacet
  facet normal 0.80324 -0.595656 0
    outer loop
      vertex -46.8333 -40.7463 2.5
      vertex -47.0861 -41.0872 10
      vertex -47.0861 -41.0872 2.5
    endloop
  endfacet
  facet normal 0.740888 0.671629 0
    outer loop
      vertex -46.5482 -46.5482 10
      vertex -46.8333 -46.2337 2.5
      vertex -46.8333 -46.2337 10
    endloop
  endfacet
  facet normal 0.740888 0.671629 0
    outer loop
      vertex -46.8333 -46.2337 2.5
      vertex -46.5482 -46.5482 10
      vertex -46.5482 -46.5482 2.5
    endloop
  endfacet
  facet normal -0.0490092 0.998798 0
    outer loop
      vertex -43.0661 -47.7942 2.5
      vertex -43.49 -47.815 10
      vertex -43.0661 -47.7942 10
    endloop
  endfacet
  facet normal -0.0490092 0.998798 0
    outer loop
      vertex -43.49 -47.815 10
      vertex -43.0661 -47.7942 2.5
      vertex -43.49 -47.815 2.5
    endloop
  endfacet
  facet normal 0.989172 0.146762 0
    outer loop
      vertex -47.7319 -44.3338 10
      vertex -47.7942 -43.9139 2.5
      vertex -47.7942 -43.9139 10
    endloop
  endfacet
  facet normal 0.989172 0.146762 0
    outer loop
      vertex -47.7942 -43.9139 2.5
      vertex -47.7319 -44.3338 10
      vertex -47.7319 -44.3338 2.5
    endloop
  endfacet
  facet normal -0.0490092 -0.998798 0
    outer loop
      vertex -43.49 -39.165 2.5
      vertex -43.0661 -39.1858 10
      vertex -43.49 -39.165 10
    endloop
  endfacet
  facet normal -0.0490092 -0.998798 -0
    outer loop
      vertex -43.0661 -39.1858 10
      vertex -43.49 -39.165 2.5
      vertex -43.0661 -39.1858 2.5
    endloop
  endfacet
  facet normal 0.970045 -0.242924 0
    outer loop
      vertex -47.7319 -42.6462 10
      vertex -47.6288 -42.2345 2.5
      vertex -47.6288 -42.2345 10
    endloop
  endfacet
  facet normal 0.970045 -0.242924 0
    outer loop
      vertex -47.6288 -42.2345 2.5
      vertex -47.7319 -42.6462 10
      vertex -47.7319 -42.6462 2.5
    endloop
  endfacet
  facet normal 0.903968 -0.4276 0
    outer loop
      vertex -47.4858 -41.8349 10
      vertex -47.3043 -41.4512 2.5
      vertex -47.3043 -41.4512 10
    endloop
  endfacet
  facet normal 0.903968 -0.4276 0
    outer loop
      vertex -47.3043 -41.4512 2.5
      vertex -47.4858 -41.8349 10
      vertex -47.4858 -41.8349 2.5
    endloop
  endfacet
  facet normal -0.941528 0.336933 0
    outer loop
      vertex -39.4942 -45.1451 2.5
      vertex -39.3512 -44.7455 10
      vertex -39.3512 -44.7455 2.5
    endloop
  endfacet
  facet normal -0.941528 0.336933 0
    outer loop
      vertex -39.3512 -44.7455 10
      vertex -39.4942 -45.1451 2.5
      vertex -39.4942 -45.1451 10
    endloop
  endfacet
  facet normal 0.671629 0.740888 -0
    outer loop
      vertex -46.2337 -46.8333 2.5
      vertex -46.5482 -46.5482 10
      vertex -46.2337 -46.8333 10
    endloop
  endfacet
  facet normal 0.671629 0.740888 0
    outer loop
      vertex -46.5482 -46.5482 10
      vertex -46.2337 -46.8333 2.5
      vertex -46.5482 -46.5482 2.5
    endloop
  endfacet
  facet normal 0.0490092 0.998798 -0
    outer loop
      vertex -43.49 -47.815 2.5
      vertex -43.9139 -47.7942 10
      vertex -43.49 -47.815 10
    endloop
  endfacet
  facet normal 0.0490092 0.998798 0
    outer loop
      vertex -43.9139 -47.7942 10
      vertex -43.49 -47.815 2.5
      vertex -43.9139 -47.7942 2.5
    endloop
  endfacet
  facet normal 0.998798 -0.0490092 0
    outer loop
      vertex -47.815 -43.49 10
      vertex -47.7942 -43.0661 2.5
      vertex -47.7942 -43.0661 10
    endloop
  endfacet
  facet normal 0.998798 -0.0490092 0
    outer loop
      vertex -47.7942 -43.0661 2.5
      vertex -47.815 -43.49 10
      vertex -47.815 -43.49 2.5
    endloop
  endfacet
  facet normal 0.336933 0.941528 -0
    outer loop
      vertex -44.7455 -47.6288 2.5
      vertex -45.1451 -47.4858 10
      vertex -44.7455 -47.6288 10
    endloop
  endfacet
  facet normal 0.336933 0.941528 0
    outer loop
      vertex -45.1451 -47.4858 10
      vertex -44.7455 -47.6288 2.5
      vertex -45.1451 -47.4858 2.5
    endloop
  endfacet
  facet normal -0.740888 0.671629 0
    outer loop
      vertex -40.4318 -46.5482 2.5
      vertex -40.1467 -46.2337 10
      vertex -40.1467 -46.2337 2.5
    endloop
  endfacet
  facet normal -0.740888 0.671629 0
    outer loop
      vertex -40.1467 -46.2337 10
      vertex -40.4318 -46.5482 2.5
      vertex -40.4318 -46.5482 10
    endloop
  endfacet
  facet normal 0 0 1
    outer loop
      vertex -39.165 -43.49 4
      vertex -37.09 -43.49 4
      vertex -37.1208 -42.8627 4
    endloop
  endfacet
  facet normal 0 0 1
    outer loop
      vertex -39.1858 -43.0661 4
      vertex -37.1208 -42.8627 4
      vertex -37.1464 -42.69 4
    endloop
  endfacet
  facet normal 0 0 1
    outer loop
      vertex -37.09 -43.49 4
      vertex -39.165 -43.49 4
      vertex -37.1208 -44.1173 4
    endloop
  endfacet
  facet normal -0 0 1
    outer loop
      vertex -39.1858 -43.9139 4
      vertex -37.1208 -44.1173 4
      vertex -39.165 -43.49 4
    endloop
  endfacet
  facet normal 0 0 1
    outer loop
      vertex -37.1208 -42.8627 4
      vertex -39.1858 -43.0661 4
      vertex -39.165 -43.49 4
    endloop
  endfacet
  facet normal 0 -0 1
    outer loop
      vertex -39.1858 -43.0661 4
      vertex -37.1464 -42.69 4
      vertex -39.2416 -42.69 4
    endloop
  endfacet
  facet normal 0 0 1
    outer loop
      vertex -37.1208 -44.1173 4
      vertex -39.1858 -43.9139 4
      vertex -37.1464 -44.29 4
    endloop
  endfacet
  facet normal 0 0 1
    outer loop
      vertex -37.1464 -44.29 4
      vertex -39.1858 -43.9139 4
      vertex -39.2416 -44.29 4
    endloop
  endfacet
  facet normal 0 -1 0
    outer loop
      vertex -39.2416 -42.69 4
      vertex -37.1464 -42.69 10
      vertex -39.2416 -42.69 10
    endloop
  endfacet
  facet normal 0 -1 -0
    outer loop
      vertex -37.1464 -42.69 10
      vertex -39.2416 -42.69 4
      vertex -37.1464 -42.69 4
    endloop
  endfacet
  facet normal 0 1 -0
    outer loop
      vertex -37.1464 -44.29 4
      vertex -39.2416 -44.29 10
      vertex -37.1464 -44.29 10
    endloop
  endfacet
  facet normal 0 1 0
    outer loop
      vertex -39.2416 -44.29 10
      vertex -37.1464 -44.29 4
      vertex -39.2416 -44.29 4
    endloop
  endfacet
  facet normal -0.671547 -0.740962 0
    outer loop
      vertex 38.9645 -48.0155 0
      vertex 39.4299 -48.4373 10
      vertex 38.9645 -48.0155 10
    endloop
  endfacet
  facet normal -0.671547 -0.740962 -0
    outer loop
      vertex 39.4299 -48.4373 10
      vertex 38.9645 -48.0155 0
      vertex 39.4299 -48.4373 0
    endloop
  endfacet
  facet normal -0.941505 0.336998 0
    outer loop
      vertex 37.4385 -41.4283 2.45952
      vertex 37.5772 -41.0408 10
      vertex 37.5772 -41.0408 2.46097
    endloop
  endfacet
  facet normal -0.941627 0.336658 0
    outer loop
      vertex 37.3656 -41.6322 10
      vertex 37.4385 -41.4283 2.45952
      vertex 37.3656 -41.6322 2.45789
    endloop
  endfacet
  facet normal -0.941547 0.336881 6.79435e-06
    outer loop
      vertex 37.4385 -41.4283 2.45952
      vertex 37.3656 -41.6322 10
      vertex 37.5772 -41.0408 10
    endloop
  endfacet
  facet normal 0.989158 0.146852 -0
    outer loop
      vertex 49.8336 -42.69 4
      vertex 49.767 -42.2414 10
      vertex 49.8336 -42.69 10
    endloop
  endfacet
  facet normal 0.989158 0.146852 0
    outer loop
      vertex 49.767 -42.2414 10
      vertex 49.8336 -42.69 4
      vertex 49.767 -42.2414 0
    endloop
  endfacet
  facet normal 0.989191 0.146632 -0
    outer loop
      vertex 49.8592 -42.8627 0
      vertex 49.8336 -42.69 4
      vertex 49.8592 -42.8627 4
    endloop
  endfacet
  facet normal 0.989168 0.146791 -7.02909e-06
    outer loop
      vertex 49.8336 -42.69 4
      vertex 49.8592 -42.8627 0
      vertex 49.767 -42.2414 0
    endloop
  endfacet
  facet normal 0.998797 0.0490402 0
    outer loop
      vertex 49.89 -43.49 4
      vertex 49.8592 -42.8627 0
      vertex 49.8592 -42.8627 4
    endloop
  endfacet
  facet normal 0.998797 0.0490402 0
    outer loop
      vertex 49.8592 -42.8627 0
      vertex 49.89 -43.49 4
      vertex 49.89 -43.49 0
    endloop
  endfacet
  facet normal -0.514121 -0.857718 0
    outer loop
      vertex 39.9344 -48.8114 0
      vertex 40.4731 -49.1343 10
      vertex 39.9344 -48.8114 10
    endloop
  endfacet
  facet normal -0.514121 -0.857718 -0
    outer loop
      vertex 40.4731 -49.1343 10
      vertex 39.9344 -48.8114 0
      vertex 40.4731 -49.1343 0
    endloop
  endfacet
  facet normal 0.671547 0.740962 -0
    outer loop
      vertex 48.0155 -38.9645 0
      vertex 47.5501 -38.5427 10
      vertex 48.0155 -38.9645 10
    endloop
  endfacet
  facet normal 0.671547 0.740962 0
    outer loop
      vertex 47.5501 -38.5427 10
      vertex 48.0155 -38.9645 0
      vertex 47.5501 -38.5427 0
    endloop
  endfacet
  facet normal -0.146791 -0.989168 0
    outer loop
      vertex 42.2414 -49.767 0
      vertex 42.8627 -49.8592 10
      vertex 42.2414 -49.767 10
    endloop
  endfacet
  facet normal -0.146791 -0.989168 -0
    outer loop
      vertex 42.8627 -49.8592 10
      vertex 42.2414 -49.767 0
      vertex 42.8627 -49.8592 0
    endloop
  endfacet
  facet normal 0.740962 0.671547 0
    outer loop
      vertex 48.4373 -39.4299 10
      vertex 48.0155 -38.9645 0
      vertex 48.0155 -38.9645 10
    endloop
  endfacet
  facet normal 0.740962 0.671547 0
    outer loop
      vertex 48.0155 -38.9645 0
      vertex 48.4373 -39.4299 10
      vertex 48.4373 -39.4299 0
    endloop
  endfacet
  facet normal 0.427552 0.903991 -0
    outer loop
      vertex 46.5069 -37.8457 0
      vertex 45.9392 -37.5772 10
      vertex 46.5069 -37.8457 10
    endloop
  endfacet
  facet normal 0.427552 0.903991 0
    outer loop
      vertex 45.9392 -37.5772 10
      vertex 46.5069 -37.8457 0
      vertex 45.9392 -37.5772 0
    endloop
  endfacet
  facet normal 0.0490402 -0.998797 0
    outer loop
      vertex 43.49 -49.89 0
      vertex 44.1173 -49.8592 10
      vertex 43.49 -49.89 10
    endloop
  endfacet
  facet normal 0.0490402 -0.998797 0
    outer loop
      vertex 44.1173 -49.8592 10
      vertex 43.49 -49.89 0
      vertex 44.1173 -49.8592 0
    endloop
  endfacet
  facet normal -0.741006 0.671499 0
    outer loop
      vertex 38.6283 -39.3355 2.46532
      vertex 38.9645 -38.9645 10
      vertex 38.9645 -38.9645 2.46532
    endloop
  endfacet
  facet normal -0.740792 0.671735 0
    outer loop
      vertex 38.5427 -39.4299 10
      vertex 38.6283 -39.3355 2.46532
      vertex 38.5427 -39.4299 2.46494
    endloop
  endfacet
  facet normal -0.740962 0.671547 -4.29367e-06
    outer loop
      vertex 38.6283 -39.3355 2.46532
      vertex 38.5427 -39.4299 10
      vertex 38.9645 -38.9645 10
    endloop
  endfacet
  facet normal 0.989158 -0.146852 0
    outer loop
      vertex 49.8336 -44.29 10
      vertex 49.767 -44.7386 10
      vertex 49.8336 -44.29 4
    endloop
  endfacet
  facet normal 0.989191 -0.146632 0
    outer loop
      vertex 49.8336 -44.29 4
      vertex 49.8592 -44.1173 0
      vertex 49.8592 -44.1173 4
    endloop
  endfacet
  facet normal 0.989158 -0.146852 0
    outer loop
      vertex 49.767 -44.7386 0
      vertex 49.8336 -44.29 4
      vertex 49.767 -44.7386 10
    endloop
  endfacet
  facet normal 0.989168 -0.146791 -7.02909e-06
    outer loop
      vertex 49.8336 -44.29 4
      vertex 49.767 -44.7386 0
      vertex 49.8592 -44.1173 0
    endloop
  endfacet
  facet normal 0.903991 0.427552 0
    outer loop
      vertex 49.4028 -41.0408 10
      vertex 49.1343 -40.4731 0
      vertex 49.1343 -40.4731 10
    endloop
  endfacet
  facet normal 0.903991 0.427552 0
    outer loop
      vertex 49.1343 -40.4731 0
      vertex 49.4028 -41.0408 10
      vertex 49.4028 -41.0408 0
    endloop
  endfacet
  facet normal -0.242985 0.97003 5.11699e-06
    outer loop
      vertex 41.856 -37.3095 2.45701
      vertex 41.6322 -37.3656 10
      vertex 42.2414 -37.213 10
    endloop
  endfacet
  facet normal -0.243147 0.969989 0
    outer loop
      vertex 41.6322 -37.3656 10
      vertex 41.856 -37.3095 2.45701
      vertex 41.6322 -37.3656 2.45789
    endloop
  endfacet
  facet normal -0.242891 0.970054 0
    outer loop
      vertex 41.856 -37.3095 2.45701
      vertex 42.2414 -37.213 10
      vertex 42.2414 -37.213 2.45372
    endloop
  endfacet
  facet normal -0.803152 0.595774 0
    outer loop
      vertex 38.3212 -39.7285 2.46494
      vertex 38.5427 -39.4299 10
      vertex 38.5427 -39.4299 2.46494
    endloop
  endfacet
  facet normal -0.803405 0.595433 0
    outer loop
      vertex 38.1686 -39.9344 10
      vertex 38.3212 -39.7285 2.46494
      vertex 38.1686 -39.9344 2.46416
    endloop
  endfacet
  facet normal -0.803255 0.595635 8.55566e-06
    outer loop
      vertex 38.3212 -39.7285 2.46494
      vertex 38.1686 -39.9344 10
      vertex 38.5427 -39.4299 10
    endloop
  endfacet
  facet normal 0.242985 0.97003 -0
    outer loop
      vertex 45.3478 -37.3656 0
      vertex 44.7386 -37.213 10
      vertex 45.3478 -37.3656 10
    endloop
  endfacet
  facet normal 0.242985 0.97003 0
    outer loop
      vertex 44.7386 -37.213 10
      vertex 45.3478 -37.3656 0
      vertex 44.7386 -37.213 0
    endloop
  endfacet
  facet normal 0.336881 0.941547 -0
    outer loop
      vertex 45.9392 -37.5772 0
      vertex 45.3478 -37.3656 10
      vertex 45.9392 -37.5772 10
    endloop
  endfacet
  facet normal 0.336881 0.941547 0
    outer loop
      vertex 45.3478 -37.3656 10
      vertex 45.9392 -37.5772 0
      vertex 45.3478 -37.3656 0
    endloop
  endfacet
  facet normal 0.941547 0.336881 0
    outer loop
      vertex 49.6144 -41.6322 10
      vertex 49.4028 -41.0408 0
      vertex 49.4028 -41.0408 10
    endloop
  endfacet
  facet normal 0.941547 0.336881 0
    outer loop
      vertex 49.4028 -41.0408 0
      vertex 49.6144 -41.6322 10
      vertex 49.6144 -41.6322 0
    endloop
  endfacet
  facet normal 0.595711 0.803199 -0
    outer loop
      vertex 47.5501 -38.5427 0
      vertex 47.0457 -38.1686 10
      vertex 47.5501 -38.5427 10
    endloop
  endfacet
  facet normal 0.595711 0.803199 0
    outer loop
      vertex 47.0457 -38.1686 10
      vertex 47.5501 -38.5427 0
      vertex 47.0457 -38.1686 0
    endloop
  endfacet
  facet normal -0.85776 -0.514051 0
    outer loop
      vertex 38.1686 -47.0457 0
      vertex 37.8457 -46.5069 10
      vertex 37.8457 -46.5069 0
    endloop
  endfacet
  facet normal -0.85776 -0.514051 0
    outer loop
      vertex 37.8457 -46.5069 10
      vertex 38.1686 -47.0457 0
      vertex 38.1686 -47.0457 10
    endloop
  endfacet
  facet normal 0.514051 0.85776 -0
    outer loop
      vertex 47.0457 -38.1686 0
      vertex 46.5069 -37.8457 10
      vertex 47.0457 -38.1686 10
    endloop
  endfacet
  facet normal 0.514051 0.85776 0
    outer loop
      vertex 46.5069 -37.8457 10
      vertex 47.0457 -38.1686 0
      vertex 46.5069 -37.8457 0
    endloop
  endfacet
  facet normal 0.941547 -0.336881 0
    outer loop
      vertex 49.4028 -45.9392 10
      vertex 49.6144 -45.3478 0
      vertex 49.6144 -45.3478 10
    endloop
  endfacet
  facet normal 0.941547 -0.336881 0
    outer loop
      vertex 49.6144 -45.3478 0
      vertex 49.4028 -45.9392 10
      vertex 49.4028 -45.9392 0
    endloop
  endfacet
  facet normal -0.857641 0.514249 0
    outer loop
      vertex 38.0461 -40.1387 2.46416
      vertex 38.1686 -39.9344 10
      vertex 38.1686 -39.9344 2.46416
    endloop
  endfacet
  facet normal -0.857764 0.514043 0
    outer loop
      vertex 37.8457 -40.4731 10
      vertex 38.0461 -40.1387 2.46416
      vertex 37.8457 -40.4731 2.46293
    endloop
  endfacet
  facet normal -0.857718 0.514121 4.7074e-06
    outer loop
      vertex 38.0461 -40.1387 2.46416
      vertex 37.8457 -40.4731 10
      vertex 38.1686 -39.9344 10
    endloop
  endfacet
  facet normal -0.97003 -0.242985 0
    outer loop
      vertex 37.3656 -45.3478 0
      vertex 37.213 -44.7386 10
      vertex 37.213 -44.7386 0
    endloop
  endfacet
  facet normal -0.97003 -0.242985 0
    outer loop
      vertex 37.213 -44.7386 10
      vertex 37.3656 -45.3478 0
      vertex 37.3656 -45.3478 10
    endloop
  endfacet
  facet normal 0.0490402 0.998797 -5.78469e-06
    outer loop
      vertex 43.6663 -37.0987 2.43898
      vertex 43.49 -37.09 10
      vertex 44.1173 -37.1208 10
    endloop
  endfacet
  facet normal 0.0492877 0.998785 0
    outer loop
      vertex 43.49 -37.09 10
      vertex 43.6663 -37.0987 2.43898
      vertex 43.49 -37.09 2.44108
    endloop
  endfacet
  facet normal 0.0489327 0.998802 6.46352e-07
    outer loop
      vertex 44.1173 -37.1208 10
      vertex 43.9786 -37.114 2.43235
      vertex 43.6663 -37.0987 2.43898
    endloop
  endfacet
  facet normal 0.0489679 0.9988 0
    outer loop
      vertex 43.9786 -37.114 2.43235
      vertex 44.1173 -37.1208 10
      vertex 44.1173 -37.1208 2.42743
    endloop
  endfacet
  facet normal 0.857718 0.514121 0
    outer loop
      vertex 49.1343 -40.4731 10
      vertex 48.8114 -39.9344 0
      vertex 48.8114 -39.9344 10
    endloop
  endfacet
  facet normal 0.857718 0.514121 0
    outer loop
      vertex 48.8114 -39.9344 0
      vertex 49.1343 -40.4731 10
      vertex 49.1343 -40.4731 0
    endloop
  endfacet
  facet normal -0.941547 -0.336881 0
    outer loop
      vertex 37.5772 -45.9392 0
      vertex 37.3656 -45.3478 10
      vertex 37.3656 -45.3478 0
    endloop
  endfacet
  facet normal -0.941547 -0.336881 0
    outer loop
      vertex 37.3656 -45.3478 10
      vertex 37.5772 -45.9392 0
      vertex 37.5772 -45.9392 10
    endloop
  endfacet
  facet normal -0.671547 0.740962 -4.29367e-06
    outer loop
      vertex 39.4299 -38.5427 10
      vertex 39.3355 -38.6283 2.46532
      vertex 38.9645 -38.9645 10
    endloop
  endfacet
  facet normal -0.671735 0.740792 0
    outer loop
      vertex 39.3355 -38.6283 2.46532
      vertex 39.4299 -38.5427 10
      vertex 39.4299 -38.5427 2.46494
    endloop
  endfacet
  facet normal -0.671499 0.741006 0
    outer loop
      vertex 38.9645 -38.9645 10
      vertex 39.3355 -38.6283 2.46532
      vertex 38.9645 -38.9645 2.46532
    endloop
  endfacet
  facet normal 0.97003 -0.242985 0
    outer loop
      vertex 49.6144 -45.3478 10
      vertex 49.767 -44.7386 0
      vertex 49.767 -44.7386 10
    endloop
  endfacet
  facet normal 0.97003 -0.242985 0
    outer loop
      vertex 49.767 -44.7386 0
      vertex 49.6144 -45.3478 10
      vertex 49.6144 -45.3478 0
    endloop
  endfacet
  facet normal 0 0 -1
    outer loop
      vertex 48.738 -43.49 0
      vertex 49.89 -43.49 0
      vertex 49.8592 -44.1173 0
    endloop
  endfacet
  facet normal 0 0 -1
    outer loop
      vertex 48.7127 -44.0044 0
      vertex 49.8592 -44.1173 0
      vertex 49.767 -44.7386 0
    endloop
  endfacet
  facet normal 0 0 -1
    outer loop
      vertex 49.89 -43.49 0
      vertex 48.738 -43.49 0
      vertex 49.8592 -42.8627 0
    endloop
  endfacet
  facet normal 0 0 -1
    outer loop
      vertex 48.6372 -44.5138 0
      vertex 49.767 -44.7386 0
      vertex 49.6144 -45.3478 0
    endloop
  endfacet
  facet normal 0 0 -1
    outer loop
      vertex 48.7127 -42.9756 0
      vertex 49.8592 -42.8627 0
      vertex 48.738 -43.49 0
    endloop
  endfacet
  facet normal 0 0 -1
    outer loop
      vertex 48.512 -45.0134 0
      vertex 49.6144 -45.3478 0
      vertex 49.4028 -45.9392 0
    endloop
  endfacet
  facet normal -0 0 -1
    outer loop
      vertex 49.8592 -42.8627 0
      vertex 48.7127 -42.9756 0
      vertex 49.767 -42.2414 0
    endloop
  endfacet
  facet normal 0 0 -1
    outer loop
      vertex 48.3385 -45.4983 0
      vertex 49.4028 -45.9392 0
      vertex 49.1343 -46.5069 0
    endloop
  endfacet
  facet normal 0 0 -1
    outer loop
      vertex 48.6372 -42.4662 0
      vertex 49.767 -42.2414 0
      vertex 48.7127 -42.9756 0
    endloop
  endfacet
  facet normal 0 0 -1
    outer loop
      vertex 48.1183 -45.9639 0
      vertex 49.1343 -46.5069 0
      vertex 48.8114 -47.0457 0
    endloop
  endfacet
  facet normal -0 0 -1
    outer loop
      vertex 49.767 -42.2414 0
      vertex 48.6372 -42.4662 0
      vertex 49.6144 -41.6322 0
    endloop
  endfacet
  facet normal 0 0 -1
    outer loop
      vertex 48.512 -41.9666 0
      vertex 49.6144 -41.6322 0
      vertex 48.6372 -42.4662 0
    endloop
  endfacet
  facet normal 0 0 -1
    outer loop
      vertex 49.8592 -44.1173 0
      vertex 48.7127 -44.0044 0
      vertex 48.738 -43.49 0
    endloop
  endfacet
  facet normal 0 0 -1
    outer loop
      vertex 49.767 -44.7386 0
      vertex 48.6372 -44.5138 0
      vertex 48.7127 -44.0044 0
    endloop
  endfacet
  facet normal 0 0 -1
    outer loop
      vertex 49.6144 -45.3478 0
      vertex 48.512 -45.0134 0
      vertex 48.6372 -44.5138 0
    endloop
  endfacet
  facet normal 0 0 -1
    outer loop
      vertex 47.8536 -46.4056 0
      vertex 48.8114 -47.0457 0
      vertex 48.4373 -47.5501 0
    endloop
  endfacet
  facet normal 0 0 -1
    outer loop
      vertex 49.4028 -45.9392 0
      vertex 48.3385 -45.4983 0
      vertex 48.512 -45.0134 0
    endloop
  endfacet
  facet normal 0 0 -1
    outer loop
      vertex 49.1343 -46.5069 0
      vertex 48.1183 -45.9639 0
      vertex 48.3385 -45.4983 0
    endloop
  endfacet
  facet normal 0 0 -1
    outer loop
      vertex 47.5468 -46.8193 0
      vertex 48.4373 -47.5501 0
      vertex 48.0155 -48.0155 0
    endloop
  endfacet
  facet normal 0 0 -1
    outer loop
      vertex 48.8114 -47.0457 0
      vertex 47.8536 -46.4056 0
      vertex 48.1183 -45.9639 0
    endloop
  endfacet
  facet normal 0 0 -1
    outer loop
      vertex 47.2009 -47.2009 0
      vertex 48.0155 -48.0155 0
      vertex 47.5501 -48.4373 0
    endloop
  endfacet
  facet normal 0 0 -1
    outer loop
      vertex 48.4373 -47.5501 0
      vertex 47.5468 -46.8193 0
      vertex 47.8536 -46.4056 0
    endloop
  endfacet
  facet normal 0 0 -1
    outer loop
      vertex 48.0155 -48.0155 0
      vertex 47.2009 -47.2009 0
      vertex 47.5468 -46.8193 0
    endloop
  endfacet
  facet normal 0 0 -1
    outer loop
      vertex 46.8193 -47.5468 0
      vertex 47.5501 -48.4373 0
      vertex 47.0457 -48.8114 0
    endloop
  endfacet
  facet normal 0 0 -1
    outer loop
      vertex 47.5501 -48.4373 0
      vertex 46.8193 -47.5468 0
      vertex 47.2009 -47.2009 0
    endloop
  endfacet
  facet normal 0 0 -1
    outer loop
      vertex 46.4056 -47.8536 0
      vertex 47.0457 -48.8114 0
      vertex 46.5069 -49.1343 0
    endloop
  endfacet
  facet normal 0 0 -1
    outer loop
      vertex 47.0457 -48.8114 0
      vertex 46.4056 -47.8536 0
      vertex 46.8193 -47.5468 0
    endloop
  endfacet
  facet normal 0 0 -1
    outer loop
      vertex 46.5069 -49.1343 0
      vertex 45.9639 -48.1183 0
      vertex 46.4056 -47.8536 0
    endloop
  endfacet
  facet normal 0 0 -1
    outer loop
      vertex 45.9392 -49.4028 0
      vertex 45.9639 -48.1183 0
      vertex 46.5069 -49.1343 0
    endloop
  endfacet
  facet normal 0 0 -1
    outer loop
      vertex 45.9392 -49.4028 0
      vertex 45.4983 -48.3385 0
      vertex 45.9639 -48.1183 0
    endloop
  endfacet
  facet normal 0 0 -1
    outer loop
      vertex 45.3478 -49.6144 0
      vertex 45.4983 -48.3385 0
      vertex 45.9392 -49.4028 0
    endloop
  endfacet
  facet normal 0 0 -1
    outer loop
      vertex 45.3478 -49.6144 0
      vertex 45.0134 -48.512 0
      vertex 45.4983 -48.3385 0
    endloop
  endfacet
  facet normal 0 0 -1
    outer loop
      vertex 44.7386 -49.767 0
      vertex 45.0134 -48.512 0
      vertex 45.3478 -49.6144 0
    endloop
  endfacet
  facet normal 0 0 -1
    outer loop
      vertex 44.7386 -49.767 0
      vertex 44.5138 -48.6372 0
      vertex 45.0134 -48.512 0
    endloop
  endfacet
  facet normal 0 0 -1
    outer loop
      vertex 44.1173 -49.8592 0
      vertex 44.5138 -48.6372 0
      vertex 44.7386 -49.767 0
    endloop
  endfacet
  facet normal 0 0 -1
    outer loop
      vertex 44.1173 -49.8592 0
      vertex 44.0044 -48.7127 0
      vertex 44.5138 -48.6372 0
    endloop
  endfacet
  facet normal 0 0 -1
    outer loop
      vertex 43.49 -49.89 0
      vertex 44.0044 -48.7127 0
      vertex 44.1173 -49.8592 0
    endloop
  endfacet
  facet normal 0 0 -1
    outer loop
      vertex 43.49 -49.89 0
      vertex 43.49 -48.738 0
      vertex 44.0044 -48.7127 0
    endloop
  endfacet
  facet normal 0 0 -1
    outer loop
      vertex 43.49 -49.89 0
      vertex 42.9756 -48.7127 0
      vertex 43.49 -48.738 0
    endloop
  endfacet
  facet normal 0 0 -1
    outer loop
      vertex 42.8627 -49.8592 0
      vertex 42.9756 -48.7127 0
      vertex 43.49 -49.89 0
    endloop
  endfacet
  facet normal 0 0 -1
    outer loop
      vertex 42.8627 -49.8592 0
      vertex 42.4662 -48.6372 0
      vertex 42.9756 -48.7127 0
    endloop
  endfacet
  facet normal 0 0 -1
    outer loop
      vertex 42.2414 -49.767 0
      vertex 42.4662 -48.6372 0
      vertex 42.8627 -49.8592 0
    endloop
  endfacet
  facet normal 0 0 -1
    outer loop
      vertex 42.2414 -49.767 0
      vertex 41.9666 -48.512 0
      vertex 42.4662 -48.6372 0
    endloop
  endfacet
  facet normal 0 0 -1
    outer loop
      vertex 41.6322 -49.6144 0
      vertex 41.9666 -48.512 0
      vertex 42.2414 -49.767 0
    endloop
  endfacet
  facet normal 0 0 -1
    outer loop
      vertex 41.6322 -49.6144 0
      vertex 41.4817 -48.3385 0
      vertex 41.9666 -48.512 0
    endloop
  endfacet
  facet normal 0 0 -1
    outer loop
      vertex 41.0408 -49.4028 0
      vertex 41.4817 -48.3385 0
      vertex 41.6322 -49.6144 0
    endloop
  endfacet
  facet normal 0 0 -1
    outer loop
      vertex 41.0408 -49.4028 0
      vertex 41.0161 -48.1183 0
      vertex 41.4817 -48.3385 0
    endloop
  endfacet
  facet normal 0 0 -1
    outer loop
      vertex 40.4731 -49.1343 0
      vertex 41.0161 -48.1183 0
      vertex 41.0408 -49.4028 0
    endloop
  endfacet
  facet normal -0 0 -1
    outer loop
      vertex 41.0161 -48.1183 0
      vertex 40.4731 -49.1343 0
      vertex 40.5744 -47.8536 0
    endloop
  endfacet
  facet normal 0 0 -1
    outer loop
      vertex 39.9344 -48.8114 0
      vertex 40.5744 -47.8536 0
      vertex 40.4731 -49.1343 0
    endloop
  endfacet
  facet normal -0 0 -1
    outer loop
      vertex 40.5744 -47.8536 0
      vertex 39.9344 -48.8114 0
      vertex 40.1607 -47.5468 0
    endloop
  endfacet
  facet normal 0 0 -1
    outer loop
      vertex 39.4299 -48.4373 0
      vertex 40.1607 -47.5468 0
      vertex 39.9344 -48.8114 0
    endloop
  endfacet
  facet normal -0 0 -1
    outer loop
      vertex 40.1607 -47.5468 0
      vertex 39.4299 -48.4373 0
      vertex 39.7791 -47.2009 0
    endloop
  endfacet
  facet normal 0 0 -1
    outer loop
      vertex 38.9645 -48.0155 0
      vertex 39.7791 -47.2009 0
      vertex 39.4299 -48.4373 0
    endloop
  endfacet
  facet normal 0 0 -1
    outer loop
      vertex 38.5427 -47.5501 0
      vertex 39.7791 -47.2009 0
      vertex 38.9645 -48.0155 0
    endloop
  endfacet
  facet normal 0 0 -1
    outer loop
      vertex 38.1686 -47.0457 0
      vertex 39.7791 -47.2009 0
      vertex 38.5427 -47.5501 0
    endloop
  endfacet
  facet normal 0 0 -1
    outer loop
      vertex 37.8457 -46.5069 0
      vertex 39.7791 -47.2009 0
      vertex 38.1686 -47.0457 0
    endloop
  endfacet
  facet normal 0 0 -1
    outer loop
      vertex 37.5772 -45.9392 0
      vertex 39.7791 -47.2009 0
      vertex 37.8457 -46.5069 0
    endloop
  endfacet
  facet normal 0 0 -1
    outer loop
      vertex 37.3656 -45.3478 0
      vertex 39.7791 -47.2009 0
      vertex 37.5772 -45.9392 0
    endloop
  endfacet
  facet normal 0 0 -1
    outer loop
      vertex 37.213 -44.7386 0
      vertex 39.7791 -47.2009 0
      vertex 37.3656 -45.3478 0
    endloop
  endfacet
  facet normal 0 0 -1
    outer loop
      vertex 39.7791 -47.2009 0
      vertex 37.213 -44.7386 0
      vertex 37.1884 -44.573 0
    endloop
  endfacet
  facet normal -0 0 -1
    outer loop
      vertex 49.6144 -41.6322 0
      vertex 48.512 -41.9666 0
      vertex 49.4028 -41.0408 0
    endloop
  endfacet
  facet normal 0 0 -1
    outer loop
      vertex 48.3385 -41.4817 0
      vertex 49.4028 -41.0408 0
      vertex 48.512 -41.9666 0
    endloop
  endfacet
  facet normal -0 0 -1
    outer loop
      vertex 49.4028 -41.0408 0
      vertex 48.3385 -41.4817 0
      vertex 49.1343 -40.4731 0
    endloop
  endfacet
  facet normal 0 0 -1
    outer loop
      vertex 48.1183 -41.0161 0
      vertex 49.1343 -40.4731 0
      vertex 48.3385 -41.4817 0
    endloop
  endfacet
  facet normal -0 0 -1
    outer loop
      vertex 49.1343 -40.4731 0
      vertex 48.1183 -41.0161 0
      vertex 48.8114 -39.9344 0
    endloop
  endfacet
  facet normal 0 0 -1
    outer loop
      vertex 47.8536 -40.5744 0
      vertex 48.8114 -39.9344 0
      vertex 48.1183 -41.0161 0
    endloop
  endfacet
  facet normal -0 0 -1
    outer loop
      vertex 48.8114 -39.9344 0
      vertex 47.8536 -40.5744 0
      vertex 48.4373 -39.4299 0
    endloop
  endfacet
  facet normal 0 0 -1
    outer loop
      vertex 47.5468 -40.1607 0
      vertex 48.4373 -39.4299 0
      vertex 47.8536 -40.5744 0
    endloop
  endfacet
  facet normal -0 0 -1
    outer loop
      vertex 48.4373 -39.4299 0
      vertex 47.5468 -40.1607 0
      vertex 48.0155 -38.9645 0
    endloop
  endfacet
  facet normal 0 0 -1
    outer loop
      vertex 47.2009 -39.7791 0
      vertex 48.0155 -38.9645 0
      vertex 47.5468 -40.1607 0
    endloop
  endfacet
  facet normal -0 0 -1
    outer loop
      vertex 48.0155 -38.9645 0
      vertex 47.2009 -39.7791 0
      vertex 47.5501 -38.5427 0
    endloop
  endfacet
  facet normal 0 0 -1
    outer loop
      vertex 47.2009 -39.7791 0
      vertex 47.0457 -38.1686 0
      vertex 47.5501 -38.5427 0
    endloop
  endfacet
  facet normal 0 0 -1
    outer loop
      vertex 47.2009 -39.7791 0
      vertex 46.5069 -37.8457 0
      vertex 47.0457 -38.1686 0
    endloop
  endfacet
  facet normal 0 0 -1
    outer loop
      vertex 47.2009 -39.7791 0
      vertex 45.9392 -37.5772 0
      vertex 46.5069 -37.8457 0
    endloop
  endfacet
  facet normal 0 0 -1
    outer loop
      vertex 47.2009 -39.7791 0
      vertex 45.3478 -37.3656 0
      vertex 45.9392 -37.5772 0
    endloop
  endfacet
  facet normal 0 0 -1
    outer loop
      vertex 47.2009 -39.7791 0
      vertex 44.7386 -37.213 0
      vertex 45.3478 -37.3656 0
    endloop
  endfacet
  facet normal -0 -0 -1
    outer loop
      vertex 44.7386 -37.213 0
      vertex 47.2009 -39.7791 0
      vertex 44.573 -37.1884 0
    endloop
  endfacet
  facet normal -0.514121 0.857718 4.7074e-06
    outer loop
      vertex 40.4731 -37.8457 10
      vertex 40.1387 -38.0461 2.46416
      vertex 39.9344 -38.1686 10
    endloop
  endfacet
  facet normal -0.514043 0.857764 0
    outer loop
      vertex 40.1387 -38.0461 2.46416
      vertex 40.4731 -37.8457 10
      vertex 40.4731 -37.8457 2.46293
    endloop
  endfacet
  facet normal -0.514249 0.857641 0
    outer loop
      vertex 39.9344 -38.1686 10
      vertex 40.1387 -38.0461 2.46416
      vertex 39.9344 -38.1686 2.46416
    endloop
  endfacet
  facet normal -0.998785 -0.0492877 0
    outer loop
      vertex 37.0987 -43.6663 2.43898
      vertex 37.09 -43.49 10
      vertex 37.09 -43.49 2.44108
    endloop
  endfacet
  facet normal -0.998802 -0.0489327 6.46352e-07
    outer loop
      vertex 37.1208 -44.1173 10
      vertex 37.0987 -43.6663 2.43898
      vertex 37.114 -43.9786 2.43235
    endloop
  endfacet
  facet normal -0.9988 -0.0489679 -0
    outer loop
      vertex 37.1208 -44.1173 10
      vertex 37.114 -43.9786 2.43235
      vertex 37.1208 -44.1173 2.42743
    endloop
  endfacet
  facet normal -0.998797 -0.0490402 -5.78469e-06
    outer loop
      vertex 37.0987 -43.6663 2.43898
      vertex 37.1208 -44.1173 10
      vertex 37.09 -43.49 10
    endloop
  endfacet
  facet normal -0.969989 0.243147 0
    outer loop
      vertex 37.3095 -41.856 2.45701
      vertex 37.3656 -41.6322 10
      vertex 37.3656 -41.6322 2.45789
    endloop
  endfacet
  facet normal -0.970054 0.242891 0
    outer loop
      vertex 37.213 -42.2414 10
      vertex 37.3095 -41.856 2.45701
      vertex 37.213 -42.2414 2.45372
    endloop
  endfacet
  facet normal -0.97003 0.242985 5.11699e-06
    outer loop
      vertex 37.3095 -41.856 2.45701
      vertex 37.213 -42.2414 10
      vertex 37.3656 -41.6322 10
    endloop
  endfacet
  facet normal 0.427552 -0.903991 0
    outer loop
      vertex 45.9392 -49.4028 0
      vertex 46.5069 -49.1343 10
      vertex 45.9392 -49.4028 10
    endloop
  endfacet
  facet normal 0.427552 -0.903991 0
    outer loop
      vertex 46.5069 -49.1343 10
      vertex 45.9392 -49.4028 0
      vertex 46.5069 -49.1343 0
    endloop
  endfacet
  facet normal -0.336881 -0.941547 0
    outer loop
      vertex 41.0408 -49.4028 0
      vertex 41.6322 -49.6144 10
      vertex 41.0408 -49.4028 10
    endloop
  endfacet
  facet normal -0.336881 -0.941547 -0
    outer loop
      vertex 41.6322 -49.6144 10
      vertex 41.0408 -49.4028 0
      vertex 41.6322 -49.6144 0
    endloop
  endfacet
  facet normal -0.336881 0.941547 6.79435e-06
    outer loop
      vertex 41.4283 -37.4385 2.45952
      vertex 41.0408 -37.5772 10
      vertex 41.6322 -37.3656 10
    endloop
  endfacet
  facet normal -0.336998 0.941505 0
    outer loop
      vertex 41.0408 -37.5772 10
      vertex 41.4283 -37.4385 2.45952
      vertex 41.0408 -37.5772 2.46097
    endloop
  endfacet
  facet normal -0.336658 0.941627 0
    outer loop
      vertex 41.4283 -37.4385 2.45952
      vertex 41.6322 -37.3656 10
      vertex 41.6322 -37.3656 2.45789
    endloop
  endfacet
  facet normal 0.514051 -0.85776 0
    outer loop
      vertex 46.5069 -49.1343 0
      vertex 47.0457 -48.8114 10
      vertex 46.5069 -49.1343 10
    endloop
  endfacet
  facet normal 0.514051 -0.85776 0
    outer loop
      vertex 47.0457 -48.8114 10
      vertex 46.5069 -49.1343 0
      vertex 47.0457 -48.8114 0
    endloop
  endfacet
  facet normal 0.146791 -0.989168 0
    outer loop
      vertex 44.1173 -49.8592 0
      vertex 44.7386 -49.767 10
      vertex 44.1173 -49.8592 10
    endloop
  endfacet
  facet normal 0.146791 -0.989168 0
    outer loop
      vertex 44.7386 -49.767 10
      vertex 44.1173 -49.8592 0
      vertex 44.7386 -49.767 0
    endloop
  endfacet
  facet normal 0.740962 -0.671547 0
    outer loop
      vertex 48.0155 -48.0155 10
      vertex 48.4373 -47.5501 0
      vertex 48.4373 -47.5501 10
    endloop
  endfacet
  facet normal 0.740962 -0.671547 0
    outer loop
      vertex 48.4373 -47.5501 0
      vertex 48.0155 -48.0155 10
      vertex 48.0155 -48.0155 0
    endloop
  endfacet
  facet normal 0.803199 -0.595711 0
    outer loop
      vertex 48.4373 -47.5501 10
      vertex 48.8114 -47.0457 0
      vertex 48.8114 -47.0457 10
    endloop
  endfacet
  facet normal 0.803199 -0.595711 0
    outer loop
      vertex 48.8114 -47.0457 0
      vertex 48.4373 -47.5501 10
      vertex 48.4373 -47.5501 0
    endloop
  endfacet
  facet normal -0.427552 0.903991 1.25918e-06
    outer loop
      vertex 41.0408 -37.5772 10
      vertex 40.5604 -37.8044 2.46293
      vertex 40.4731 -37.8457 10
    endloop
  endfacet
  facet normal -0.427545 0.903994 6.79323e-07
    outer loop
      vertex 41.0408 -37.5772 10
      vertex 40.9911 -37.6007 2.46135
      vertex 40.5604 -37.8044 2.46293
    endloop
  endfacet
  facet normal -0.427461 0.904034 0
    outer loop
      vertex 40.9911 -37.6007 2.46135
      vertex 41.0408 -37.5772 10
      vertex 41.0408 -37.5772 2.46097
    endloop
  endfacet
  facet normal -0.427641 0.903949 0
    outer loop
      vertex 40.4731 -37.8457 10
      vertex 40.5604 -37.8044 2.46293
      vertex 40.4731 -37.8457 2.46293
    endloop
  endfacet
  facet normal -0.595635 0.803255 8.55566e-06
    outer loop
      vertex 39.9344 -38.1686 10
      vertex 39.7285 -38.3212 2.46494
      vertex 39.4299 -38.5427 10
    endloop
  endfacet
  facet normal -0.595433 0.803405 0
    outer loop
      vertex 39.7285 -38.3212 2.46494
      vertex 39.9344 -38.1686 10
      vertex 39.9344 -38.1686 2.46416
    endloop
  endfacet
  facet normal -0.595774 0.803152 0
    outer loop
      vertex 39.4299 -38.5427 10
      vertex 39.7285 -38.3212 2.46494
      vertex 39.4299 -38.5427 2.46494
    endloop
  endfacet
  facet normal -0.989301 0.145888 0
    outer loop
      vertex 37.2098 -42.2631 2.45363
      vertex 37.213 -42.2414 10
      vertex 37.213 -42.2414 2.45372
    endloop
  endfacet
  facet normal -0.989126 0.147068 -3.46661e-06
    outer loop
      vertex 37.1759 -42.4911 2.45211
      vertex 37.213 -42.2414 10
      vertex 37.2098 -42.2631 2.45363
    endloop
  endfacet
  facet normal -0.989185 0.146674 0
    outer loop
      vertex 37.1208 -42.8627 10
      vertex 37.1759 -42.4911 2.45211
      vertex 37.1208 -42.8627 2.44865
    endloop
  endfacet
  facet normal -0.989168 0.146791 5.8829e-06
    outer loop
      vertex 37.1759 -42.4911 2.45211
      vertex 37.1208 -42.8627 10
      vertex 37.213 -42.2414 10
    endloop
  endfacet
  facet normal -0.242985 -0.97003 0
    outer loop
      vertex 41.6322 -49.6144 0
      vertex 42.2414 -49.767 10
      vertex 41.6322 -49.6144 10
    endloop
  endfacet
  facet normal -0.242985 -0.97003 -0
    outer loop
      vertex 42.2414 -49.767 10
      vertex 41.6322 -49.6144 0
      vertex 42.2414 -49.767 0
    endloop
  endfacet
  facet normal 0.97003 0.242985 0
    outer loop
      vertex 49.767 -42.2414 10
      vertex 49.6144 -41.6322 0
      vertex 49.6144 -41.6322 10
    endloop
  endfacet
  facet normal 0.97003 0.242985 0
    outer loop
      vertex 49.6144 -41.6322 0
      vertex 49.767 -42.2414 10
      vertex 49.767 -42.2414 0
    endloop
  endfacet
  facet normal 0.803255 0.595635 0
    outer loop
      vertex 48.8114 -39.9344 10
      vertex 48.4373 -39.4299 0
      vertex 48.4373 -39.4299 10
    endloop
  endfacet
  facet normal 0.803255 0.595635 0
    outer loop
      vertex 48.4373 -39.4299 0
      vertex 48.8114 -39.9344 10
      vertex 48.8114 -39.9344 0
    endloop
  endfacet
  facet normal -0.803199 -0.595711 0
    outer loop
      vertex 38.5427 -47.5501 0
      vertex 38.1686 -47.0457 10
      vertex 38.1686 -47.0457 0
    endloop
  endfacet
  facet normal -0.803199 -0.595711 0
    outer loop
      vertex 38.1686 -47.0457 10
      vertex 38.5427 -47.5501 0
      vertex 38.5427 -47.5501 10
    endloop
  endfacet
  facet normal -0.903991 -0.427552 0
    outer loop
      vertex 37.8457 -46.5069 0
      vertex 37.5772 -45.9392 10
      vertex 37.5772 -45.9392 0
    endloop
  endfacet
  facet normal -0.903991 -0.427552 0
    outer loop
      vertex 37.5772 -45.9392 10
      vertex 37.8457 -46.5069 0
      vertex 37.8457 -46.5069 10
    endloop
  endfacet
  facet normal 0.146791 0.989168 -6.81749e-06
    outer loop
      vertex 44.2342 -37.1382 2.42426
      vertex 44.1173 -37.1208 10
      vertex 44.7386 -37.213 10
    endloop
  endfacet
  facet normal 0.147223 0.989103 0
    outer loop
      vertex 44.1173 -37.1208 10
      vertex 44.2342 -37.1382 2.42426
      vertex 44.1173 -37.1208 2.42743
    endloop
  endfacet
  facet normal 0.146308 0.989239 2.60433e-05
    outer loop
      vertex 44.7386 -37.213 10
      vertex 44.4269 -37.1667 2.41468
      vertex 44.2342 -37.1382 2.42426
    endloop
  endfacet
  facet normal 0.147437 0.989071 -2.13718e-05
    outer loop
      vertex 44.7386 -37.213 10
      vertex 44.5396 -37.1835 2.40308
      vertex 44.4269 -37.1667 2.41468
    endloop
  endfacet
  facet normal 0.145168 0.989407 3.93605e-05
    outer loop
      vertex 44.7386 -37.213 10
      vertex 44.573 -37.1884 2.38971
      vertex 44.5396 -37.1835 2.40308
    endloop
  endfacet
  facet normal 0.146938 0.989146 -0
    outer loop
      vertex 44.7386 -37.213 0
      vertex 44.573 -37.1884 2.38971
      vertex 44.7386 -37.213 10
    endloop
  endfacet
  facet normal 0.146938 0.989146 0
    outer loop
      vertex 44.573 -37.1884 2.38971
      vertex 44.7386 -37.213 0
      vertex 44.573 -37.1884 0
    endloop
  endfacet
  facet normal -0.0490402 0.998797 -1.90183e-06
    outer loop
      vertex 42.9078 -37.1186 2.44844
      vertex 42.8627 -37.1208 10
      vertex 43.49 -37.09 10
    endloop
  endfacet
  facet normal -0.0487226 0.998812 0
    outer loop
      vertex 42.8627 -37.1208 10
      vertex 42.9078 -37.1186 2.44844
      vertex 42.8627 -37.1208 2.44865
    endloop
  endfacet
  facet normal -0.0490514 0.998796 -1.03978e-06
    outer loop
      vertex 43.49 -37.09 10
      vertex 43.3069 -37.099 2.44432
      vertex 42.9078 -37.1186 2.44844
    endloop
  endfacet
  facet normal -0.0490942 0.998794 0
    outer loop
      vertex 43.3069 -37.099 2.44432
      vertex 43.49 -37.09 10
      vertex 43.49 -37.09 2.44108
    endloop
  endfacet
  facet normal -0.427552 -0.903991 0
    outer loop
      vertex 40.4731 -49.1343 0
      vertex 41.0408 -49.4028 10
      vertex 40.4731 -49.1343 10
    endloop
  endfacet
  facet normal -0.427552 -0.903991 -0
    outer loop
      vertex 41.0408 -49.4028 10
      vertex 40.4731 -49.1343 0
      vertex 41.0408 -49.4028 0
    endloop
  endfacet
  facet normal 0.595711 -0.803199 0
    outer loop
      vertex 47.0457 -48.8114 0
      vertex 47.5501 -48.4373 10
      vertex 47.0457 -48.8114 10
    endloop
  endfacet
  facet normal 0.595711 -0.803199 0
    outer loop
      vertex 47.5501 -48.4373 10
      vertex 47.0457 -48.8114 0
      vertex 47.5501 -48.4373 0
    endloop
  endfacet
  facet normal 0.998797 -0.0490402 0
    outer loop
      vertex 49.8592 -44.1173 4
      vertex 49.89 -43.49 0
      vertex 49.89 -43.49 4
    endloop
  endfacet
  facet normal 0.998797 -0.0490402 0
    outer loop
      vertex 49.89 -43.49 0
      vertex 49.8592 -44.1173 4
      vertex 49.8592 -44.1173 0
    endloop
  endfacet
  facet normal -0.146791 0.989168 5.8829e-06
    outer loop
      vertex 42.4911 -37.1759 2.45211
      vertex 42.2414 -37.213 10
      vertex 42.8627 -37.1208 10
    endloop
  endfacet
  facet normal -0.145888 0.989301 0
    outer loop
      vertex 42.2414 -37.213 10
      vertex 42.2631 -37.2098 2.45363
      vertex 42.2414 -37.213 2.45372
    endloop
  endfacet
  facet normal -0.147068 0.989126 -3.46661e-06
    outer loop
      vertex 42.2414 -37.213 10
      vertex 42.4911 -37.1759 2.45211
      vertex 42.2631 -37.2098 2.45363
    endloop
  endfacet
  facet normal -0.146674 0.989185 0
    outer loop
      vertex 42.4911 -37.1759 2.45211
      vertex 42.8627 -37.1208 10
      vertex 42.8627 -37.1208 2.44865
    endloop
  endfacet
  facet normal -0.989146 -0.146938 0
    outer loop
      vertex 37.1884 -44.573 0
      vertex 37.213 -44.7386 0
      vertex 37.1884 -44.573 2.38971
    endloop
  endfacet
  facet normal -0.989103 -0.147223 0
    outer loop
      vertex 37.1382 -44.2342 2.42426
      vertex 37.1208 -44.1173 10
      vertex 37.1208 -44.1173 2.42743
    endloop
  endfacet
  facet normal -0.989239 -0.146308 2.60433e-05
    outer loop
      vertex 37.213 -44.7386 10
      vertex 37.1382 -44.2342 2.42426
      vertex 37.1667 -44.4269 2.41468
    endloop
  endfacet
  facet normal -0.989071 -0.147437 -2.13718e-05
    outer loop
      vertex 37.213 -44.7386 10
      vertex 37.1667 -44.4269 2.41468
      vertex 37.1835 -44.5396 2.40308
    endloop
  endfacet
  facet normal -0.989407 -0.145168 3.93605e-05
    outer loop
      vertex 37.213 -44.7386 10
      vertex 37.1835 -44.5396 2.40308
      vertex 37.1884 -44.573 2.38971
    endloop
  endfacet
  facet normal -0.989146 -0.146938 -0
    outer loop
      vertex 37.213 -44.7386 10
      vertex 37.1884 -44.573 2.38971
      vertex 37.213 -44.7386 0
    endloop
  endfacet
  facet normal -0.989168 -0.146791 -6.81749e-06
    outer loop
      vertex 37.1382 -44.2342 2.42426
      vertex 37.213 -44.7386 10
      vertex 37.1208 -44.1173 10
    endloop
  endfacet
  facet normal 0.336881 -0.941547 0
    outer loop
      vertex 45.3478 -49.6144 0
      vertex 45.9392 -49.4028 10
      vertex 45.3478 -49.6144 10
    endloop
  endfacet
  facet normal 0.336881 -0.941547 0
    outer loop
      vertex 45.9392 -49.4028 10
      vertex 45.3478 -49.6144 0
      vertex 45.9392 -49.4028 0
    endloop
  endfacet
  facet normal 0.242985 -0.97003 0
    outer loop
      vertex 44.7386 -49.767 0
      vertex 45.3478 -49.6144 10
      vertex 44.7386 -49.767 10
    endloop
  endfacet
  facet normal 0.242985 -0.97003 0
    outer loop
      vertex 45.3478 -49.6144 10
      vertex 44.7386 -49.767 0
      vertex 45.3478 -49.6144 0
    endloop
  endfacet
  facet normal -0.903949 0.427641 0
    outer loop
      vertex 37.8044 -40.5604 2.46293
      vertex 37.8457 -40.4731 10
      vertex 37.8457 -40.4731 2.46293
    endloop
  endfacet
  facet normal -0.903994 0.427545 1.36459e-06
    outer loop
      vertex 37.6007 -40.9911 2.46135
      vertex 37.8457 -40.4731 10
      vertex 37.8044 -40.5604 2.46293
    endloop
  endfacet
  facet normal -0.904034 0.427461 0
    outer loop
      vertex 37.5772 -41.0408 10
      vertex 37.6007 -40.9911 2.46135
      vertex 37.5772 -41.0408 2.46097
    endloop
  endfacet
  facet normal -0.903991 0.427552 7.39298e-07
    outer loop
      vertex 37.6007 -40.9911 2.46135
      vertex 37.5772 -41.0408 10
      vertex 37.8457 -40.4731 10
    endloop
  endfacet
  facet normal -0.740962 -0.671547 0
    outer loop
      vertex 38.9645 -48.0155 0
      vertex 38.5427 -47.5501 10
      vertex 38.5427 -47.5501 0
    endloop
  endfacet
  facet normal -0.740962 -0.671547 0
    outer loop
      vertex 38.5427 -47.5501 10
      vertex 38.9645 -48.0155 0
      vertex 38.9645 -48.0155 10
    endloop
  endfacet
  facet normal -0.595635 -0.803255 0
    outer loop
      vertex 39.4299 -48.4373 0
      vertex 39.9344 -48.8114 10
      vertex 39.4299 -48.4373 10
    endloop
  endfacet
  facet normal -0.595635 -0.803255 -0
    outer loop
      vertex 39.9344 -48.8114 10
      vertex 39.4299 -48.4373 0
      vertex 39.9344 -48.8114 0
    endloop
  endfacet
  facet normal 0.903991 -0.427552 0
    outer loop
      vertex 49.1343 -46.5069 10
      vertex 49.4028 -45.9392 0
      vertex 49.4028 -45.9392 10
    endloop
  endfacet
  facet normal 0.903991 -0.427552 0
    outer loop
      vertex 49.4028 -45.9392 0
      vertex 49.1343 -46.5069 10
      vertex 49.1343 -46.5069 0
    endloop
  endfacet
  facet normal 0.85776 -0.514051 0
    outer loop
      vertex 48.8114 -47.0457 10
      vertex 49.1343 -46.5069 0
      vertex 49.1343 -46.5069 10
    endloop
  endfacet
  facet normal 0.85776 -0.514051 0
    outer loop
      vertex 49.1343 -46.5069 0
      vertex 48.8114 -47.0457 10
      vertex 48.8114 -47.0457 0
    endloop
  endfacet
  facet normal -0.0490402 -0.998797 0
    outer loop
      vertex 42.8627 -49.8592 0
      vertex 43.49 -49.89 10
      vertex 42.8627 -49.8592 10
    endloop
  endfacet
  facet normal -0.0490402 -0.998797 -0
    outer loop
      vertex 43.49 -49.89 10
      vertex 42.8627 -49.8592 0
      vertex 43.49 -49.89 0
    endloop
  endfacet
  facet normal 0 0 1
    outer loop
      vertex 47.7319 -42.6462 10
      vertex 49.767 -42.2414 10
      vertex 49.6144 -41.6322 10
    endloop
  endfacet
  facet normal 0 0 1
    outer loop
      vertex 47.6288 -42.2345 10
      vertex 49.6144 -41.6322 10
      vertex 49.4028 -41.0408 10
    endloop
  endfacet
  facet normal 0 0 1
    outer loop
      vertex 47.4858 -41.8349 10
      vertex 49.4028 -41.0408 10
      vertex 49.1343 -40.4731 10
    endloop
  endfacet
  facet normal 0 0 1
    outer loop
      vertex 47.3043 -41.4512 10
      vertex 49.1343 -40.4731 10
      vertex 48.8114 -39.9344 10
    endloop
  endfacet
  facet normal 0 0 1
    outer loop
      vertex 47.0861 -41.0872 10
      vertex 48.8114 -39.9344 10
      vertex 48.4373 -39.4299 10
    endloop
  endfacet
  facet normal 0 0 1
    outer loop
      vertex 46.8333 -40.7463 10
      vertex 48.4373 -39.4299 10
      vertex 48.0155 -38.9645 10
    endloop
  endfacet
  facet normal 0 0 1
    outer loop
      vertex 49.1343 -40.4731 10
      vertex 47.3043 -41.4512 10
      vertex 47.4858 -41.8349 10
    endloop
  endfacet
  facet normal 0 0 1
    outer loop
      vertex 49.767 -42.2414 10
      vertex 47.7384 -42.69 10
      vertex 49.8336 -42.69 10
    endloop
  endfacet
  facet normal 0 -0 1
    outer loop
      vertex 47.7384 -42.69 10
      vertex 49.767 -42.2414 10
      vertex 47.7319 -42.6462 10
    endloop
  endfacet
  facet normal 0 0 1
    outer loop
      vertex 46.5482 -40.4318 10
      vertex 48.0155 -38.9645 10
      vertex 47.5501 -38.5427 10
    endloop
  endfacet
  facet normal 0 -0 1
    outer loop
      vertex 47.7319 -42.6462 10
      vertex 49.6144 -41.6322 10
      vertex 47.6288 -42.2345 10
    endloop
  endfacet
  facet normal 0 0 1
    outer loop
      vertex 49.4028 -41.0408 10
      vertex 47.4858 -41.8349 10
      vertex 47.6288 -42.2345 10
    endloop
  endfacet
  facet normal 0 0 1
    outer loop
      vertex 48.8114 -39.9344 10
      vertex 47.0861 -41.0872 10
      vertex 47.3043 -41.4512 10
    endloop
  endfacet
  facet normal 0 0 1
    outer loop
      vertex 46.2337 -40.1467 10
      vertex 47.5501 -38.5427 10
      vertex 47.0457 -38.1686 10
    endloop
  endfacet
  facet normal 0 0 1
    outer loop
      vertex 48.4373 -39.4299 10
      vertex 46.8333 -40.7463 10
      vertex 47.0861 -41.0872 10
    endloop
  endfacet
  facet normal 0 0 1
    outer loop
      vertex 48.0155 -38.9645 10
      vertex 46.5482 -40.4318 10
      vertex 46.8333 -40.7463 10
    endloop
  endfacet
  facet normal 0 0 1
    outer loop
      vertex 45.8928 -39.8939 10
      vertex 47.0457 -38.1686 10
      vertex 46.5069 -37.8457 10
    endloop
  endfacet
  facet normal 0 0 1
    outer loop
      vertex 47.5501 -38.5427 10
      vertex 46.2337 -40.1467 10
      vertex 46.5482 -40.4318 10
    endloop
  endfacet
  facet normal 0 0 1
    outer loop
      vertex 45.5288 -39.6757 10
      vertex 46.5069 -37.8457 10
      vertex 45.9392 -37.5772 10
    endloop
  endfacet
  facet normal 0 0 1
    outer loop
      vertex 47.0457 -38.1686 10
      vertex 45.8928 -39.8939 10
      vertex 46.2337 -40.1467 10
    endloop
  endfacet
  facet normal 0 0 1
    outer loop
      vertex 46.5069 -37.8457 10
      vertex 45.5288 -39.6757 10
      vertex 45.8928 -39.8939 10
    endloop
  endfacet
  facet normal 0 0 1
    outer loop
      vertex 45.1451 -39.4942 10
      vertex 45.9392 -37.5772 10
      vertex 45.3478 -37.3656 10
    endloop
  endfacet
  facet normal 0 0 1
    outer loop
      vertex 45.9392 -37.5772 10
      vertex 45.1451 -39.4942 10
      vertex 45.5288 -39.6757 10
    endloop
  endfacet
  facet normal 0 0 1
    outer loop
      vertex 45.3478 -37.3656 10
      vertex 44.7455 -39.3512 10
      vertex 45.1451 -39.4942 10
    endloop
  endfacet
  facet normal 0 0 1
    outer loop
      vertex 44.7386 -37.213 10
      vertex 44.7455 -39.3512 10
      vertex 45.3478 -37.3656 10
    endloop
  endfacet
  facet normal 0 0 1
    outer loop
      vertex 44.7386 -37.213 10
      vertex 44.3338 -39.2481 10
      vertex 44.7455 -39.3512 10
    endloop
  endfacet
  facet normal 0 0 1
    outer loop
      vertex 44.1173 -37.1208 10
      vertex 44.3338 -39.2481 10
      vertex 44.7386 -37.213 10
    endloop
  endfacet
  facet normal 0 0 1
    outer loop
      vertex 44.1173 -37.1208 10
      vertex 43.9139 -39.1858 10
      vertex 44.3338 -39.2481 10
    endloop
  endfacet
  facet normal 0 0 1
    outer loop
      vertex 43.49 -37.09 10
      vertex 43.9139 -39.1858 10
      vertex 44.1173 -37.1208 10
    endloop
  endfacet
  facet normal 0 0 1
    outer loop
      vertex 43.49 -37.09 10
      vertex 43.49 -39.165 10
      vertex 43.9139 -39.1858 10
    endloop
  endfacet
  facet normal 0 0 1
    outer loop
      vertex 43.49 -37.09 10
      vertex 43.0661 -39.1858 10
      vertex 43.49 -39.165 10
    endloop
  endfacet
  facet normal -0 0 1
    outer loop
      vertex 42.8627 -37.1208 10
      vertex 43.0661 -39.1858 10
      vertex 43.49 -37.09 10
    endloop
  endfacet
  facet normal 0 0 1
    outer loop
      vertex 42.8627 -37.1208 10
      vertex 42.6462 -39.2481 10
      vertex 43.0661 -39.1858 10
    endloop
  endfacet
  facet normal -0 0 1
    outer loop
      vertex 42.2414 -37.213 10
      vertex 42.6462 -39.2481 10
      vertex 42.8627 -37.1208 10
    endloop
  endfacet
  facet normal 0 0 1
    outer loop
      vertex 42.2414 -37.213 10
      vertex 42.2345 -39.3512 10
      vertex 42.6462 -39.2481 10
    endloop
  endfacet
  facet normal -0 0 1
    outer loop
      vertex 41.6322 -37.3656 10
      vertex 42.2345 -39.3512 10
      vertex 42.2414 -37.213 10
    endloop
  endfacet
  facet normal 0 0 1
    outer loop
      vertex 42.2345 -39.3512 10
      vertex 41.6322 -37.3656 10
      vertex 41.8349 -39.4942 10
    endloop
  endfacet
  facet normal -0 0 1
    outer loop
      vertex 41.0408 -37.5772 10
      vertex 41.8349 -39.4942 10
      vertex 41.6322 -37.3656 10
    endloop
  endfacet
  facet normal 0 0 1
    outer loop
      vertex 41.8349 -39.4942 10
      vertex 41.0408 -37.5772 10
      vertex 41.4512 -39.6757 10
    endloop
  endfacet
  facet normal -0 0 1
    outer loop
      vertex 40.4731 -37.8457 10
      vertex 41.4512 -39.6757 10
      vertex 41.0408 -37.5772 10
    endloop
  endfacet
  facet normal 0 0 1
    outer loop
      vertex 41.4512 -39.6757 10
      vertex 40.4731 -37.8457 10
      vertex 41.0872 -39.8939 10
    endloop
  endfacet
  facet normal -0 0 1
    outer loop
      vertex 39.9344 -38.1686 10
      vertex 41.0872 -39.8939 10
      vertex 40.4731 -37.8457 10
    endloop
  endfacet
  facet normal 0 0 1
    outer loop
      vertex 41.0872 -39.8939 10
      vertex 39.9344 -38.1686 10
      vertex 40.7463 -40.1467 10
    endloop
  endfacet
  facet normal -0 0 1
    outer loop
      vertex 39.4299 -38.5427 10
      vertex 40.7463 -40.1467 10
      vertex 39.9344 -38.1686 10
    endloop
  endfacet
  facet normal 0 0 1
    outer loop
      vertex 40.7463 -40.1467 10
      vertex 39.4299 -38.5427 10
      vertex 40.4318 -40.4318 10
    endloop
  endfacet
  facet normal -0 0 1
    outer loop
      vertex 38.9645 -38.9645 10
      vertex 40.4318 -40.4318 10
      vertex 39.4299 -38.5427 10
    endloop
  endfacet
  facet normal 0 0 1
    outer loop
      vertex 40.4318 -40.4318 10
      vertex 38.9645 -38.9645 10
      vertex 40.1467 -40.7463 10
    endloop
  endfacet
  facet normal -0 0 1
    outer loop
      vertex 38.5427 -39.4299 10
      vertex 40.1467 -40.7463 10
      vertex 38.9645 -38.9645 10
    endloop
  endfacet
  facet normal 0 0 1
    outer loop
      vertex 40.1467 -40.7463 10
      vertex 38.5427 -39.4299 10
      vertex 39.8939 -41.0872 10
    endloop
  endfacet
  facet normal -0 0 1
    outer loop
      vertex 38.1686 -39.9344 10
      vertex 39.8939 -41.0872 10
      vertex 38.5427 -39.4299 10
    endloop
  endfacet
  facet normal 0 0 1
    outer loop
      vertex 39.8939 -41.0872 10
      vertex 38.1686 -39.9344 10
      vertex 39.6757 -41.4512 10
    endloop
  endfacet
  facet normal -0 0 1
    outer loop
      vertex 37.8457 -40.4731 10
      vertex 39.6757 -41.4512 10
      vertex 38.1686 -39.9344 10
    endloop
  endfacet
  facet normal -0 0 1
    outer loop
      vertex 37.5772 -41.0408 10
      vertex 39.4942 -41.8349 10
      vertex 37.8457 -40.4731 10
    endloop
  endfacet
  facet normal 0 0 1
    outer loop
      vertex 39.6757 -41.4512 10
      vertex 37.8457 -40.4731 10
      vertex 39.4942 -41.8349 10
    endloop
  endfacet
  facet normal -0 0 1
    outer loop
      vertex 47.7384 -44.29 10
      vertex 49.767 -44.7386 10
      vertex 49.8336 -44.29 10
    endloop
  endfacet
  facet normal 0 0 1
    outer loop
      vertex 49.767 -44.7386 10
      vertex 47.7319 -44.3338 10
      vertex 49.6144 -45.3478 10
    endloop
  endfacet
  facet normal 0 0 1
    outer loop
      vertex 49.6144 -45.3478 10
      vertex 47.6288 -44.7455 10
      vertex 49.4028 -45.9392 10
    endloop
  endfacet
  facet normal -0 0 1
    outer loop
      vertex 47.4858 -45.1451 10
      vertex 49.4028 -45.9392 10
      vertex 47.6288 -44.7455 10
    endloop
  endfacet
  facet normal -0 0 1
    outer loop
      vertex 47.3043 -45.5288 10
      vertex 49.1343 -46.5069 10
      vertex 47.4858 -45.1451 10
    endloop
  endfacet
  facet normal 0 0 1
    outer loop
      vertex 49.1343 -46.5069 10
      vertex 47.3043 -45.5288 10
      vertex 48.8114 -47.0457 10
    endloop
  endfacet
  facet normal 0 0 1
    outer loop
      vertex 49.767 -44.7386 10
      vertex 47.7384 -44.29 10
      vertex 47.7319 -44.3338 10
    endloop
  endfacet
  facet normal 0 0 1
    outer loop
      vertex 49.6144 -45.3478 10
      vertex 47.7319 -44.3338 10
      vertex 47.6288 -44.7455 10
    endloop
  endfacet
  facet normal 0 0 1
    outer loop
      vertex 49.4028 -45.9392 10
      vertex 47.4858 -45.1451 10
      vertex 49.1343 -46.5069 10
    endloop
  endfacet
  facet normal -0 0 1
    outer loop
      vertex 47.0861 -45.8928 10
      vertex 48.8114 -47.0457 10
      vertex 47.3043 -45.5288 10
    endloop
  endfacet
  facet normal 0 0 1
    outer loop
      vertex 48.8114 -47.0457 10
      vertex 47.0861 -45.8928 10
      vertex 48.4373 -47.5501 10
    endloop
  endfacet
  facet normal -0 0 1
    outer loop
      vertex 46.8333 -46.2337 10
      vertex 48.4373 -47.5501 10
      vertex 47.0861 -45.8928 10
    endloop
  endfacet
  facet normal 0 0 1
    outer loop
      vertex 48.4373 -47.5501 10
      vertex 46.8333 -46.2337 10
      vertex 48.0155 -48.0155 10
    endloop
  endfacet
  facet normal -0 0 1
    outer loop
      vertex 46.5482 -46.5482 10
      vertex 48.0155 -48.0155 10
      vertex 46.8333 -46.2337 10
    endloop
  endfacet
  facet normal 0 0 1
    outer loop
      vertex 48.0155 -48.0155 10
      vertex 46.5482 -46.5482 10
      vertex 47.5501 -48.4373 10
    endloop
  endfacet
  facet normal -0 0 1
    outer loop
      vertex 46.2337 -46.8333 10
      vertex 47.5501 -48.4373 10
      vertex 46.5482 -46.5482 10
    endloop
  endfacet
  facet normal 0 0 1
    outer loop
      vertex 47.5501 -48.4373 10
      vertex 46.2337 -46.8333 10
      vertex 47.0457 -48.8114 10
    endloop
  endfacet
  facet normal -0 0 1
    outer loop
      vertex 45.8928 -47.0861 10
      vertex 47.0457 -48.8114 10
      vertex 46.2337 -46.8333 10
    endloop
  endfacet
  facet normal 0 0 1
    outer loop
      vertex 47.0457 -48.8114 10
      vertex 45.8928 -47.0861 10
      vertex 46.5069 -49.1343 10
    endloop
  endfacet
  facet normal -0 0 1
    outer loop
      vertex 45.5288 -47.3043 10
      vertex 46.5069 -49.1343 10
      vertex 45.8928 -47.0861 10
    endloop
  endfacet
  facet normal 0 0 1
    outer loop
      vertex 46.5069 -49.1343 10
      vertex 45.5288 -47.3043 10
      vertex 45.9392 -49.4028 10
    endloop
  endfacet
  facet normal -0 0 1
    outer loop
      vertex 45.1451 -47.4858 10
      vertex 45.9392 -49.4028 10
      vertex 45.5288 -47.3043 10
    endloop
  endfacet
  facet normal 0 0 1
    outer loop
      vertex 45.9392 -49.4028 10
      vertex 45.1451 -47.4858 10
      vertex 45.3478 -49.6144 10
    endloop
  endfacet
  facet normal -0 0 1
    outer loop
      vertex 44.7455 -47.6288 10
      vertex 45.3478 -49.6144 10
      vertex 45.1451 -47.4858 10
    endloop
  endfacet
  facet normal 0 0 1
    outer loop
      vertex 44.7455 -47.6288 10
      vertex 44.7386 -49.767 10
      vertex 45.3478 -49.6144 10
    endloop
  endfacet
  facet normal -0 0 1
    outer loop
      vertex 44.3338 -47.7319 10
      vertex 44.7386 -49.767 10
      vertex 44.7455 -47.6288 10
    endloop
  endfacet
  facet normal 0 0 1
    outer loop
      vertex 44.3338 -47.7319 10
      vertex 44.1173 -49.8592 10
      vertex 44.7386 -49.767 10
    endloop
  endfacet
  facet normal -0 0 1
    outer loop
      vertex 43.9139 -47.7942 10
      vertex 44.1173 -49.8592 10
      vertex 44.3338 -47.7319 10
    endloop
  endfacet
  facet normal -0 0 1
    outer loop
      vertex 43.49 -47.815 10
      vertex 44.1173 -49.8592 10
      vertex 43.9139 -47.7942 10
    endloop
  endfacet
  facet normal 0 0 1
    outer loop
      vertex 43.49 -47.815 10
      vertex 43.49 -49.89 10
      vertex 44.1173 -49.8592 10
    endloop
  endfacet
  facet normal 0 0 1
    outer loop
      vertex 43.0661 -47.7942 10
      vertex 43.49 -49.89 10
      vertex 43.49 -47.815 10
    endloop
  endfacet
  facet normal 0 0 1
    outer loop
      vertex 43.0661 -47.7942 10
      vertex 42.8627 -49.8592 10
      vertex 43.49 -49.89 10
    endloop
  endfacet
  facet normal 0 0 1
    outer loop
      vertex 42.6462 -47.7319 10
      vertex 42.8627 -49.8592 10
      vertex 43.0661 -47.7942 10
    endloop
  endfacet
  facet normal 0 0 1
    outer loop
      vertex 42.6462 -47.7319 10
      vertex 42.2414 -49.767 10
      vertex 42.8627 -49.8592 10
    endloop
  endfacet
  facet normal 0 0 1
    outer loop
      vertex 42.2345 -47.6288 10
      vertex 42.2414 -49.767 10
      vertex 42.6462 -47.7319 10
    endloop
  endfacet
  facet normal 0 0 1
    outer loop
      vertex 41.6322 -49.6144 10
      vertex 42.2345 -47.6288 10
      vertex 41.8349 -47.4858 10
    endloop
  endfacet
  facet normal 0 0 1
    outer loop
      vertex 42.2345 -47.6288 10
      vertex 41.6322 -49.6144 10
      vertex 42.2414 -49.767 10
    endloop
  endfacet
  facet normal 0 0 1
    outer loop
      vertex 41.0408 -49.4028 10
      vertex 41.8349 -47.4858 10
      vertex 41.4512 -47.3043 10
    endloop
  endfacet
  facet normal 0 0 1
    outer loop
      vertex 40.4731 -49.1343 10
      vertex 41.4512 -47.3043 10
      vertex 41.0872 -47.0861 10
    endloop
  endfacet
  facet normal 0 0 1
    outer loop
      vertex 41.8349 -47.4858 10
      vertex 41.0408 -49.4028 10
      vertex 41.6322 -49.6144 10
    endloop
  endfacet
  facet normal 0 0 1
    outer loop
      vertex 39.9344 -48.8114 10
      vertex 41.0872 -47.0861 10
      vertex 40.7463 -46.8333 10
    endloop
  endfacet
  facet normal 0 0 1
    outer loop
      vertex 41.4512 -47.3043 10
      vertex 40.4731 -49.1343 10
      vertex 41.0408 -49.4028 10
    endloop
  endfacet
  facet normal 0 0 1
    outer loop
      vertex 39.4299 -48.4373 10
      vertex 40.7463 -46.8333 10
      vertex 40.4318 -46.5482 10
    endloop
  endfacet
  facet normal 0 0 1
    outer loop
      vertex 38.9645 -48.0155 10
      vertex 40.4318 -46.5482 10
      vertex 40.1467 -46.2337 10
    endloop
  endfacet
  facet normal 0 0 1
    outer loop
      vertex 41.0872 -47.0861 10
      vertex 39.9344 -48.8114 10
      vertex 40.4731 -49.1343 10
    endloop
  endfacet
  facet normal 0 0 1
    outer loop
      vertex 38.5427 -47.5501 10
      vertex 40.1467 -46.2337 10
      vertex 39.8939 -45.8928 10
    endloop
  endfacet
  facet normal 0 0 1
    outer loop
      vertex 38.1686 -47.0457 10
      vertex 39.8939 -45.8928 10
      vertex 39.6757 -45.5288 10
    endloop
  endfacet
  facet normal 0 0 1
    outer loop
      vertex 37.8457 -46.5069 10
      vertex 39.6757 -45.5288 10
      vertex 39.4942 -45.1451 10
    endloop
  endfacet
  facet normal 0 0 1
    outer loop
      vertex 40.7463 -46.8333 10
      vertex 39.4299 -48.4373 10
      vertex 39.9344 -48.8114 10
    endloop
  endfacet
  facet normal 0 0 1
    outer loop
      vertex 37.5772 -45.9392 10
      vertex 39.4942 -45.1451 10
      vertex 39.3512 -44.7455 10
    endloop
  endfacet
  facet normal 0 0 1
    outer loop
      vertex 37.3656 -45.3478 10
      vertex 39.3512 -44.7455 10
      vertex 39.2481 -44.3338 10
    endloop
  endfacet
  facet normal 0 0 1
    outer loop
      vertex 37.213 -44.7386 10
      vertex 39.2481 -44.3338 10
      vertex 39.1858 -43.9139 10
    endloop
  endfacet
  facet normal 0 0 1
    outer loop
      vertex 40.4318 -46.5482 10
      vertex 38.9645 -48.0155 10
      vertex 39.4299 -48.4373 10
    endloop
  endfacet
  facet normal 0 0 1
    outer loop
      vertex 37.1208 -44.1173 10
      vertex 39.1858 -43.9139 10
      vertex 39.165 -43.49 10
    endloop
  endfacet
  facet normal 0 0 1
    outer loop
      vertex 39.4942 -41.8349 10
      vertex 37.5772 -41.0408 10
      vertex 39.3512 -42.2345 10
    endloop
  endfacet
  facet normal -0 0 1
    outer loop
      vertex 37.3656 -41.6322 10
      vertex 39.3512 -42.2345 10
      vertex 37.5772 -41.0408 10
    endloop
  endfacet
  facet normal 0 0 1
    outer loop
      vertex 40.1467 -46.2337 10
      vertex 38.5427 -47.5501 10
      vertex 38.9645 -48.0155 10
    endloop
  endfacet
  facet normal 0 0 1
    outer loop
      vertex 39.3512 -42.2345 10
      vertex 37.3656 -41.6322 10
      vertex 39.2481 -42.6462 10
    endloop
  endfacet
  facet normal 0 0 1
    outer loop
      vertex 39.8939 -45.8928 10
      vertex 38.1686 -47.0457 10
      vertex 38.5427 -47.5501 10
    endloop
  endfacet
  facet normal -0 0 1
    outer loop
      vertex 37.213 -42.2414 10
      vertex 39.2481 -42.6462 10
      vertex 37.3656 -41.6322 10
    endloop
  endfacet
  facet normal 0 0 1
    outer loop
      vertex 39.6757 -45.5288 10
      vertex 37.8457 -46.5069 10
      vertex 38.1686 -47.0457 10
    endloop
  endfacet
  facet normal 0 0 1
    outer loop
      vertex 39.2481 -42.6462 10
      vertex 37.213 -42.2414 10
      vertex 39.1858 -43.0661 10
    endloop
  endfacet
  facet normal 0 0 1
    outer loop
      vertex 39.4942 -45.1451 10
      vertex 37.5772 -45.9392 10
      vertex 37.8457 -46.5069 10
    endloop
  endfacet
  facet normal -0 0 1
    outer loop
      vertex 37.1208 -42.8627 10
      vertex 39.1858 -43.0661 10
      vertex 37.213 -42.2414 10
    endloop
  endfacet
  facet normal 0 0 1
    outer loop
      vertex 39.3512 -44.7455 10
      vertex 37.3656 -45.3478 10
      vertex 37.5772 -45.9392 10
    endloop
  endfacet
  facet normal 0 0 1
    outer loop
      vertex 39.1858 -43.0661 10
      vertex 37.1208 -42.8627 10
      vertex 39.165 -43.49 10
    endloop
  endfacet
  facet normal 0 0 1
    outer loop
      vertex 39.2481 -44.3338 10
      vertex 37.213 -44.7386 10
      vertex 37.3656 -45.3478 10
    endloop
  endfacet
  facet normal 0 0 1
    outer loop
      vertex 37.09 -43.49 10
      vertex 39.165 -43.49 10
      vertex 37.1208 -42.8627 10
    endloop
  endfacet
  facet normal 0 0 1
    outer loop
      vertex 39.1858 -43.9139 10
      vertex 37.1208 -44.1173 10
      vertex 37.213 -44.7386 10
    endloop
  endfacet
  facet normal 0 0 1
    outer loop
      vertex 39.165 -43.49 10
      vertex 37.09 -43.49 10
      vertex 37.1208 -44.1173 10
    endloop
  endfacet
  facet normal -0.998812 0.0487226 0
    outer loop
      vertex 37.1186 -42.9078 2.44844
      vertex 37.1208 -42.8627 10
      vertex 37.1208 -42.8627 2.44865
    endloop
  endfacet
  facet normal -0.998796 0.0490514 -1.96866e-06
    outer loop
      vertex 37.099 -43.3069 2.44432
      vertex 37.1208 -42.8627 10
      vertex 37.1186 -42.9078 2.44844
    endloop
  endfacet
  facet normal -0.998794 0.0490942 0
    outer loop
      vertex 37.09 -43.49 10
      vertex 37.099 -43.3069 2.44432
      vertex 37.09 -43.49 2.44108
    endloop
  endfacet
  facet normal -0.998797 0.0490402 -1.31075e-06
    outer loop
      vertex 37.099 -43.3069 2.44432
      vertex 37.09 -43.49 10
      vertex 37.1208 -42.8627 10
    endloop
  endfacet
  facet normal 0.671547 -0.740962 0
    outer loop
      vertex 47.5501 -48.4373 0
      vertex 48.0155 -48.0155 10
      vertex 47.5501 -48.4373 10
    endloop
  endfacet
  facet normal 0.671547 -0.740962 0
    outer loop
      vertex 48.0155 -48.0155 10
      vertex 47.5501 -48.4373 0
      vertex 48.0155 -48.0155 0
    endloop
  endfacet
  facet normal -0.989167 -0.146794 0
    outer loop
      vertex 47.7319 -42.6462 2.5
      vertex 47.7384 -42.69 4
      vertex 47.7319 -42.6462 10
    endloop
  endfacet
  facet normal -0.989172 -0.146762 9.57998e-07
    outer loop
      vertex 47.7942 -43.0661 2.5
      vertex 47.7384 -42.69 4
      vertex 47.7319 -42.6462 2.5
    endloop
  endfacet
  facet normal -0.989172 -0.146758 0
    outer loop
      vertex 47.7384 -42.69 4
      vertex 47.7942 -43.0661 2.5
      vertex 47.7942 -43.0661 4
    endloop
  endfacet
  facet normal -0.989167 -0.146794 0
    outer loop
      vertex 47.7319 -42.6462 10
      vertex 47.7384 -42.69 4
      vertex 47.7384 -42.69 10
    endloop
  endfacet
  facet normal -0.998798 -0.0490092 0
    outer loop
      vertex 47.815 -43.49 2.5
      vertex 47.7942 -43.0661 4
      vertex 47.7942 -43.0661 2.5
    endloop
  endfacet
  facet normal -0.998798 -0.0490092 0
    outer loop
      vertex 47.7942 -43.0661 4
      vertex 47.815 -43.49 2.5
      vertex 47.815 -43.49 4
    endloop
  endfacet
  facet normal -0.970045 -0.242924 0
    outer loop
      vertex 47.7319 -42.6462 2.5
      vertex 47.6288 -42.2345 10
      vertex 47.6288 -42.2345 2.5
    endloop
  endfacet
  facet normal -0.970045 -0.242924 0
    outer loop
      vertex 47.6288 -42.2345 10
      vertex 47.7319 -42.6462 2.5
      vertex 47.7319 -42.6462 10
    endloop
  endfacet
  facet normal -0.336933 0.941528 0
    outer loop
      vertex 45.1451 -47.4858 2.5
      vertex 44.7455 -47.6288 10
      vertex 45.1451 -47.4858 10
    endloop
  endfacet
  facet normal -0.336933 0.941528 0
    outer loop
      vertex 44.7455 -47.6288 10
      vertex 45.1451 -47.4858 2.5
      vertex 44.7455 -47.6288 2.5
    endloop
  endfacet
  facet normal -0.740888 -0.671629 0
    outer loop
      vertex 46.8333 -40.7463 2.5
      vertex 46.5482 -40.4318 10
      vertex 46.5482 -40.4318 2.5
    endloop
  endfacet
  facet normal -0.740888 -0.671629 0
    outer loop
      vertex 46.5482 -40.4318 10
      vertex 46.8333 -40.7463 2.5
      vertex 46.8333 -40.7463 10
    endloop
  endfacet
  facet normal -0.514149 0.857701 0
    outer loop
      vertex 45.8928 -47.0861 2.5
      vertex 45.5288 -47.3043 10
      vertex 45.8928 -47.0861 10
    endloop
  endfacet
  facet normal -0.514149 0.857701 0
    outer loop
      vertex 45.5288 -47.3043 10
      vertex 45.8928 -47.0861 2.5
      vertex 45.5288 -47.3043 2.5
    endloop
  endfacet
  facet normal 0.4276 -0.903968 0
    outer loop
      vertex 41.4512 -39.6757 2.5
      vertex 41.8349 -39.4942 10
      vertex 41.4512 -39.6757 10
    endloop
  endfacet
  facet normal 0.4276 -0.903968 0
    outer loop
      vertex 41.8349 -39.4942 10
      vertex 41.4512 -39.6757 2.5
      vertex 41.8349 -39.4942 2.5
    endloop
  endfacet
  facet normal -0.989172 0.146758 0
    outer loop
      vertex 47.7942 -43.9139 2.5
      vertex 47.7384 -44.29 4
      vertex 47.7942 -43.9139 4
    endloop
  endfacet
  facet normal -0.989172 0.146762 9.57998e-07
    outer loop
      vertex 47.7319 -44.3338 2.5
      vertex 47.7384 -44.29 4
      vertex 47.7942 -43.9139 2.5
    endloop
  endfacet
  facet normal -0.989167 0.146794 0
    outer loop
      vertex 47.7319 -44.3338 10
      vertex 47.7384 -44.29 4
      vertex 47.7319 -44.3338 2.5
    endloop
  endfacet
  facet normal -0.989167 0.146794 0
    outer loop
      vertex 47.7384 -44.29 4
      vertex 47.7319 -44.3338 10
      vertex 47.7384 -44.29 10
    endloop
  endfacet
  facet normal -0.242924 0.970045 0
    outer loop
      vertex 44.7455 -47.6288 2.5
      vertex 44.3338 -47.7319 10
      vertex 44.7455 -47.6288 10
    endloop
  endfacet
  facet normal -0.242924 0.970045 0
    outer loop
      vertex 44.3338 -47.7319 10
      vertex 44.7455 -47.6288 2.5
      vertex 44.3338 -47.7319 2.5
    endloop
  endfacet
  facet normal 0.242924 -0.970045 0
    outer loop
      vertex 42.2345 -39.3512 2.5
      vertex 42.6462 -39.2481 10
      vertex 42.2345 -39.3512 10
    endloop
  endfacet
  facet normal 0.242924 -0.970045 0
    outer loop
      vertex 42.6462 -39.2481 10
      vertex 42.2345 -39.3512 2.5
      vertex 42.6462 -39.2481 2.5
    endloop
  endfacet
  facet normal 0.941528 0.336933 0
    outer loop
      vertex 39.4942 -45.1451 10
      vertex 39.3512 -44.7455 2.5
      vertex 39.3512 -44.7455 10
    endloop
  endfacet
  facet normal 0.941528 0.336933 0
    outer loop
      vertex 39.3512 -44.7455 2.5
      vertex 39.4942 -45.1451 10
      vertex 39.4942 -45.1451 2.5
    endloop
  endfacet
  facet normal -0.80324 0.595656 0
    outer loop
      vertex 46.8333 -46.2337 2.5
      vertex 47.0861 -45.8928 10
      vertex 47.0861 -45.8928 2.5
    endloop
  endfacet
  facet normal -0.80324 0.595656 0
    outer loop
      vertex 47.0861 -45.8928 10
      vertex 46.8333 -46.2337 2.5
      vertex 46.8333 -46.2337 10
    endloop
  endfacet
  facet normal 0.514149 -0.857701 0
    outer loop
      vertex 41.0872 -39.8939 2.5
      vertex 41.4512 -39.6757 10
      vertex 41.0872 -39.8939 10
    endloop
  endfacet
  facet normal 0.514149 -0.857701 0
    outer loop
      vertex 41.4512 -39.6757 10
      vertex 41.0872 -39.8939 2.5
      vertex 41.4512 -39.6757 2.5
    endloop
  endfacet
  facet normal 0.146762 0.989172 -0
    outer loop
      vertex 43.0661 -47.7942 2.5
      vertex 42.6462 -47.7319 10
      vertex 43.0661 -47.7942 10
    endloop
  endfacet
  facet normal 0.146762 0.989172 0
    outer loop
      vertex 42.6462 -47.7319 10
      vertex 43.0661 -47.7942 2.5
      vertex 42.6462 -47.7319 2.5
    endloop
  endfacet
  facet normal -0.595656 0.80324 0
    outer loop
      vertex 46.2337 -46.8333 2.5
      vertex 45.8928 -47.0861 10
      vertex 46.2337 -46.8333 10
    endloop
  endfacet
  facet normal -0.595656 0.80324 0
    outer loop
      vertex 45.8928 -47.0861 10
      vertex 46.2337 -46.8333 2.5
      vertex 45.8928 -47.0861 2.5
    endloop
  endfacet
  facet normal 0.242924 0.970045 -0
    outer loop
      vertex 42.6462 -47.7319 2.5
      vertex 42.2345 -47.6288 10
      vertex 42.6462 -47.7319 10
    endloop
  endfacet
  facet normal 0.242924 0.970045 0
    outer loop
      vertex 42.2345 -47.6288 10
      vertex 42.6462 -47.7319 2.5
      vertex 42.2345 -47.6288 2.5
    endloop
  endfacet
  facet normal -0.903968 0.4276 0
    outer loop
      vertex 47.3043 -45.5288 2.5
      vertex 47.4858 -45.1451 10
      vertex 47.4858 -45.1451 2.5
    endloop
  endfacet
  facet normal -0.903968 0.4276 0
    outer loop
      vertex 47.4858 -45.1451 10
      vertex 47.3043 -45.5288 2.5
      vertex 47.3043 -45.5288 10
    endloop
  endfacet
  facet normal -0.514149 -0.857701 0
    outer loop
      vertex 45.5288 -39.6757 2.5
      vertex 45.8928 -39.8939 10
      vertex 45.5288 -39.6757 10
    endloop
  endfacet
  facet normal -0.514149 -0.857701 -0
    outer loop
      vertex 45.8928 -39.8939 10
      vertex 45.5288 -39.6757 2.5
      vertex 45.8928 -39.8939 2.5
    endloop
  endfacet
  facet normal 0.857701 0.514149 0
    outer loop
      vertex 39.8939 -45.8928 10
      vertex 39.6757 -45.5288 2.5
      vertex 39.6757 -45.5288 10
    endloop
  endfacet
  facet normal 0.857701 0.514149 0
    outer loop
      vertex 39.6757 -45.5288 2.5
      vertex 39.8939 -45.8928 10
      vertex 39.8939 -45.8928 2.5
    endloop
  endfacet
  facet normal -0.970045 0.242924 0
    outer loop
      vertex 47.6288 -44.7455 2.5
      vertex 47.7319 -44.3338 10
      vertex 47.7319 -44.3338 2.5
    endloop
  endfacet
  facet normal -0.970045 0.242924 0
    outer loop
      vertex 47.7319 -44.3338 10
      vertex 47.6288 -44.7455 2.5
      vertex 47.6288 -44.7455 10
    endloop
  endfacet
  facet normal 0.857701 -0.514149 0
    outer loop
      vertex 39.6757 -41.4512 10
      vertex 39.8939 -41.0872 2.5
      vertex 39.8939 -41.0872 10
    endloop
  endfacet
  facet normal 0.857701 -0.514149 0
    outer loop
      vertex 39.8939 -41.0872 2.5
      vertex 39.6757 -41.4512 10
      vertex 39.6757 -41.4512 2.5
    endloop
  endfacet
  facet normal 0.595656 -0.80324 0
    outer loop
      vertex 40.7463 -40.1467 2.5
      vertex 41.0872 -39.8939 10
      vertex 40.7463 -40.1467 10
    endloop
  endfacet
  facet normal 0.595656 -0.80324 0
    outer loop
      vertex 41.0872 -39.8939 10
      vertex 40.7463 -40.1467 2.5
      vertex 41.0872 -39.8939 2.5
    endloop
  endfacet
  facet normal 0.80324 0.595656 0
    outer loop
      vertex 40.1467 -46.2337 10
      vertex 39.8939 -45.8928 2.5
      vertex 39.8939 -45.8928 10
    endloop
  endfacet
  facet normal 0.80324 0.595656 0
    outer loop
      vertex 39.8939 -45.8928 2.5
      vertex 40.1467 -46.2337 10
      vertex 40.1467 -46.2337 2.5
    endloop
  endfacet
  facet normal -0.4276 -0.903968 0
    outer loop
      vertex 45.1451 -39.4942 2.5
      vertex 45.5288 -39.6757 10
      vertex 45.1451 -39.4942 10
    endloop
  endfacet
  facet normal -0.4276 -0.903968 -0
    outer loop
      vertex 45.5288 -39.6757 10
      vertex 45.1451 -39.4942 2.5
      vertex 45.5288 -39.6757 2.5
    endloop
  endfacet
  facet normal -0.146762 0.989172 0
    outer loop
      vertex 44.3338 -47.7319 2.5
      vertex 43.9139 -47.7942 10
      vertex 44.3338 -47.7319 10
    endloop
  endfacet
  facet normal -0.146762 0.989172 0
    outer loop
      vertex 43.9139 -47.7942 10
      vertex 44.3338 -47.7319 2.5
      vertex 43.9139 -47.7942 2.5
    endloop
  endfacet
  facet normal 0.146762 -0.989172 0
    outer loop
      vertex 42.6462 -39.2481 2.5
      vertex 43.0661 -39.1858 10
      vertex 42.6462 -39.2481 10
    endloop
  endfacet
  facet normal 0.146762 -0.989172 0
    outer loop
      vertex 43.0661 -39.1858 10
      vertex 42.6462 -39.2481 2.5
      vertex 43.0661 -39.1858 2.5
    endloop
  endfacet
  facet normal 0.903968 0.4276 0
    outer loop
      vertex 39.6757 -45.5288 10
      vertex 39.4942 -45.1451 2.5
      vertex 39.4942 -45.1451 10
    endloop
  endfacet
  facet normal 0.903968 0.4276 0
    outer loop
      vertex 39.4942 -45.1451 2.5
      vertex 39.6757 -45.5288 10
      vertex 39.6757 -45.5288 2.5
    endloop
  endfacet
  facet normal -0.998798 0.0490092 0
    outer loop
      vertex 47.7942 -43.9139 2.5
      vertex 47.815 -43.49 4
      vertex 47.815 -43.49 2.5
    endloop
  endfacet
  facet normal -0.998798 0.0490092 0
    outer loop
      vertex 47.815 -43.49 4
      vertex 47.7942 -43.9139 2.5
      vertex 47.7942 -43.9139 4
    endloop
  endfacet
  facet normal -0.242924 -0.970045 0
    outer loop
      vertex 44.3338 -39.2481 2.5
      vertex 44.7455 -39.3512 10
      vertex 44.3338 -39.2481 10
    endloop
  endfacet
  facet normal -0.242924 -0.970045 -0
    outer loop
      vertex 44.7455 -39.3512 10
      vertex 44.3338 -39.2481 2.5
      vertex 44.7455 -39.3512 2.5
    endloop
  endfacet
  facet normal 0.595656 0.80324 -0
    outer loop
      vertex 41.0872 -47.0861 2.5
      vertex 40.7463 -46.8333 10
      vertex 41.0872 -47.0861 10
    endloop
  endfacet
  facet normal 0.595656 0.80324 0
    outer loop
      vertex 40.7463 -46.8333 10
      vertex 41.0872 -47.0861 2.5
      vertex 40.7463 -46.8333 2.5
    endloop
  endfacet
  facet normal 0.740888 -0.671629 0
    outer loop
      vertex 40.1467 -40.7463 10
      vertex 40.4318 -40.4318 2.5
      vertex 40.4318 -40.4318 10
    endloop
  endfacet
  facet normal 0.740888 -0.671629 0
    outer loop
      vertex 40.4318 -40.4318 2.5
      vertex 40.1467 -40.7463 10
      vertex 40.1467 -40.7463 2.5
    endloop
  endfacet
  facet normal -0.941528 -0.336933 0
    outer loop
      vertex 47.6288 -42.2345 2.5
      vertex 47.4858 -41.8349 10
      vertex 47.4858 -41.8349 2.5
    endloop
  endfacet
  facet normal -0.941528 -0.336933 0
    outer loop
      vertex 47.4858 -41.8349 10
      vertex 47.6288 -42.2345 2.5
      vertex 47.6288 -42.2345 10
    endloop
  endfacet
  facet normal -0.857701 0.514149 0
    outer loop
      vertex 47.0861 -45.8928 2.5
      vertex 47.3043 -45.5288 10
      vertex 47.3043 -45.5288 2.5
    endloop
  endfacet
  facet normal -0.857701 0.514149 0
    outer loop
      vertex 47.3043 -45.5288 10
      vertex 47.0861 -45.8928 2.5
      vertex 47.0861 -45.8928 10
    endloop
  endfacet
  facet normal -0.595656 -0.80324 0
    outer loop
      vertex 45.8928 -39.8939 2.5
      vertex 46.2337 -40.1467 10
      vertex 45.8928 -39.8939 10
    endloop
  endfacet
  facet normal -0.595656 -0.80324 -0
    outer loop
      vertex 46.2337 -40.1467 10
      vertex 45.8928 -39.8939 2.5
      vertex 46.2337 -40.1467 2.5
    endloop
  endfacet
  facet normal -0.336933 -0.941528 0
    outer loop
      vertex 44.7455 -39.3512 2.5
      vertex 45.1451 -39.4942 10
      vertex 44.7455 -39.3512 10
    endloop
  endfacet
  facet normal -0.336933 -0.941528 -0
    outer loop
      vertex 45.1451 -39.4942 10
      vertex 44.7455 -39.3512 2.5
      vertex 45.1451 -39.4942 2.5
    endloop
  endfacet
  facet normal -0.80324 -0.595656 0
    outer loop
      vertex 47.0861 -41.0872 2.5
      vertex 46.8333 -40.7463 10
      vertex 46.8333 -40.7463 2.5
    endloop
  endfacet
  facet normal -0.80324 -0.595656 0
    outer loop
      vertex 46.8333 -40.7463 10
      vertex 47.0861 -41.0872 2.5
      vertex 47.0861 -41.0872 10
    endloop
  endfacet
  facet normal -0.857701 -0.514149 0
    outer loop
      vertex 47.3043 -41.4512 2.5
      vertex 47.0861 -41.0872 10
      vertex 47.0861 -41.0872 2.5
    endloop
  endfacet
  facet normal -0.857701 -0.514149 0
    outer loop
      vertex 47.0861 -41.0872 10
      vertex 47.3043 -41.4512 2.5
      vertex 47.3043 -41.4512 10
    endloop
  endfacet
  facet normal 0.4276 0.903968 -0
    outer loop
      vertex 41.8349 -47.4858 2.5
      vertex 41.4512 -47.3043 10
      vertex 41.8349 -47.4858 10
    endloop
  endfacet
  facet normal 0.4276 0.903968 0
    outer loop
      vertex 41.4512 -47.3043 10
      vertex 41.8349 -47.4858 2.5
      vertex 41.4512 -47.3043 2.5
    endloop
  endfacet
  facet normal 0.970045 0.242924 0
    outer loop
      vertex 39.3512 -44.7455 10
      vertex 39.2481 -44.3338 2.5
      vertex 39.2481 -44.3338 10
    endloop
  endfacet
  facet normal 0.970045 0.242924 0
    outer loop
      vertex 39.2481 -44.3338 2.5
      vertex 39.3512 -44.7455 10
      vertex 39.3512 -44.7455 2.5
    endloop
  endfacet
  facet normal -0.903968 -0.4276 0
    outer loop
      vertex 47.4858 -41.8349 2.5
      vertex 47.3043 -41.4512 10
      vertex 47.3043 -41.4512 2.5
    endloop
  endfacet
  facet normal -0.903968 -0.4276 0
    outer loop
      vertex 47.3043 -41.4512 10
      vertex 47.4858 -41.8349 2.5
      vertex 47.4858 -41.8349 10
    endloop
  endfacet
  facet normal 0.514149 0.857701 -0
    outer loop
      vertex 41.4512 -47.3043 2.5
      vertex 41.0872 -47.0861 10
      vertex 41.4512 -47.3043 10
    endloop
  endfacet
  facet normal 0.514149 0.857701 0
    outer loop
      vertex 41.0872 -47.0861 10
      vertex 41.4512 -47.3043 2.5
      vertex 41.0872 -47.0861 2.5
    endloop
  endfacet
  facet normal -0.4276 0.903968 0
    outer loop
      vertex 45.5288 -47.3043 2.5
      vertex 45.1451 -47.4858 10
      vertex 45.5288 -47.3043 10
    endloop
  endfacet
  facet normal -0.4276 0.903968 0
    outer loop
      vertex 45.1451 -47.4858 10
      vertex 45.5288 -47.3043 2.5
      vertex 45.1451 -47.4858 2.5
    endloop
  endfacet
  facet normal -0.146762 -0.989172 0
    outer loop
      vertex 43.9139 -39.1858 2.5
      vertex 44.3338 -39.2481 10
      vertex 43.9139 -39.1858 10
    endloop
  endfacet
  facet normal -0.146762 -0.989172 -0
    outer loop
      vertex 44.3338 -39.2481 10
      vertex 43.9139 -39.1858 2.5
      vertex 44.3338 -39.2481 2.5
    endloop
  endfacet
  facet normal 0.671629 -0.740888 0
    outer loop
      vertex 40.4318 -40.4318 2.5
      vertex 40.7463 -40.1467 10
      vertex 40.4318 -40.4318 10
    endloop
  endfacet
  facet normal 0.671629 -0.740888 0
    outer loop
      vertex 40.7463 -40.1467 10
      vertex 40.4318 -40.4318 2.5
      vertex 40.7463 -40.1467 2.5
    endloop
  endfacet
  facet normal 0.989172 -0.146762 0
    outer loop
      vertex 39.1858 -43.0661 10
      vertex 39.2481 -42.6462 2.5
      vertex 39.2481 -42.6462 10
    endloop
  endfacet
  facet normal 0.989172 -0.146762 0
    outer loop
      vertex 39.2481 -42.6462 2.5
      vertex 39.1858 -43.0661 10
      vertex 39.1858 -43.0661 2.5
    endloop
  endfacet
  facet normal 0.941528 -0.336933 0
    outer loop
      vertex 39.3512 -42.2345 10
      vertex 39.4942 -41.8349 2.5
      vertex 39.4942 -41.8349 10
    endloop
  endfacet
  facet normal 0.941528 -0.336933 0
    outer loop
      vertex 39.4942 -41.8349 2.5
      vertex 39.3512 -42.2345 10
      vertex 39.3512 -42.2345 2.5
    endloop
  endfacet
  facet normal 0.336933 -0.941528 0
    outer loop
      vertex 41.8349 -39.4942 2.5
      vertex 42.2345 -39.3512 10
      vertex 41.8349 -39.4942 10
    endloop
  endfacet
  facet normal 0.336933 -0.941528 0
    outer loop
      vertex 42.2345 -39.3512 10
      vertex 41.8349 -39.4942 2.5
      vertex 42.2345 -39.3512 2.5
    endloop
  endfacet
  facet normal 0.998798 0.0490092 0
    outer loop
      vertex 39.1858 -43.9139 10
      vertex 39.165 -43.49 2.5
      vertex 39.165 -43.49 10
    endloop
  endfacet
  facet normal 0.998798 0.0490092 0
    outer loop
      vertex 39.165 -43.49 2.5
      vertex 39.1858 -43.9139 10
      vertex 39.1858 -43.9139 2.5
    endloop
  endfacet
  facet normal -0.671629 0.740888 0
    outer loop
      vertex 46.5482 -46.5482 2.5
      vertex 46.2337 -46.8333 10
      vertex 46.5482 -46.5482 10
    endloop
  endfacet
  facet normal -0.671629 0.740888 0
    outer loop
      vertex 46.2337 -46.8333 10
      vertex 46.5482 -46.5482 2.5
      vertex 46.2337 -46.8333 2.5
    endloop
  endfacet
  facet normal 0.0490092 -0.998798 0
    outer loop
      vertex 43.0661 -39.1858 2.5
      vertex 43.49 -39.165 10
      vertex 43.0661 -39.1858 10
    endloop
  endfacet
  facet normal 0.0490092 -0.998798 0
    outer loop
      vertex 43.49 -39.165 10
      vertex 43.0661 -39.1858 2.5
      vertex 43.49 -39.165 2.5
    endloop
  endfacet
  facet normal -0.671629 -0.740888 0
    outer loop
      vertex 46.2337 -40.1467 2.5
      vertex 46.5482 -40.4318 10
      vertex 46.2337 -40.1467 10
    endloop
  endfacet
  facet normal -0.671629 -0.740888 -0
    outer loop
      vertex 46.5482 -40.4318 10
      vertex 46.2337 -40.1467 2.5
      vertex 46.5482 -40.4318 2.5
    endloop
  endfacet
  facet normal 0.80324 -0.595656 0
    outer loop
      vertex 39.8939 -41.0872 10
      vertex 40.1467 -40.7463 2.5
      vertex 40.1467 -40.7463 10
    endloop
  endfacet
  facet normal 0.80324 -0.595656 0
    outer loop
      vertex 40.1467 -40.7463 2.5
      vertex 39.8939 -41.0872 10
      vertex 39.8939 -41.0872 2.5
    endloop
  endfacet
  facet normal 0.740888 0.671629 0
    outer loop
      vertex 40.4318 -46.5482 10
      vertex 40.1467 -46.2337 2.5
      vertex 40.1467 -46.2337 10
    endloop
  endfacet
  facet normal 0.740888 0.671629 0
    outer loop
      vertex 40.1467 -46.2337 2.5
      vertex 40.4318 -46.5482 10
      vertex 40.4318 -46.5482 2.5
    endloop
  endfacet
  facet normal -0.0490092 0.998798 0
    outer loop
      vertex 43.9139 -47.7942 2.5
      vertex 43.49 -47.815 10
      vertex 43.9139 -47.7942 10
    endloop
  endfacet
  facet normal -0.0490092 0.998798 0
    outer loop
      vertex 43.49 -47.815 10
      vertex 43.9139 -47.7942 2.5
      vertex 43.49 -47.815 2.5
    endloop
  endfacet
  facet normal 0.989172 0.146762 0
    outer loop
      vertex 39.2481 -44.3338 10
      vertex 39.1858 -43.9139 2.5
      vertex 39.1858 -43.9139 10
    endloop
  endfacet
  facet normal 0.989172 0.146762 0
    outer loop
      vertex 39.1858 -43.9139 2.5
      vertex 39.2481 -44.3338 10
      vertex 39.2481 -44.3338 2.5
    endloop
  endfacet
  facet normal -0.0490092 -0.998798 0
    outer loop
      vertex 43.49 -39.165 2.5
      vertex 43.9139 -39.1858 10
      vertex 43.49 -39.165 10
    endloop
  endfacet
  facet normal -0.0490092 -0.998798 -0
    outer loop
      vertex 43.9139 -39.1858 10
      vertex 43.49 -39.165 2.5
      vertex 43.9139 -39.1858 2.5
    endloop
  endfacet
  facet normal 0.970045 -0.242924 0
    outer loop
      vertex 39.2481 -42.6462 10
      vertex 39.3512 -42.2345 2.5
      vertex 39.3512 -42.2345 10
    endloop
  endfacet
  facet normal 0.970045 -0.242924 0
    outer loop
      vertex 39.3512 -42.2345 2.5
      vertex 39.2481 -42.6462 10
      vertex 39.2481 -42.6462 2.5
    endloop
  endfacet
  facet normal 0.903968 -0.4276 0
    outer loop
      vertex 39.4942 -41.8349 10
      vertex 39.6757 -41.4512 2.5
      vertex 39.6757 -41.4512 10
    endloop
  endfacet
  facet normal 0.903968 -0.4276 0
    outer loop
      vertex 39.6757 -41.4512 2.5
      vertex 39.4942 -41.8349 10
      vertex 39.4942 -41.8349 2.5
    endloop
  endfacet
  facet normal -0.941528 0.336933 0
    outer loop
      vertex 47.4858 -45.1451 2.5
      vertex 47.6288 -44.7455 10
      vertex 47.6288 -44.7455 2.5
    endloop
  endfacet
  facet normal -0.941528 0.336933 0
    outer loop
      vertex 47.6288 -44.7455 10
      vertex 47.4858 -45.1451 2.5
      vertex 47.4858 -45.1451 10
    endloop
  endfacet
  facet normal 0.671629 0.740888 -0
    outer loop
      vertex 40.7463 -46.8333 2.5
      vertex 40.4318 -46.5482 10
      vertex 40.7463 -46.8333 10
    endloop
  endfacet
  facet normal 0.671629 0.740888 0
    outer loop
      vertex 40.4318 -46.5482 10
      vertex 40.7463 -46.8333 2.5
      vertex 40.4318 -46.5482 2.5
    endloop
  endfacet
  facet normal 0.0490092 0.998798 -0
    outer loop
      vertex 43.49 -47.815 2.5
      vertex 43.0661 -47.7942 10
      vertex 43.49 -47.815 10
    endloop
  endfacet
  facet normal 0.0490092 0.998798 0
    outer loop
      vertex 43.0661 -47.7942 10
      vertex 43.49 -47.815 2.5
      vertex 43.0661 -47.7942 2.5
    endloop
  endfacet
  facet normal 0.998798 -0.0490092 0
    outer loop
      vertex 39.165 -43.49 10
      vertex 39.1858 -43.0661 2.5
      vertex 39.1858 -43.0661 10
    endloop
  endfacet
  facet normal 0.998798 -0.0490092 0
    outer loop
      vertex 39.1858 -43.0661 2.5
      vertex 39.165 -43.49 10
      vertex 39.165 -43.49 2.5
    endloop
  endfacet
  facet normal 0.336933 0.941528 -0
    outer loop
      vertex 42.2345 -47.6288 2.5
      vertex 41.8349 -47.4858 10
      vertex 42.2345 -47.6288 10
    endloop
  endfacet
  facet normal 0.336933 0.941528 0
    outer loop
      vertex 41.8349 -47.4858 10
      vertex 42.2345 -47.6288 2.5
      vertex 41.8349 -47.4858 2.5
    endloop
  endfacet
  facet normal -0.740888 0.671629 0
    outer loop
      vertex 46.5482 -46.5482 2.5
      vertex 46.8333 -46.2337 10
      vertex 46.8333 -46.2337 2.5
    endloop
  endfacet
  facet normal -0.740888 0.671629 0
    outer loop
      vertex 46.8333 -46.2337 10
      vertex 46.5482 -46.5482 2.5
      vertex 46.5482 -46.5482 10
    endloop
  endfacet
  facet normal 0 0 1
    outer loop
      vertex 47.815 -43.49 4
      vertex 49.89 -43.49 4
      vertex 49.8592 -42.8627 4
    endloop
  endfacet
  facet normal 0 0 1
    outer loop
      vertex 47.7942 -43.0661 4
      vertex 49.8592 -42.8627 4
      vertex 49.8336 -42.69 4
    endloop
  endfacet
  facet normal 0 0 1
    outer loop
      vertex 49.89 -43.49 4
      vertex 47.815 -43.49 4
      vertex 49.8592 -44.1173 4
    endloop
  endfacet
  facet normal -0 0 1
    outer loop
      vertex 47.7942 -43.9139 4
      vertex 49.8592 -44.1173 4
      vertex 47.815 -43.49 4
    endloop
  endfacet
  facet normal 0 0 1
    outer loop
      vertex 49.8592 -42.8627 4
      vertex 47.7942 -43.0661 4
      vertex 47.815 -43.49 4
    endloop
  endfacet
  facet normal 0 -0 1
    outer loop
      vertex 47.7942 -43.0661 4
      vertex 49.8336 -42.69 4
      vertex 47.7384 -42.69 4
    endloop
  endfacet
  facet normal 0 0 1
    outer loop
      vertex 49.8592 -44.1173 4
      vertex 47.7942 -43.9139 4
      vertex 49.8336 -44.29 4
    endloop
  endfacet
  facet normal 0 0 1
    outer loop
      vertex 49.8336 -44.29 4
      vertex 47.7942 -43.9139 4
      vertex 47.7384 -44.29 4
    endloop
  endfacet
  facet normal 0 -1 0
    outer loop
      vertex 47.7384 -42.69 4
      vertex 49.8336 -42.69 10
      vertex 47.7384 -42.69 10
    endloop
  endfacet
  facet normal 0 -1 -0
    outer loop
      vertex 49.8336 -42.69 10
      vertex 47.7384 -42.69 4
      vertex 49.8336 -42.69 4
    endloop
  endfacet
  facet normal 0 1 -0
    outer loop
      vertex 49.8336 -44.29 4
      vertex 47.7384 -44.29 10
      vertex 49.8336 -44.29 10
    endloop
  endfacet
  facet normal 0 1 0
    outer loop
      vertex 47.7384 -44.29 10
      vertex 49.8336 -44.29 4
      vertex 47.7384 -44.29 4
    endloop
  endfacet
endsolid OpenSCAD_Model
